image,max_confidence,detections_ge_005,detections_ge_010,detections_ge_025,detections_ge_050
images/train/IMG0001575.jpg,0.831646740436554,1,1,1,1
images/train/IMG0004121.jpg,0.8020730018615723,1,1,1,1
images/train/IMG0000164.jpg,0.7755157947540283,1,1,1,1
images/train/IMG0002219.jpg,0.7328628301620483,3,3,3,1
images/train/IMG0001979.jpg,0.7219226360321045,2,1,1,1
images/train/IMG0004314.jpg,0.7061639428138733,3,2,1,1
images/train/IMG0004243.jpg,0.688843846321106,1,1,1,1
images/train/IMG0000320.jpg,0.6678070425987244,1,1,1,1
images/train/IMG0001721.jpg,0.6561349630355835,1,1,1,1
images/train/IMG0003328.jpg,0.6262049674987793,1,1,1,1
images/train/IMG0000620.jpg,0.5992304682731628,1,1,1,1
images/train/IMG0000229.jpg,0.5698820948600769,5,4,2,1
images/train/IMG0002102.jpg,0.5680484771728516,1,1,1,1
images/train/IMG0001688.jpg,0.5514222979545593,1,1,1,1
images/train/IMG0003076.jpg,0.5418094396591187,1,1,1,1
images/train/IMG0002884.jpg,0.5316641330718994,1,1,1,1
images/train/IMG0000625.jpg,0.5277392864227295,1,1,1,1
images/train/IMG0001131.jpg,0.5248562097549438,1,1,1,1
images/train/IMG0001001.jpg,0.5135647058486938,1,1,1,1
images/train/IMG0001651.jpg,0.5081437826156616,1,1,1,1
images/train/IMG0002822.jpg,0.505589485168457,1,1,1,1
images/train/IMG0004182.jpg,0.5006327629089355,1,1,1,1
images/train/IMG0003814.jpg,0.4943315088748932,1,1,1,0
images/train/IMG0000245.jpg,0.48669353127479553,5,4,2,0
images/train/IMG0002103.jpg,0.4783003628253937,1,1,1,0
images/train/IMG0003479.jpg,0.4774799346923828,2,2,1,0
images/train/IMG0001662.jpg,0.4736177623271942,1,1,1,0
images/train/IMG0003194.jpg,0.47230982780456543,1,1,1,0
images/train/IMG0001717.jpg,0.46888911724090576,1,1,1,0
images/train/IMG0004174.jpg,0.46699750423431396,1,1,1,0
images/train/IMG0003899.jpg,0.442613422870636,1,1,1,0
images/train/IMG0002960.jpg,0.4354659914970398,1,1,1,0
images/train/IMG0000212.jpg,0.40583041310310364,1,1,1,0
images/train/IMG0000081.jpg,0.3894687294960022,4,3,2,0
images/train/IMG0000701.jpg,0.3841446340084076,1,1,1,0
images/train/IMG0004286.jpg,0.38316377997398376,2,1,1,0
images/train/IMG0004270.jpg,0.3742195963859558,1,1,1,0
images/train/IMG0001533.jpg,0.36966466903686523,1,1,1,0
images/train/IMG0003784.jpg,0.36734840273857117,1,1,1,0
images/train/IMG0002730.jpg,0.3370063900947571,1,1,1,0
images/train/IMG0002821.jpg,0.33557406067848206,1,1,1,0
images/train/IMG0001370.jpg,0.3318902850151062,2,1,1,0
images/train/IMG0003428.jpg,0.3305855691432953,1,1,1,0
images/train/IMG0000585.jpg,0.3300727307796478,1,1,1,0
images/train/IMG0002712.jpg,0.32707861065864563,1,1,1,0
images/train/IMG0000082.jpg,0.3266852796077728,1,1,1,0
images/train/IMG0003527.jpg,0.3252611756324768,1,1,1,0
images/train/IMG0003358.jpg,0.3215423822402954,1,1,1,0
images/train/IMG0000012.jpg,0.31529656052589417,2,1,1,0
images/train/IMG0002234.jpg,0.30613768100738525,2,1,1,0
images/train/IMG0002940.jpg,0.304961234331131,1,1,1,0
images/train/IMG0000875.jpg,0.3018651604652405,1,1,1,0
images/train/IMG0001775.jpg,0.30129820108413696,1,1,1,0
images/train/IMG0000131.jpg,0.30096152424812317,1,1,1,0
images/train/IMG0001529.jpg,0.299834668636322,1,1,1,0
images/train/IMG0000038.jpg,0.2977384924888611,1,1,1,0
images/train/IMG0003326.jpg,0.2970218360424042,1,1,1,0
images/train/IMG0002117.jpg,0.294385701417923,2,1,1,0
images/train/IMG0001389.jpg,0.29054465889930725,1,1,1,0
images/train/IMG0003891.jpg,0.286703884601593,1,1,1,0
images/train/IMG0003568.jpg,0.2861635982990265,1,1,1,0
images/train/IMG0000815.jpg,0.28191816806793213,1,1,1,0
images/train/IMG0000276.jpg,0.2791081666946411,1,1,1,0
images/train/IMG0004372.jpg,0.2744566798210144,1,1,1,0
images/train/IMG0002948.jpg,0.2717101275920868,1,1,1,0
images/train/IMG0004265.jpg,0.2717101275920868,1,1,1,0
images/train/IMG0001213.jpg,0.2563924491405487,1,1,1,0
images/train/IMG0001201.jpg,0.24906721711158752,2,2,0,0
images/train/IMG0002860.jpg,0.2453867793083191,1,1,0,0
images/train/IMG0003853.jpg,0.24149325489997864,1,1,0,0
images/train/IMG0003426.jpg,0.24075950682163239,2,2,0,0
images/train/IMG0000008.jpg,0.23797009885311127,2,1,0,0
images/train/IMG0003204.jpg,0.23731793463230133,1,1,0,0
images/train/IMG0003465.jpg,0.23382633924484253,2,1,0,0
images/train/IMG0002000.jpg,0.2336367517709732,1,1,0,0
images/train/IMG0001212.jpg,0.23309136927127838,1,1,0,0
images/train/IMG0002112.jpg,0.22749312222003937,1,1,0,0
images/train/IMG0000034.jpg,0.22463154792785645,4,3,0,0
images/train/IMG0000096.jpg,0.2232469618320465,1,1,0,0
images/train/IMG0000968.jpg,0.2194010317325592,1,1,0,0
images/train/IMG0003646.jpg,0.21674858033657074,1,1,0,0
images/train/IMG0002160.jpg,0.21512062847614288,1,1,0,0
images/train/IMG0000246.jpg,0.214146688580513,1,1,0,0
images/train/IMG0000765.jpg,0.21055451035499573,1,1,0,0
images/train/IMG0003710.jpg,0.21031177043914795,3,1,0,0
images/train/IMG0002205.jpg,0.20996835827827454,1,1,0,0
images/train/IMG0003740.jpg,0.20725803077220917,1,1,0,0
images/train/IMG0004148.jpg,0.20388950407505035,1,1,0,0
images/train/IMG0002924.jpg,0.20388348400592804,1,1,0,0
images/train/IMG0000709.jpg,0.20387472212314606,1,1,0,0
images/train/IMG0001480.jpg,0.19877047836780548,1,1,0,0
images/train/IMG0002921.jpg,0.1982685923576355,1,1,0,0
images/train/IMG0003949.jpg,0.19670772552490234,2,2,0,0
images/train/IMG0001847.jpg,0.19663043320178986,1,1,0,0
images/train/IMG0002793.jpg,0.1957753300666809,1,1,0,0
images/train/IMG0003604.jpg,0.1933465451002121,1,1,0,0
images/train/IMG0002792.jpg,0.1918664574623108,1,1,0,0
images/train/IMG0003058.jpg,0.19155558943748474,1,1,0,0
images/train/IMG0002964.jpg,0.19069348275661469,1,1,0,0
images/train/IMG0003170.jpg,0.19058871269226074,2,1,0,0
images/train/IMG0000234.jpg,0.19019518792629242,1,1,0,0
images/train/IMG0002214.jpg,0.18992894887924194,1,1,0,0
images/train/IMG0003706.jpg,0.18863964080810547,1,1,0,0
images/train/IMG0004017.jpg,0.1868811994791031,2,1,0,0
images/train/IMG0002636.jpg,0.18540078401565552,1,1,0,0
images/train/IMG0000863.jpg,0.1830848604440689,1,1,0,0
images/train/IMG0001768.jpg,0.1827666461467743,1,1,0,0
images/train/IMG0001324.jpg,0.18146902322769165,1,1,0,0
images/train/IMG0000656.jpg,0.18130099773406982,1,1,0,0
images/train/IMG0003642.jpg,0.1806296557188034,1,1,0,0
images/train/IMG0000397.jpg,0.18010659515857697,1,1,0,0
images/train/IMG0001035.jpg,0.17993028461933136,2,1,0,0
images/train/IMG0001289.jpg,0.17976287007331848,1,1,0,0
images/train/IMG0003181.jpg,0.17907649278640747,1,1,0,0
images/train/IMG0001204.jpg,0.17819906771183014,1,1,0,0
images/train/IMG0001600.jpg,0.17652975022792816,1,1,0,0
images/train/IMG0003352.jpg,0.1757664829492569,1,1,0,0
images/train/IMG0002220.jpg,0.1754036247730255,2,1,0,0
images/train/IMG0000382.jpg,0.17443500459194183,2,2,0,0
images/train/IMG0000497.jpg,0.17424507439136505,1,1,0,0
images/train/IMG0000084.jpg,0.17271138727664948,1,1,0,0
images/train/IMG0003260.jpg,0.17163410782814026,1,1,0,0
images/train/IMG0002235.jpg,0.17055203020572662,1,1,0,0
images/train/IMG0000967.jpg,0.16970747709274292,1,1,0,0
images/train/IMG0001240.jpg,0.16895046830177307,1,1,0,0
images/train/IMG0000693.jpg,0.1640768051147461,1,1,0,0
images/train/IMG0001263.jpg,0.16309256851673126,1,1,0,0
images/train/IMG0002795.jpg,0.1630706936120987,1,1,0,0
images/train/IMG0003186.jpg,0.1614394336938858,2,2,0,0
images/train/IMG0001162.jpg,0.1610284000635147,1,1,0,0
images/train/IMG0004149.jpg,0.16047926247119904,1,1,0,0
images/train/IMG0000914.jpg,0.1598866730928421,2,1,0,0
images/train/IMG0000329.jpg,0.15975382924079895,1,1,0,0
images/train/IMG0003670.jpg,0.15855097770690918,1,1,0,0
images/train/IMG0000785.jpg,0.1564602106809616,1,1,0,0
images/train/IMG0003322.jpg,0.15632671117782593,2,1,0,0
images/train/IMG0000799.jpg,0.15627935528755188,1,1,0,0
images/train/IMG0001179.jpg,0.15574027597904205,2,2,0,0
images/train/IMG0000384.jpg,0.1556701362133026,1,1,0,0
images/train/IMG0001588.jpg,0.15427568554878235,1,1,0,0
images/train/IMG0000796.jpg,0.15264448523521423,1,1,0,0
images/train/IMG0000383.jpg,0.15262968838214874,1,1,0,0
images/train/IMG0004154.jpg,0.15245603024959564,1,1,0,0
images/train/IMG0002876.jpg,0.149013951420784,1,1,0,0
images/train/IMG0003639.jpg,0.14861682057380676,2,1,0,0
images/train/IMG0000091.jpg,0.14618530869483948,1,1,0,0
images/train/IMG0002782.jpg,0.1436392217874527,1,1,0,0
images/train/IMG0001701.jpg,0.1423189491033554,1,1,0,0
images/train/IMG0003425.jpg,0.14214640855789185,1,1,0,0
images/train/IMG0003720.jpg,0.14163212478160858,1,1,0,0
images/train/IMG0004273.jpg,0.13982337713241577,1,1,0,0
images/train/IMG0000623.jpg,0.13974906504154205,1,1,0,0
images/train/IMG0002634.jpg,0.1360347867012024,1,1,0,0
images/train/IMG0000743.jpg,0.13386256992816925,1,1,0,0
images/train/IMG0003141.jpg,0.1326524168252945,1,1,0,0
images/train/IMG0001772.jpg,0.13235309720039368,1,1,0,0
images/train/IMG0003295.jpg,0.1297348141670227,1,1,0,0
images/train/IMG0003577.jpg,0.1285061240196228,1,1,0,0
images/train/IMG0003865.jpg,0.12785156071186066,1,1,0,0
images/train/IMG0001446.jpg,0.12739156186580658,1,1,0,0
images/train/IMG0001178.jpg,0.1265745311975479,1,1,0,0
images/train/IMG0000016.jpg,0.1263527125120163,1,1,0,0
images/train/IMG0001084.jpg,0.12497898936271667,1,1,0,0
images/train/IMG0000249.jpg,0.12401390075683594,1,1,0,0
images/train/IMG0001294.jpg,0.1238507553935051,1,1,0,0
images/train/IMG0003934.jpg,0.12355346232652664,2,1,0,0
images/train/IMG0000846.jpg,0.12058188766241074,2,2,0,0
images/train/IMG0000130.jpg,0.12054514139890671,2,1,0,0
images/train/IMG0001850.jpg,0.12036877870559692,1,1,0,0
images/train/IMG0000619.jpg,0.11937935650348663,1,1,0,0
images/train/IMG0002146.jpg,0.11906921118497849,1,1,0,0
images/train/IMG0003888.jpg,0.11903145909309387,1,1,0,0
images/train/IMG0000582.jpg,0.1176626905798912,1,1,0,0
images/train/IMG0001528.jpg,0.1171068623661995,2,1,0,0
images/train/IMG0001982.jpg,0.11644420772790909,1,1,0,0
images/train/IMG0000050.jpg,0.1162053570151329,1,1,0,0
images/train/IMG0003726.jpg,0.11474405229091644,1,1,0,0
images/train/IMG0002616.jpg,0.1140764132142067,1,1,0,0
images/train/IMG0000410.jpg,0.11373364925384521,1,1,0,0
images/train/IMG0003991.jpg,0.1136755496263504,1,1,0,0
images/train/IMG0001172.jpg,0.11350741237401962,2,1,0,0
images/train/IMG0003416.jpg,0.11247043311595917,1,1,0,0
images/train/IMG0000308.jpg,0.1122828871011734,3,1,0,0
images/train/IMG0000296.jpg,0.10990651696920395,1,1,0,0
images/train/IMG0002118.jpg,0.10938460379838943,1,1,0,0
images/train/IMG0000906.jpg,0.10818228125572205,1,1,0,0
images/train/IMG0001678.jpg,0.10599137842655182,1,1,0,0
images/train/IMG0001700.jpg,0.10450516641139984,1,1,0,0
images/train/IMG0000683.jpg,0.10408030450344086,1,1,0,0
images/train/IMG0000586.jpg,0.10346143692731857,1,1,0,0
images/train/IMG0001337.jpg,0.1025429219007492,1,1,0,0
images/train/IMG0001081.jpg,0.1022164598107338,1,1,0,0
images/train/IMG0000301.jpg,0.10177642852067947,1,1,0,0
images/train/IMG0002757.jpg,0.101434625685215,1,1,0,0
images/train/IMG0003155.jpg,0.10140171647071838,1,1,0,0
images/train/IMG0000719.jpg,0.10119634866714478,1,1,0,0
images/train/IMG0002845.jpg,0.09999562054872513,2,0,0,0
images/train/IMG0000994.jpg,0.09906031936407089,1,0,0,0
images/train/IMG0000706.jpg,0.0985274389386177,1,0,0,0
images/train/IMG0001286.jpg,0.09831490367650986,1,0,0,0
images/train/IMG0000172.jpg,0.09829828888177872,1,0,0,0
images/train/IMG0003104.jpg,0.09820573031902313,1,0,0,0
images/train/IMG0000924.jpg,0.09805595874786377,1,0,0,0
images/train/IMG0002956.jpg,0.09781049937009811,1,0,0,0
images/train/IMG0004260.jpg,0.09781049937009811,1,0,0,0
images/train/IMG0004019.jpg,0.09751807153224945,1,0,0,0
images/train/IMG0001104.jpg,0.09708241373300552,1,0,0,0
images/train/IMG0000267.jpg,0.09684763848781586,1,0,0,0
images/train/IMG0002044.jpg,0.09598162025213242,1,0,0,0
images/train/IMG0001514.jpg,0.0954476073384285,1,0,0,0
images/train/IMG0003455.jpg,0.09436894953250885,1,0,0,0
images/train/IMG0003605.jpg,0.09427396953105927,1,0,0,0
images/train/IMG0001593.jpg,0.09369079023599625,1,0,0,0
images/train/IMG0000590.jpg,0.09331588447093964,1,0,0,0
images/train/IMG0004371.jpg,0.09258312731981277,1,0,0,0
images/train/IMG0001891.jpg,0.09247556328773499,1,0,0,0
images/train/IMG0000186.jpg,0.09185100346803665,1,0,0,0
images/train/IMG0002162.jpg,0.09076117724180222,2,0,0,0
images/train/IMG0003838.jpg,0.09021506458520889,1,0,0,0
images/train/IMG0001505.jpg,0.09014206379652023,2,0,0,0
images/train/IMG0002637.jpg,0.08992715924978256,1,0,0,0
images/train/IMG0003750.jpg,0.08969881385564804,1,0,0,0
images/train/IMG0003023.jpg,0.08887673169374466,1,0,0,0
images/train/IMG0003500.jpg,0.08774129301309586,1,0,0,0
images/train/IMG0001628.jpg,0.08774031698703766,1,0,0,0
images/train/IMG0002230.jpg,0.08752007782459259,1,0,0,0
images/train/IMG0000426.jpg,0.08707889169454575,1,0,0,0
images/train/IMG0003162.jpg,0.08650598675012589,1,0,0,0
images/train/IMG0000314.jpg,0.0863947793841362,1,0,0,0
images/train/IMG0000295.jpg,0.08630301803350449,2,0,0,0
images/train/IMG0001596.jpg,0.08606114238500595,1,0,0,0
images/train/IMG0001114.jpg,0.08592797815799713,1,0,0,0
images/train/IMG0000736.jpg,0.08576954901218414,1,0,0,0
images/train/IMG0000665.jpg,0.0856340155005455,1,0,0,0
images/train/IMG0003623.jpg,0.08543060719966888,1,0,0,0
images/train/IMG0003448.jpg,0.08445572853088379,1,0,0,0
images/train/IMG0000065.jpg,0.08418905735015869,1,0,0,0
images/train/IMG0001281.jpg,0.08344139903783798,1,0,0,0
images/train/IMG0002825.jpg,0.0830133929848671,1,0,0,0
images/train/IMG0001527.jpg,0.08293753862380981,1,0,0,0
images/train/IMG0000062.jpg,0.08271760493516922,1,0,0,0
images/train/IMG0003753.jpg,0.08247191458940506,2,0,0,0
images/train/IMG0001297.jpg,0.08227184414863586,1,0,0,0
images/train/IMG0003480.jpg,0.08188538253307343,1,0,0,0
images/train/IMG0000161.jpg,0.081718310713768,1,0,0,0
images/train/IMG0000867.jpg,0.08154211193323135,1,0,0,0
images/train/IMG0003780.jpg,0.08133157342672348,1,0,0,0
images/train/IMG0002968.jpg,0.08043298125267029,1,0,0,0
images/train/IMG0000219.jpg,0.0800144225358963,1,0,0,0
images/train/IMG0002993.jpg,0.07984817028045654,1,0,0,0
images/train/IMG0003015.jpg,0.07903285324573517,1,0,0,0
images/train/IMG0003650.jpg,0.07715169340372086,1,0,0,0
images/train/IMG0000198.jpg,0.07676533609628677,1,0,0,0
images/train/IMG0001099.jpg,0.0766126960515976,1,0,0,0
images/train/IMG0004179.jpg,0.07622439414262772,1,0,0,0
images/train/IMG0001932.jpg,0.07613066583871841,1,0,0,0
images/train/IMG0003417.jpg,0.07603567838668823,1,0,0,0
images/train/IMG0002688.jpg,0.07598868757486343,1,0,0,0
images/train/IMG0003596.jpg,0.07572484761476517,1,0,0,0
images/train/IMG0003637.jpg,0.0753549188375473,1,0,0,0
images/train/IMG0003284.jpg,0.07528186589479446,2,0,0,0
images/train/IMG0002794.jpg,0.07525958865880966,1,0,0,0
images/train/IMG0001793.jpg,0.07472862303256989,1,0,0,0
images/train/IMG0002266.jpg,0.07464386522769928,1,0,0,0
images/train/IMG0002895.jpg,0.07370340079069138,1,0,0,0
images/train/IMG0003245.jpg,0.07357465475797653,1,0,0,0
images/train/IMG0002852.jpg,0.07313963025808334,2,0,0,0
images/train/IMG0003511.jpg,0.07282070815563202,1,0,0,0
images/train/IMG0003501.jpg,0.07269995659589767,1,0,0,0
images/train/IMG0001613.jpg,0.07256844639778137,1,0,0,0
images/train/IMG0000162.jpg,0.07246366888284683,1,0,0,0
images/train/IMG0003739.jpg,0.07208563387393951,1,0,0,0
images/train/IMG0003391.jpg,0.07187286019325256,1,0,0,0
images/train/IMG0001954.jpg,0.07143792510032654,2,0,0,0
images/train/IMG0000088.jpg,0.0713072121143341,1,0,0,0
images/train/IMG0003849.jpg,0.07036564499139786,1,0,0,0
images/train/IMG0000925.jpg,0.07000502198934555,1,0,0,0
images/train/IMG0000715.jpg,0.06954991817474365,1,0,0,0
images/train/IMG0003135.jpg,0.06944449245929718,1,0,0,0
images/train/IMG0003521.jpg,0.06917630136013031,1,0,0,0
images/train/IMG0003725.jpg,0.06912513822317123,1,0,0,0
images/train/IMG0001634.jpg,0.06842832267284393,1,0,0,0
images/train/IMG0001794.jpg,0.06790152192115784,1,0,0,0
images/train/IMG0000133.jpg,0.06771232932806015,1,0,0,0
images/train/IMG0002104.jpg,0.06770931929349899,1,0,0,0
images/train/IMG0000483.jpg,0.06770223379135132,1,0,0,0
images/train/IMG0002116.jpg,0.06768964231014252,1,0,0,0
images/train/IMG0001719.jpg,0.06672876328229904,2,0,0,0
images/train/IMG0000778.jpg,0.06649019569158554,1,0,0,0
images/train/IMG0001597.jpg,0.06554640084505081,1,0,0,0
images/train/IMG0003837.jpg,0.06543626636266708,2,0,0,0
images/train/IMG0003618.jpg,0.06522664427757263,1,0,0,0
images/train/IMG0001085.jpg,0.06504371762275696,2,0,0,0
images/train/IMG0003807.jpg,0.06503096222877502,1,0,0,0
images/train/IMG0002912.jpg,0.06502098590135574,1,0,0,0
images/train/IMG0001315.jpg,0.06500391662120819,1,0,0,0
images/train/IMG0003554.jpg,0.06499817967414856,1,0,0,0
images/train/IMG0001083.jpg,0.06397048383951187,1,0,0,0
images/train/IMG0002936.jpg,0.06378605961799622,1,0,0,0
images/train/IMG0000662.jpg,0.06329777836799622,1,0,0,0
images/train/IMG0001892.jpg,0.06325826048851013,2,0,0,0
images/train/IMG0004297.jpg,0.06279827654361725,1,0,0,0
images/train/IMG0001422.jpg,0.06259080767631531,1,0,0,0
images/train/IMG0001181.jpg,0.06241486594080925,1,0,0,0
images/train/IMG0001619.jpg,0.0623578242957592,1,0,0,0
images/train/IMG0002031.jpg,0.06220412999391556,1,0,0,0
images/train/IMG0000037.jpg,0.062194567173719406,1,0,0,0
images/train/IMG0000491.jpg,0.06190012767910957,1,0,0,0
images/train/IMG0002083.jpg,0.0610613189637661,2,0,0,0
images/train/IMG0002944.jpg,0.06033328175544739,1,0,0,0
images/train/IMG0000043.jpg,0.05917767062783241,1,0,0,0
images/train/IMG0000427.jpg,0.058987077325582504,2,0,0,0
images/train/IMG0002132.jpg,0.058694228529930115,1,0,0,0
images/train/IMG0000177.jpg,0.05866914987564087,1,0,0,0
images/train/IMG0001728.jpg,0.058528393507003784,1,0,0,0
images/train/IMG0003992.jpg,0.05846518278121948,1,0,0,0
images/train/IMG0001746.jpg,0.058351967483758926,1,0,0,0
images/train/IMG0003737.jpg,0.05821548402309418,2,0,0,0
images/train/IMG0003316.jpg,0.05757032334804535,1,0,0,0
images/train/IMG0001554.jpg,0.057104840874671936,1,0,0,0
images/train/IMG0001344.jpg,0.05700963735580444,1,0,0,0
images/train/IMG0003801.jpg,0.05687863007187843,1,0,0,0
images/train/IMG0003251.jpg,0.05682588368654251,1,0,0,0
images/train/IMG0002869.jpg,0.05666710436344147,1,0,0,0
images/train/IMG0001374.jpg,0.05649041384458542,2,0,0,0
images/train/IMG0004189.jpg,0.056379832327365875,1,0,0,0
images/train/IMG0002281.jpg,0.05631609261035919,1,0,0,0
images/train/IMG0000510.jpg,0.056298281997442245,1,0,0,0
images/train/IMG0000032.jpg,0.05627750605344772,1,0,0,0
images/train/IMG0002896.jpg,0.05607994645833969,1,0,0,0
images/train/IMG0001522.jpg,0.05600941553711891,1,0,0,0
images/train/IMG0001967.jpg,0.0558607280254364,1,0,0,0
images/train/IMG0003039.jpg,0.05514666438102722,1,0,0,0
images/train/IMG0000028.jpg,0.05508869141340256,1,0,0,0
images/train/IMG0003789.jpg,0.0550585500895977,1,0,0,0
images/train/IMG0000148.jpg,0.05497483164072037,1,0,0,0
images/train/IMG0003537.jpg,0.05493615195155144,1,0,0,0
images/train/IMG0001387.jpg,0.05466547608375549,1,0,0,0
images/train/IMG0000803.jpg,0.0544053390622139,1,0,0,0
images/train/IMG0000834.jpg,0.05424792692065239,1,0,0,0
images/train/IMG0001402.jpg,0.054243870079517365,1,0,0,0
images/train/IMG0003678.jpg,0.05385644733905792,1,0,0,0
images/train/IMG0003036.jpg,0.05369121953845024,1,0,0,0
images/train/IMG0003087.jpg,0.05352247133851051,1,0,0,0
images/train/IMG0001879.jpg,0.053436484187841415,1,0,0,0
images/train/IMG0003003.jpg,0.053192850202322006,1,0,0,0
images/train/IMG0003471.jpg,0.05313025787472725,1,0,0,0
images/train/IMG0000182.jpg,0.052958834916353226,1,0,0,0
images/train/IMG0003002.jpg,0.05285561457276344,1,0,0,0
images/train/IMG0004277.jpg,0.05285561457276344,1,0,0,0
images/train/IMG0001579.jpg,0.05280393362045288,1,0,0,0
images/train/IMG0002290.jpg,0.05278826877474785,1,0,0,0
images/train/IMG0003440.jpg,0.052663855254650116,1,0,0,0
images/train/IMG0003738.jpg,0.05222754180431366,1,0,0,0
images/train/IMG0002969.jpg,0.05211915448307991,1,0,0,0
images/train/IMG0002694.jpg,0.05192961171269417,1,0,0,0
images/train/IMG0004096.jpg,0.05192961171269417,1,0,0,0
images/train/IMG0002702.jpg,0.05165289714932442,1,0,0,0
images/train/IMG0002221.jpg,0.051484208554029465,1,0,0,0
images/train/IMG0003964.jpg,0.05132279917597771,1,0,0,0
images/train/IMG0000264.jpg,0.051283832639455795,1,0,0,0
images/train/IMG0000111.jpg,0.05059519410133362,1,0,0,0
images/train/IMG0000910.jpg,0.050576597452163696,1,0,0,0
images/train/IMG0001928.jpg,0.050387028604745865,1,0,0,0
images/train/IMG0002184.jpg,0.04999912157654762,0,0,0,0
images/train/IMG0000265.jpg,0.049905478954315186,0,0,0,0
images/train/IMG0000595.jpg,0.04951230809092522,0,0,0,0
images/train/IMG0001256.jpg,0.04933280125260353,0,0,0,0
images/train/IMG0000515.jpg,0.049311574548482895,0,0,0,0
images/train/IMG0003811.jpg,0.049078620970249176,0,0,0,0
images/train/IMG0002268.jpg,0.04888823255896568,0,0,0,0
images/train/IMG0003054.jpg,0.04851629212498665,0,0,0,0
images/train/IMG0003084.jpg,0.048455771058797836,0,0,0,0
images/train/IMG0000293.jpg,0.048048678785562515,0,0,0,0
images/train/IMG0003998.jpg,0.0479678139090538,0,0,0,0
images/train/IMG0004092.jpg,0.04777497798204422,0,0,0,0
images/train/IMG0001465.jpg,0.04773218557238579,0,0,0,0
images/train/IMG0001604.jpg,0.04690307378768921,0,0,0,0
images/train/IMG0003759.jpg,0.046591926366090775,0,0,0,0
images/train/IMG0000051.jpg,0.04657185077667236,0,0,0,0
images/train/IMG0003562.jpg,0.04639337211847305,0,0,0,0
images/train/IMG0001975.jpg,0.046286385506391525,0,0,0,0
images/train/IMG0002288.jpg,0.04542268440127373,0,0,0,0
images/train/IMG0001393.jpg,0.04530027508735657,0,0,0,0
images/train/IMG0002913.jpg,0.0450252927839756,0,0,0,0
images/train/IMG0001319.jpg,0.0448036827147007,0,0,0,0
images/train/IMG0000315.jpg,0.04412887990474701,0,0,0,0
images/train/IMG0002253.jpg,0.04370255768299103,0,0,0,0
images/train/IMG0001226.jpg,0.043615810573101044,0,0,0,0
images/train/IMG0001355.jpg,0.04356684908270836,0,0,0,0
images/train/IMG0003350.jpg,0.043475501239299774,0,0,0,0
images/train/IMG0000097.jpg,0.04324432462453842,0,0,0,0
images/train/IMG0003347.jpg,0.04318176954984665,0,0,0,0
images/train/IMG0001641.jpg,0.04295870661735535,0,0,0,0
images/train/IMG0000107.jpg,0.04265599325299263,0,0,0,0
images/train/IMG0004259.jpg,0.042260315269231796,0,0,0,0
images/train/IMG0003040.jpg,0.042012568563222885,0,0,0,0
images/train/IMG0004280.jpg,0.041621867567300797,0,0,0,0
images/train/IMG0001384.jpg,0.04156527668237686,0,0,0,0
images/train/IMG0001924.jpg,0.04148925095796585,0,0,0,0
images/train/IMG0001455.jpg,0.041158854961395264,0,0,0,0
images/train/IMG0003580.jpg,0.04112755134701729,0,0,0,0
images/train/IMG0002246.jpg,0.04109138622879982,0,0,0,0
images/train/IMG0003114.jpg,0.0409737229347229,0,0,0,0
images/train/IMG0002251.jpg,0.04093693941831589,0,0,0,0
images/train/IMG0003929.jpg,0.04086201265454292,0,0,0,0
images/train/IMG0000055.jpg,0.04071258008480072,0,0,0,0
images/train/IMG0002134.jpg,0.04068534076213837,0,0,0,0
images/train/IMG0000201.jpg,0.040307968854904175,0,0,0,0
images/train/IMG0001060.jpg,0.040241241455078125,0,0,0,0
images/train/IMG0000123.jpg,0.03982779383659363,0,0,0,0
images/train/IMG0001714.jpg,0.03973887115716934,0,0,0,0
images/train/IMG0000175.jpg,0.03947808966040611,0,0,0,0
images/train/IMG0000280.jpg,0.03942595794796944,0,0,0,0
images/train/IMG0003160.jpg,0.0392175130546093,0,0,0,0
images/train/IMG0000685.jpg,0.039020050317049026,0,0,0,0
images/train/IMG0001458.jpg,0.038963623344898224,0,0,0,0
images/train/IMG0000782.jpg,0.0385383702814579,0,0,0,0
images/train/IMG0000713.jpg,0.0384337343275547,0,0,0,0
images/train/IMG0002101.jpg,0.037983886897563934,0,0,0,0
images/train/IMG0003745.jpg,0.0379558764398098,0,0,0,0
images/train/IMG0003548.jpg,0.03792320564389229,0,0,0,0
images/train/IMG0000150.jpg,0.03786701709032059,0,0,0,0
images/train/IMG0000561.jpg,0.03773022070527077,0,0,0,0
images/train/IMG0000184.jpg,0.0376865491271019,0,0,0,0
images/train/IMG0003300.jpg,0.0376034751534462,0,0,0,0
images/train/IMG0003665.jpg,0.037421755492687225,0,0,0,0
images/train/IMG0000601.jpg,0.03729386627674103,0,0,0,0
images/train/IMG0000431.jpg,0.03727063909173012,0,0,0,0
images/train/IMG0000553.jpg,0.03726658597588539,0,0,0,0
images/train/IMG0003702.jpg,0.03719931095838547,0,0,0,0
images/train/IMG0002759.jpg,0.036876365542411804,0,0,0,0
images/train/IMG0003096.jpg,0.03683934733271599,0,0,0,0
images/train/IMG0000705.jpg,0.03675982356071472,0,0,0,0
images/train/IMG0000388.jpg,0.03663599491119385,0,0,0,0
images/train/IMG0002163.jpg,0.036517079919576645,0,0,0,0
images/train/IMG0000122.jpg,0.036331743001937866,0,0,0,0
images/train/IMG0002870.jpg,0.03632461652159691,0,0,0,0
images/train/IMG0001769.jpg,0.036158084869384766,0,0,0,0
images/train/IMG0003993.jpg,0.03604932874441147,0,0,0,0
images/train/IMG0000721.jpg,0.035996127873659134,0,0,0,0
images/train/IMG0000919.jpg,0.03572901710867882,0,0,0,0
images/train/IMG0001100.jpg,0.03571270778775215,0,0,0,0
images/train/IMG0000260.jpg,0.03571174666285515,0,0,0,0
images/train/IMG0000938.jpg,0.035672448575496674,0,0,0,0
images/train/IMG0000946.jpg,0.035411715507507324,0,0,0,0
images/train/IMG0001754.jpg,0.03527682647109032,0,0,0,0
images/train/IMG0002780.jpg,0.035218216478824615,0,0,0,0
images/train/IMG0000373.jpg,0.03508840873837471,0,0,0,0
images/train/IMG0001241.jpg,0.03501342982053757,0,0,0,0
images/train/IMG0000669.jpg,0.03496690094470978,0,0,0,0
images/train/IMG0003512.jpg,0.034942373633384705,0,0,0,0
images/train/IMG0001481.jpg,0.03492046147584915,0,0,0,0
images/train/IMG0000929.jpg,0.034767333418130875,0,0,0,0
images/train/IMG0000236.jpg,0.03463493660092354,0,0,0,0
images/train/IMG0001610.jpg,0.03422408923506737,0,0,0,0
images/train/IMG0000678.jpg,0.03419141471385956,0,0,0,0
images/train/IMG0002665.jpg,0.03408680483698845,0,0,0,0
images/train/IMG0003086.jpg,0.03407641872763634,0,0,0,0
images/train/IMG0003749.jpg,0.03394908085465431,0,0,0,0
images/train/IMG0000227.jpg,0.03394521772861481,0,0,0,0
images/train/IMG0002967.jpg,0.03389344736933708,0,0,0,0
images/train/IMG0003468.jpg,0.03383171930909157,0,0,0,0
images/train/IMG0002067.jpg,0.03382004797458649,0,0,0,0
images/train/IMG0001697.jpg,0.033643584698438644,0,0,0,0
images/train/IMG0004134.jpg,0.0335497185587883,0,0,0,0
images/train/IMG0000903.jpg,0.03338952362537384,0,0,0,0
images/train/IMG0001341.jpg,0.03330237790942192,0,0,0,0
images/train/IMG0001543.jpg,0.03321045637130737,0,0,0,0
images/train/IMG0003385.jpg,0.03319966048002243,0,0,0,0
images/train/IMG0001180.jpg,0.033177752047777176,0,0,0,0
images/train/IMG0002721.jpg,0.03317245841026306,0,0,0,0
images/train/IMG0001032.jpg,0.032909177243709564,0,0,0,0
images/train/IMG0003711.jpg,0.03284106031060219,0,0,0,0
images/train/IMG0000068.jpg,0.0324833020567894,0,0,0,0
images/train/IMG0001657.jpg,0.03243149816989899,0,0,0,0
images/train/IMG0001314.jpg,0.0324002243578434,0,0,0,0
images/train/IMG0000093.jpg,0.03220239281654358,0,0,0,0
images/train/IMG0002734.jpg,0.03218986466526985,0,0,0,0
images/train/IMG0002276.jpg,0.03218315914273262,0,0,0,0
images/train/IMG0000000.jpg,0.032060179859399796,0,0,0,0
images/train/IMG0003744.jpg,0.03180627524852753,0,0,0,0
images/train/IMG0000657.jpg,0.031799960881471634,0,0,0,0
images/train/IMG0000281.jpg,0.031644124537706375,0,0,0,0
images/train/IMG0001756.jpg,0.03160986304283142,0,0,0,0
images/train/IMG0002938.jpg,0.03155820071697235,0,0,0,0
images/train/IMG0003370.jpg,0.03155502676963806,0,0,0,0
images/train/IMG0003724.jpg,0.03138405457139015,0,0,0,0
images/train/IMG0002957.jpg,0.031292643398046494,0,0,0,0
images/train/IMG0000604.jpg,0.03128780052065849,0,0,0,0
images/train/IMG0002854.jpg,0.03127986937761307,0,0,0,0
images/train/IMG0000226.jpg,0.031229019165039062,0,0,0,0
images/train/IMG0004020.jpg,0.0311006810516119,0,0,0,0
images/train/IMG0003013.jpg,0.031095998361706734,0,0,0,0
images/train/IMG0003827.jpg,0.031057795509696007,0,0,0,0
images/train/IMG0001129.jpg,0.030781053006649017,0,0,0,0
images/train/IMG0000067.jpg,0.030632777139544487,0,0,0,0
images/train/IMG0003012.jpg,0.03063223324716091,0,0,0,0
images/train/IMG0000208.jpg,0.03053564578294754,0,0,0,0
images/train/IMG0000006.jpg,0.030383318662643433,0,0,0,0
images/train/IMG0003226.jpg,0.03019925206899643,0,0,0,0
images/train/IMG0002233.jpg,0.030035143718123436,0,0,0,0
images/train/IMG0001901.jpg,0.029881343245506287,0,0,0,0
images/train/IMG0004194.jpg,0.029729722067713737,0,0,0,0
images/train/IMG0004274.jpg,0.029659241437911987,0,0,0,0
images/train/IMG0000621.jpg,0.029648663476109505,0,0,0,0
images/train/IMG0001343.jpg,0.029623785987496376,0,0,0,0
images/train/IMG0002032.jpg,0.029516592621803284,0,0,0,0
images/train/IMG0000779.jpg,0.02949933335185051,0,0,0,0
images/train/IMG0001257.jpg,0.029487838968634605,0,0,0,0
images/train/IMG0003635.jpg,0.029473066329956055,0,0,0,0
images/train/IMG0000279.jpg,0.02941255085170269,0,0,0,0
images/train/IMG0002662.jpg,0.029400968924164772,0,0,0,0
images/train/IMG0000831.jpg,0.029271461069583893,0,0,0,0
images/train/IMG0000896.jpg,0.029127519577741623,0,0,0,0
images/train/IMG0002202.jpg,0.029098300263285637,0,0,0,0
images/train/IMG0001091.jpg,0.028955908492207527,0,0,0,0
images/train/IMG0002842.jpg,0.028810711577534676,0,0,0,0
images/train/IMG0001310.jpg,0.028741389513015747,0,0,0,0
images/train/IMG0001923.jpg,0.028738830238580704,0,0,0,0
images/train/IMG0001189.jpg,0.028698807582259178,0,0,0,0
images/train/IMG0000419.jpg,0.02869407646358013,0,0,0,0
images/train/IMG0000273.jpg,0.02867901138961315,0,0,0,0
images/train/IMG0002804.jpg,0.028541089966893196,0,0,0,0
images/train/IMG0001197.jpg,0.02847340516746044,0,0,0,0
images/train/IMG0002893.jpg,0.028446482494473457,0,0,0,0
images/train/IMG0003613.jpg,0.02843412011861801,0,0,0,0
images/train/IMG0001321.jpg,0.02843353897333145,0,0,0,0
images/train/IMG0000508.jpg,0.028408339247107506,0,0,0,0
images/train/IMG0001250.jpg,0.02812044322490692,0,0,0,0
images/train/IMG0000046.jpg,0.028039585798978806,0,0,0,0
images/train/IMG0004290.jpg,0.028021518141031265,0,0,0,0
images/train/IMG0001488.jpg,0.02793079987168312,0,0,0,0
images/train/IMG0001396.jpg,0.02791895903646946,0,0,0,0
images/train/IMG0003163.jpg,0.027912655845284462,0,0,0,0
images/train/IMG0000438.jpg,0.027905981987714767,0,0,0,0
images/train/IMG0000547.jpg,0.027808768674731255,0,0,0,0
images/train/IMG0000518.jpg,0.027730008587241173,0,0,0,0
images/train/IMG0002006.jpg,0.02769418992102146,0,0,0,0
images/train/IMG0001270.jpg,0.027656206861138344,0,0,0,0
images/train/IMG0000915.jpg,0.027573252096772194,0,0,0,0
images/train/IMG0000629.jpg,0.027482975274324417,0,0,0,0
images/train/IMG0002238.jpg,0.027432478964328766,0,0,0,0
images/train/IMG0001164.jpg,0.02741011045873165,0,0,0,0
images/train/IMG0000441.jpg,0.0272963996976614,0,0,0,0
images/train/IMG0001733.jpg,0.027256356552243233,0,0,0,0
images/train/IMG0001117.jpg,0.027143722400069237,0,0,0,0
images/train/IMG0000679.jpg,0.026994580402970314,0,0,0,0
images/train/IMG0002711.jpg,0.026960760354995728,0,0,0,0
images/train/IMG0001468.jpg,0.026842737570405006,0,0,0,0
images/train/IMG0001605.jpg,0.026839323341846466,0,0,0,0
images/train/IMG0003481.jpg,0.026749052107334137,0,0,0,0
images/train/IMG0001313.jpg,0.026725417003035545,0,0,0,0
images/train/IMG0003403.jpg,0.026533395051956177,0,0,0,0
images/train/IMG0001116.jpg,0.02633761800825596,0,0,0,0
images/train/IMG0002778.jpg,0.02631962299346924,0,0,0,0
images/train/IMG0003404.jpg,0.026316167786717415,0,0,0,0
images/train/IMG0003985.jpg,0.02625858038663864,0,0,0,0
images/train/IMG0001220.jpg,0.026234451681375504,0,0,0,0
images/train/IMG0000241.jpg,0.026037009432911873,0,0,0,0
images/train/IMG0004225.jpg,0.025857623666524887,0,0,0,0
images/train/IMG0000764.jpg,0.02568998746573925,0,0,0,0
images/train/IMG0001326.jpg,0.025513580068945885,0,0,0,0
images/train/IMG0000193.jpg,0.025465311482548714,0,0,0,0
images/train/IMG0002024.jpg,0.02535187266767025,0,0,0,0
images/train/IMG0002129.jpg,0.025201991200447083,0,0,0,0
images/train/IMG0000755.jpg,0.02509404346346855,0,0,0,0
images/train/IMG0001004.jpg,0.025024985894560814,0,0,0,0
images/train/IMG0003669.jpg,0.024982474744319916,0,0,0,0
images/train/IMG0002919.jpg,0.02496390789747238,0,0,0,0
images/train/IMG0003047.jpg,0.024921255186200142,0,0,0,0
images/train/IMG0000214.jpg,0.024802139028906822,0,0,0,0
images/train/IMG0001941.jpg,0.024662645533680916,0,0,0,0
images/train/IMG0000687.jpg,0.024624893441796303,0,0,0,0
images/train/IMG0003088.jpg,0.024548731744289398,0,0,0,0
images/train/IMG0001525.jpg,0.024491021409630775,0,0,0,0
images/train/IMG0003018.jpg,0.02436271868646145,0,0,0,0
images/train/IMG0003400.jpg,0.024246612563729286,0,0,0,0
images/train/IMG0002939.jpg,0.02423117309808731,0,0,0,0
images/train/IMG0000080.jpg,0.024227114394307137,0,0,0,0
images/train/IMG0002242.jpg,0.024224596098065376,0,0,0,0
images/train/IMG0003421.jpg,0.02415595017373562,0,0,0,0
images/train/IMG0003522.jpg,0.02404656819999218,0,0,0,0
images/train/IMG0001349.jpg,0.023754216730594635,0,0,0,0
images/train/IMG0003507.jpg,0.023713061586022377,0,0,0,0
images/train/IMG0003542.jpg,0.023642227053642273,0,0,0,0
images/train/IMG0003796.jpg,0.02363622933626175,0,0,0,0
images/train/IMG0002211.jpg,0.023627756163477898,0,0,0,0
images/train/IMG0003555.jpg,0.023573243990540504,0,0,0,0
images/train/IMG0001770.jpg,0.02356621064245701,0,0,0,0
images/train/IMG0001837.jpg,0.0235308725386858,0,0,0,0
images/train/IMG0001330.jpg,0.023510055616497993,0,0,0,0
images/train/IMG0002189.jpg,0.02345544844865799,0,0,0,0
images/train/IMG0001841.jpg,0.023412780836224556,0,0,0,0
images/train/IMG0001992.jpg,0.02337542362511158,0,0,0,0
images/train/IMG0001559.jpg,0.023331528529524803,0,0,0,0
images/train/IMG0000633.jpg,0.023315301164984703,0,0,0,0
images/train/IMG0001157.jpg,0.023221982643008232,0,0,0,0
images/train/IMG0001222.jpg,0.02321723662316799,0,0,0,0
images/train/IMG0000554.jpg,0.02321026101708412,0,0,0,0
images/train/IMG0002677.jpg,0.023184718564152718,0,0,0,0
images/train/IMG0001016.jpg,0.023165030404925346,0,0,0,0
images/train/IMG0003709.jpg,0.022973226383328438,0,0,0,0
images/train/IMG0000877.jpg,0.022752296179533005,0,0,0,0
images/train/IMG0002903.jpg,0.02274525724351406,0,0,0,0
images/train/IMG0000681.jpg,0.02256595715880394,0,0,0,0
images/train/IMG0000597.jpg,0.022551730275154114,0,0,0,0
images/train/IMG0000766.jpg,0.022548513486981392,0,0,0,0
images/train/IMG0003573.jpg,0.02251891791820526,0,0,0,0
images/train/IMG0003595.jpg,0.02250908501446247,0,0,0,0
images/train/IMG0003173.jpg,0.022464873269200325,0,0,0,0
images/train/IMG0001120.jpg,0.022389549762010574,0,0,0,0
images/train/IMG0000700.jpg,0.022359397262334824,0,0,0,0
images/train/IMG0003427.jpg,0.022339560091495514,0,0,0,0
images/train/IMG0002172.jpg,0.022304249927401543,0,0,0,0
images/train/IMG0002861.jpg,0.022299479693174362,0,0,0,0
images/train/IMG0000970.jpg,0.0222091693431139,0,0,0,0
images/train/IMG0003042.jpg,0.022160233929753304,0,0,0,0
images/train/IMG0000450.jpg,0.021962599828839302,0,0,0,0
images/train/IMG0001258.jpg,0.021947577595710754,0,0,0,0
images/train/IMG0002252.jpg,0.02193807065486908,0,0,0,0
images/train/IMG0001385.jpg,0.021884554997086525,0,0,0,0
images/train/IMG0003690.jpg,0.02184130810201168,0,0,0,0
images/train/IMG0003666.jpg,0.021823303773999214,0,0,0,0
images/train/IMG0001401.jpg,0.021751077845692635,0,0,0,0
images/train/IMG0000492.jpg,0.021742410957813263,0,0,0,0
images/train/IMG0004016.jpg,0.021739017218351364,0,0,0,0
images/train/IMG0001218.jpg,0.02162581868469715,0,0,0,0
images/train/IMG0001183.jpg,0.021598661318421364,0,0,0,0
images/train/IMG0003232.jpg,0.021592827513813972,0,0,0,0
images/train/IMG0001254.jpg,0.02152050845324993,0,0,0,0
images/train/IMG0000017.jpg,0.021478643640875816,0,0,0,0
images/train/IMG0003067.jpg,0.021369116380810738,0,0,0,0
images/train/IMG0003832.jpg,0.021325137466192245,0,0,0,0
images/train/IMG0002061.jpg,0.021285951137542725,0,0,0,0
images/train/IMG0000652.jpg,0.020963113754987717,0,0,0,0
images/train/IMG0004012.jpg,0.020948244258761406,0,0,0,0
images/train/IMG0004388.jpg,0.02087670937180519,0,0,0,0
images/train/IMG0003161.jpg,0.02080799639225006,0,0,0,0
images/train/IMG0001454.jpg,0.020761961117386818,0,0,0,0
images/train/IMG0001030.jpg,0.02076086960732937,0,0,0,0
images/train/IMG0000661.jpg,0.020691636949777603,0,0,0,0
images/train/IMG0000033.jpg,0.020678620785474777,0,0,0,0
images/train/IMG0003103.jpg,0.020674489438533783,0,0,0,0
images/train/IMG0001931.jpg,0.020563185214996338,0,0,0,0
images/train/IMG0001594.jpg,0.020552903413772583,0,0,0,0
images/train/IMG0001211.jpg,0.020501257851719856,0,0,0,0
images/train/IMG0003143.jpg,0.02047383226454258,0,0,0,0
images/train/IMG0002963.jpg,0.020473679527640343,0,0,0,0
images/train/IMG0001783.jpg,0.020441610366106033,0,0,0,0
images/train/IMG0003913.jpg,0.020419958978891373,0,0,0,0
images/train/IMG0001565.jpg,0.020354999229311943,0,0,0,0
images/train/IMG0003463.jpg,0.02023758366703987,0,0,0,0
images/train/IMG0003566.jpg,0.020203372463583946,0,0,0,0
images/train/IMG0000011.jpg,0.020176365971565247,0,0,0,0
images/train/IMG0003658.jpg,0.020122505724430084,0,0,0,0
images/train/IMG0001703.jpg,0.020053967833518982,0,0,0,0
images/train/IMG0003122.jpg,0.019995400682091713,0,0,0,0
images/train/IMG0000735.jpg,0.019860947504639626,0,0,0,0
images/train/IMG0003971.jpg,0.01984851248562336,0,0,0,0
images/train/IMG0000369.jpg,0.019838305190205574,0,0,0,0
images/train/IMG0001526.jpg,0.019832173362374306,0,0,0,0
images/train/IMG0003600.jpg,0.019696779549121857,0,0,0,0
images/train/IMG0001103.jpg,0.0196476262062788,0,0,0,0
images/train/IMG0000800.jpg,0.019640233367681503,0,0,0,0
images/train/IMG0001857.jpg,0.019616620615124702,0,0,0,0
images/train/IMG0001698.jpg,0.01951858215034008,0,0,0,0
images/train/IMG0000129.jpg,0.019489355385303497,0,0,0,0
images/train/IMG0002167.jpg,0.01943676732480526,0,0,0,0
images/train/IMG0000376.jpg,0.019349614158272743,0,0,0,0
images/train/IMG0003462.jpg,0.019230002537369728,0,0,0,0
images/train/IMG0003560.jpg,0.0192139632999897,0,0,0,0
images/train/IMG0001136.jpg,0.019159911200404167,0,0,0,0
images/train/IMG0000974.jpg,0.019097819924354553,0,0,0,0
images/train/IMG0003674.jpg,0.019076790660619736,0,0,0,0
images/train/IMG0002873.jpg,0.019003411754965782,0,0,0,0
images/train/IMG0002209.jpg,0.018949680030345917,0,0,0,0
images/train/IMG0002618.jpg,0.01873531937599182,0,0,0,0
images/train/IMG0003244.jpg,0.018576620146632195,0,0,0,0
images/train/IMG0004159.jpg,0.018574224784970284,0,0,0,0
images/train/IMG0001955.jpg,0.018486544489860535,0,0,0,0
images/train/IMG0003783.jpg,0.018481872975826263,0,0,0,0
images/train/IMG0002635.jpg,0.01846989057958126,0,0,0,0
images/train/IMG0003402.jpg,0.018413787707686424,0,0,0,0
images/train/IMG0003657.jpg,0.018307063728570938,0,0,0,0
images/train/IMG0000626.jpg,0.01821855828166008,0,0,0,0
images/train/IMG0000253.jpg,0.01815510354936123,0,0,0,0
images/train/IMG0003108.jpg,0.018123770132660866,0,0,0,0
images/train/IMG0000608.jpg,0.018116436898708344,0,0,0,0
images/train/IMG0000854.jpg,0.018075622618198395,0,0,0,0
images/train/IMG0003735.jpg,0.01804673857986927,0,0,0,0
images/train/IMG0003630.jpg,0.01792219467461109,0,0,0,0
images/train/IMG0002075.jpg,0.017835117876529694,0,0,0,0
images/train/IMG0001039.jpg,0.017812663689255714,0,0,0,0
images/train/IMG0003044.jpg,0.017740454524755478,0,0,0,0
images/train/IMG0000463.jpg,0.017683997750282288,0,0,0,0
images/train/IMG0004084.jpg,0.017602434381842613,0,0,0,0
images/train/IMG0001299.jpg,0.017595995217561722,0,0,0,0
images/train/IMG0000773.jpg,0.017576957121491432,0,0,0,0
images/train/IMG0004285.jpg,0.017571836709976196,0,0,0,0
images/train/IMG0001676.jpg,0.01751764677464962,0,0,0,0
images/train/IMG0000710.jpg,0.01737566478550434,0,0,0,0
images/train/IMG0000895.jpg,0.017367102205753326,0,0,0,0
images/train/IMG0001849.jpg,0.017359958961606026,0,0,0,0
images/train/IMG0000349.jpg,0.017318570986390114,0,0,0,0
images/train/IMG0003694.jpg,0.017109718173742294,0,0,0,0
images/train/IMG0000018.jpg,0.01700190082192421,0,0,0,0
images/train/IMG0003045.jpg,0.01673455536365509,0,0,0,0
images/train/IMG0002005.jpg,0.016714276745915413,0,0,0,0
images/train/IMG0002070.jpg,0.016687622293829918,0,0,0,0
images/train/IMG0000027.jpg,0.01668277010321617,0,0,0,0
images/train/IMG0001771.jpg,0.016655337065458298,0,0,0,0
images/train/IMG0003137.jpg,0.016651948913931847,0,0,0,0
images/train/IMG0001447.jpg,0.01664457842707634,0,0,0,0
images/train/IMG0001277.jpg,0.016630271449685097,0,0,0,0
images/train/IMG0000594.jpg,0.0165305957198143,0,0,0,0
images/train/IMG0003372.jpg,0.01650196686387062,0,0,0,0
images/train/IMG0001405.jpg,0.016457419842481613,0,0,0,0
images/train/IMG0000415.jpg,0.01642438769340515,0,0,0,0
images/train/IMG0003409.jpg,0.016398463398218155,0,0,0,0
images/train/IMG0003592.jpg,0.0163863617926836,0,0,0,0
images/train/IMG0000956.jpg,0.016351697966456413,0,0,0,0
images/train/IMG0003663.jpg,0.016249844804406166,0,0,0,0
images/train/IMG0003026.jpg,0.016171904280781746,0,0,0,0
images/train/IMG0000533.jpg,0.01607903465628624,0,0,0,0
images/train/IMG0000176.jpg,0.01602090708911419,0,0,0,0
images/train/IMG0001433.jpg,0.015945252031087875,0,0,0,0
images/train/IMG0003730.jpg,0.015931228175759315,0,0,0,0
images/train/IMG0001516.jpg,0.015852412208914757,0,0,0,0
images/train/IMG0003271.jpg,0.01582113839685917,0,0,0,0
images/train/IMG0000368.jpg,0.015802735462784767,0,0,0,0
images/train/IMG0000363.jpg,0.01577269844710827,0,0,0,0
images/train/IMG0002283.jpg,0.015757190063595772,0,0,0,0
images/train/IMG0001170.jpg,0.01575278304517269,0,0,0,0
images/train/IMG0000945.jpg,0.015713337808847427,0,0,0,0
images/train/IMG0000403.jpg,0.015703914687037468,0,0,0,0
images/train/IMG0001090.jpg,0.0156956035643816,0,0,0,0
images/train/IMG0001438.jpg,0.015694940462708473,0,0,0,0
images/train/IMG0000440.jpg,0.01566622219979763,0,0,0,0
images/train/IMG0000372.jpg,0.015640301629900932,0,0,0,0
images/train/IMG0001921.jpg,0.015532482415437698,0,0,0,0
images/train/IMG0003188.jpg,0.01550732459872961,0,0,0,0
images/train/IMG0003100.jpg,0.015464693307876587,0,0,0,0
images/train/IMG0002633.jpg,0.01543834712356329,0,0,0,0
images/train/IMG0002914.jpg,0.015415980480611324,0,0,0,0
images/train/IMG0000798.jpg,0.015393147245049477,0,0,0,0
images/train/IMG0004155.jpg,0.015366842038929462,0,0,0,0
images/train/IMG0003120.jpg,0.015333501622080803,0,0,0,0
images/train/IMG0000921.jpg,0.015109183266758919,0,0,0,0
images/train/IMG0003191.jpg,0.015075418166816235,0,0,0,0
images/train/IMG0001171.jpg,0.015035592950880527,0,0,0,0
images/train/IMG0003794.jpg,0.01502745971083641,0,0,0,0
images/train/IMG0003756.jpg,0.015014789998531342,0,0,0,0
images/train/IMG0004308.jpg,0.014958281069993973,0,0,0,0
images/train/IMG0001974.jpg,0.014934643171727657,0,0,0,0
images/train/IMG0003688.jpg,0.014932651072740555,0,0,0,0
images/train/IMG0002143.jpg,0.014921341091394424,0,0,0,0
images/train/IMG0003447.jpg,0.014888659119606018,0,0,0,0
images/train/IMG0003826.jpg,0.014821527525782585,0,0,0,0
images/train/IMG0000414.jpg,0.014778935350477695,0,0,0,0
images/train/IMG0000090.jpg,0.01476916391402483,0,0,0,0
images/train/IMG0003499.jpg,0.014715775847434998,0,0,0,0
images/train/IMG0003238.jpg,0.014691771008074284,0,0,0,0
images/train/IMG0003123.jpg,0.014645992778241634,0,0,0,0
images/train/IMG0001820.jpg,0.014573290944099426,0,0,0,0
images/train/IMG0001482.jpg,0.01454443484544754,0,0,0,0
images/train/IMG0002799.jpg,0.014527998864650726,0,0,0,0
images/train/IMG0000318.jpg,0.01449101697653532,0,0,0,0
images/train/IMG0003050.jpg,0.014407441020011902,0,0,0,0
images/train/IMG0000546.jpg,0.014250678941607475,0,0,0,0
images/train/IMG0002259.jpg,0.014231660403311253,0,0,0,0
images/train/IMG0004029.jpg,0.014194034039974213,0,0,0,0
images/train/IMG0000024.jpg,0.014143828302621841,0,0,0,0
images/train/IMG0003449.jpg,0.014092875644564629,0,0,0,0
images/train/IMG0002700.jpg,0.014081304892897606,0,0,0,0
images/train/IMG0002875.jpg,0.0140744149684906,0,0,0,0
images/train/IMG0004188.jpg,0.0140744149684906,0,0,0,0
images/train/IMG0001827.jpg,0.014050237834453583,0,0,0,0
images/train/IMG0001429.jpg,0.01399704534560442,0,0,0,0
images/train/IMG0003534.jpg,0.013959675095975399,0,0,0,0
images/train/IMG0002723.jpg,0.013895680196583271,0,0,0,0
images/train/IMG0000482.jpg,0.01389328297227621,0,0,0,0
images/train/IMG0001013.jpg,0.013855508528649807,0,0,0,0
images/train/IMG0003841.jpg,0.013776829466223717,0,0,0,0
images/train/IMG0000170.jpg,0.013767309486865997,0,0,0,0
images/train/IMG0003532.jpg,0.013759457506239414,0,0,0,0
images/train/IMG0001927.jpg,0.013746315613389015,0,0,0,0
images/train/IMG0002819.jpg,0.013733573257923126,0,0,0,0
images/train/IMG0003655.jpg,0.01371206808835268,0,0,0,0
images/train/IMG0000159.jpg,0.013693250715732574,0,0,0,0
images/train/IMG0000788.jpg,0.01365767139941454,0,0,0,0
images/train/IMG0000841.jpg,0.01355341263115406,0,0,0,0
images/train/IMG0003860.jpg,0.013470284640789032,0,0,0,0
images/train/IMG0003701.jpg,0.01332942396402359,0,0,0,0
images/train/IMG0000015.jpg,0.013309622183442116,0,0,0,0
images/train/IMG0000228.jpg,0.013296578079462051,0,0,0,0
images/train/IMG0003166.jpg,0.013281823135912418,0,0,0,0
images/train/IMG0000850.jpg,0.013179589062929153,0,0,0,0
images/train/IMG0000839.jpg,0.01317449752241373,0,0,0,0
images/train/IMG0003652.jpg,0.013167389668524265,0,0,0,0
images/train/IMG0003321.jpg,0.013160580769181252,0,0,0,0
images/train/IMG0000891.jpg,0.013156451284885406,0,0,0,0
images/train/IMG0000511.jpg,0.013065575622022152,0,0,0,0
images/train/IMG0001379.jpg,0.013060946948826313,0,0,0,0
images/train/IMG0002660.jpg,0.013041127473115921,0,0,0,0
images/train/IMG0001686.jpg,0.012977604754269123,0,0,0,0
images/train/IMG0003598.jpg,0.012971283867955208,0,0,0,0
images/train/IMG0004003.jpg,0.012949628755450249,0,0,0,0
images/train/IMG0001290.jpg,0.012902271933853626,0,0,0,0
images/train/IMG0002901.jpg,0.012885380536317825,0,0,0,0
images/train/IMG0003474.jpg,0.012869489379227161,0,0,0,0
images/train/IMG0000238.jpg,0.012835375033318996,0,0,0,0
images/train/IMG0003317.jpg,0.0128133874386549,0,0,0,0
images/train/IMG0002911.jpg,0.01278744824230671,0,0,0,0
images/train/IMG0001489.jpg,0.012732941657304764,0,0,0,0
images/train/IMG0003179.jpg,0.012705350294709206,0,0,0,0
images/train/IMG0001723.jpg,0.012621412053704262,0,0,0,0
images/train/IMG0003136.jpg,0.012571955099701881,0,0,0,0
images/train/IMG0003041.jpg,0.01256551593542099,0,0,0,0
images/train/IMG0000720.jpg,0.01252887025475502,0,0,0,0
images/train/IMG0001946.jpg,0.012484743259847164,0,0,0,0
images/train/IMG0003986.jpg,0.012477278709411621,0,0,0,0
images/train/IMG0001067.jpg,0.01244855672121048,0,0,0,0
images/train/IMG0003539.jpg,0.012441853061318398,0,0,0,0
images/train/IMG0000447.jpg,0.012422362342476845,0,0,0,0
images/train/IMG0002906.jpg,0.0124129019677639,0,0,0,0
images/train/IMG0001221.jpg,0.012388736009597778,0,0,0,0
images/train/IMG0001735.jpg,0.012326668947935104,0,0,0,0
images/train/IMG0000529.jpg,0.01227917242795229,0,0,0,0
images/train/IMG0003917.jpg,0.01227613165974617,0,0,0,0
images/train/IMG0000126.jpg,0.012260211631655693,0,0,0,0
images/train/IMG0000223.jpg,0.012230866588652134,0,0,0,0
images/train/IMG0000477.jpg,0.012222487479448318,0,0,0,0
images/train/IMG0000770.jpg,0.012222032994031906,0,0,0,0
images/train/IMG0001644.jpg,0.012184740044176579,0,0,0,0
images/train/IMG0001515.jpg,0.012151902541518211,0,0,0,0
images/train/IMG0002679.jpg,0.012120312079787254,0,0,0,0
images/train/IMG0000424.jpg,0.012095575220882893,0,0,0,0
images/train/IMG0001913.jpg,0.012066925875842571,0,0,0,0
images/train/IMG0001828.jpg,0.012061640620231628,0,0,0,0
images/train/IMG0002147.jpg,0.012025294825434685,0,0,0,0
images/train/IMG0001188.jpg,0.011985737830400467,0,0,0,0
images/train/IMG0001202.jpg,0.011898276396095753,0,0,0,0
images/train/IMG0003148.jpg,0.011878084391355515,0,0,0,0
images/train/IMG0000525.jpg,0.01182632613927126,0,0,0,0
images/train/IMG0002683.jpg,0.011809725314378738,0,0,0,0
images/train/IMG0002080.jpg,0.011769060045480728,0,0,0,0
images/train/IMG0000195.jpg,0.011758130043745041,0,0,0,0
images/train/IMG0001587.jpg,0.011716403067111969,0,0,0,0
images/train/IMG0001153.jpg,0.011654894798994064,0,0,0,0
images/train/IMG0003349.jpg,0.011626388877630234,0,0,0,0
images/train/IMG0002183.jpg,0.011616436764597893,0,0,0,0
images/train/IMG0003207.jpg,0.011601254343986511,0,0,0,0
images/train/IMG0003053.jpg,0.011588002555072308,0,0,0,0
images/train/IMG0002200.jpg,0.011567304842174053,0,0,0,0
images/train/IMG0002954.jpg,0.011544483713805676,0,0,0,0
images/train/IMG0001460.jpg,0.011530361138284206,0,0,0,0
images/train/IMG0003230.jpg,0.011529198847711086,0,0,0,0
images/train/IMG0000695.jpg,0.011489677242934704,0,0,0,0
images/train/IMG0000607.jpg,0.01146725658327341,0,0,0,0
images/train/IMG0000432.jpg,0.011459529399871826,0,0,0,0
images/train/IMG0000905.jpg,0.011445056647062302,0,0,0,0
images/train/IMG0002639.jpg,0.011434562504291534,0,0,0,0
images/train/IMG0003246.jpg,0.011423641815781593,0,0,0,0
images/train/IMG0000324.jpg,0.011402552016079426,0,0,0,0
images/train/IMG0002823.jpg,0.011309284716844559,0,0,0,0
images/train/IMG0001977.jpg,0.011287759989500046,0,0,0,0
images/train/IMG0003379.jpg,0.011246277950704098,0,0,0,0
images/train/IMG0002838.jpg,0.01120713073760271,0,0,0,0
images/train/IMG0003672.jpg,0.011171286925673485,0,0,0,0
images/train/IMG0002722.jpg,0.011150142177939415,0,0,0,0
images/train/IMG0001532.jpg,0.011143793351948261,0,0,0,0
images/train/IMG0001132.jpg,0.01109878346323967,0,0,0,0
images/train/IMG0000409.jpg,0.011093473061919212,0,0,0,0
images/train/IMG0003915.jpg,0.011088608764111996,0,0,0,0
images/train/IMG0003066.jpg,0.011029141955077648,0,0,0,0
images/train/IMG0000127.jpg,0.011003836989402771,0,0,0,0
images/train/IMG0000707.jpg,0.010981358587741852,0,0,0,0
images/train/IMG0003487.jpg,0.01095608901232481,0,0,0,0
images/train/IMG0000309.jpg,0.01091842819005251,0,0,0,0
images/train/IMG0001210.jpg,0.010911344550549984,0,0,0,0
images/train/IMG0000857.jpg,0.01090568583458662,0,0,0,0
images/train/IMG0000780.jpg,0.010891005396842957,0,0,0,0
images/train/IMG0001778.jpg,0.010868899524211884,0,0,0,0
images/train/IMG0001765.jpg,0.010845701210200787,0,0,0,0
images/train/IMG0000728.jpg,0.01083837728947401,0,0,0,0
images/train/IMG0000636.jpg,0.010782156139612198,0,0,0,0
images/train/IMG0000411.jpg,0.010714693926274776,0,0,0,0
images/train/IMG0003461.jpg,0.01071442011743784,0,0,0,0
images/train/IMG0003969.jpg,0.010702887549996376,0,0,0,0
images/train/IMG0000698.jpg,0.01068880409002304,0,0,0,0
images/train/IMG0002856.jpg,0.010668313130736351,0,0,0,0
images/train/IMG0001976.jpg,0.010661162436008453,0,0,0,0
images/train/IMG0004227.jpg,0.010658699087798595,0,0,0,0
images/train/IMG0003189.jpg,0.010627854615449905,0,0,0,0
images/train/IMG0003970.jpg,0.010621373541653156,0,0,0,0
images/train/IMG0002119.jpg,0.010616318322718143,0,0,0,0
images/train/IMG0001416.jpg,0.010603024624288082,0,0,0,0
images/train/IMG0001175.jpg,0.010598103515803814,0,0,0,0
images/train/IMG0002114.jpg,0.010592425242066383,0,0,0,0
images/train/IMG0003928.jpg,0.010590635240077972,0,0,0,0
images/train/IMG0001293.jpg,0.010542473755776882,0,0,0,0
images/train/IMG0003445.jpg,0.01052740216255188,0,0,0,0
images/train/IMG0000931.jpg,0.010526816360652447,0,0,0,0
images/train/IMG0003769.jpg,0.01048588939011097,0,0,0,0
images/train/IMG0002625.jpg,0.010482719168066978,0,0,0,0
images/train/IMG0003638.jpg,0.010471828281879425,0,0,0,0
images/train/IMG0003052.jpg,0.010462864302098751,0,0,0,0
images/train/IMG0002034.jpg,0.010454178787767887,0,0,0,0
images/train/IMG0001839.jpg,0.01045192964375019,0,0,0,0
images/train/IMG0001342.jpg,0.010448753833770752,0,0,0,0
images/train/IMG0002012.jpg,0.010395356453955173,0,0,0,0
images/train/IMG0004195.jpg,0.010382585227489471,0,0,0,0
images/train/IMG0003033.jpg,0.010377378202974796,0,0,0,0
images/train/IMG0000070.jpg,0.010355189442634583,0,0,0,0
images/train/IMG0001987.jpg,0.010346738621592522,0,0,0,0
images/train/IMG0001102.jpg,0.010307848453521729,0,0,0,0
images/train/IMG0002881.jpg,0.01030608732253313,0,0,0,0
images/train/IMG0002011.jpg,0.010305741801857948,0,0,0,0
images/train/IMG0002977.jpg,0.010265098884701729,0,0,0,0
images/train/IMG0000757.jpg,0.010246656835079193,0,0,0,0
images/train/IMG0003205.jpg,0.010231421329081059,0,0,0,0
images/train/IMG0002153.jpg,0.01021918747574091,0,0,0,0
images/train/IMG0000303.jpg,0.01018153503537178,0,0,0,0
images/train/IMG0000339.jpg,0.0101810647174716,0,0,0,0
images/train/IMG0001155.jpg,0.010164225473999977,0,0,0,0
images/train/IMG0001902.jpg,0.010154664516448975,0,0,0,0
images/train/IMG0002798.jpg,0.010133275762200356,0,0,0,0
images/train/IMG0000242.jpg,0.010128594934940338,0,0,0,0
images/train/IMG0003075.jpg,0.01008525863289833,0,0,0,0
images/train/IMG0000775.jpg,0.010080461390316486,0,0,0,0
images/train/IMG0003708.jpg,0.010069342330098152,0,0,0,0
images/train/IMG0001906.jpg,0.010038009844720364,0,0,0,0
images/train/IMG0002703.jpg,0.01000619400292635,0,0,0,0
images/train/IMG0001466.jpg,0.010001976042985916,0,0,0,0
images/train/IMG0000904.jpg,0.009995684958994389,0,0,0,0
images/train/IMG0001724.jpg,0.009960286319255829,0,0,0,0
images/train/IMG0001292.jpg,0.00991301890462637,0,0,0,0
images/train/IMG0001816.jpg,0.009898349642753601,0,0,0,0
images/train/IMG0002097.jpg,0.009891961701214314,0,0,0,0
images/train/IMG0002835.jpg,0.009885444305837154,0,0,0,0
images/train/IMG0001334.jpg,0.009880395606160164,0,0,0,0
images/train/IMG0001758.jpg,0.00981295295059681,0,0,0,0
images/train/IMG0002928.jpg,0.009812049567699432,0,0,0,0
images/train/IMG0000981.jpg,0.00980696827173233,0,0,0,0
images/train/IMG0001829.jpg,0.009785751812160015,0,0,0,0
images/train/IMG0001966.jpg,0.009692755527794361,0,0,0,0
images/train/IMG0000689.jpg,0.009674911387264729,0,0,0,0
images/train/IMG0004123.jpg,0.009656790643930435,0,0,0,0
images/train/IMG0002898.jpg,0.009640851989388466,0,0,0,0
images/train/IMG0000413.jpg,0.009603318758308887,0,0,0,0
images/train/IMG0000417.jpg,0.009603277780115604,0,0,0,0
images/train/IMG0003791.jpg,0.009576682932674885,0,0,0,0
images/train/IMG0000686.jpg,0.009559255093336105,0,0,0,0
images/train/IMG0001229.jpg,0.009546207264065742,0,0,0,0
images/train/IMG0001333.jpg,0.009518340229988098,0,0,0,0
images/train/IMG0000999.jpg,0.009516910649836063,0,0,0,0
images/train/IMG0001530.jpg,0.00951541867107153,0,0,0,0
images/train/IMG0003441.jpg,0.009483813308179379,0,0,0,0
images/train/IMG0000457.jpg,0.009454077109694481,0,0,0,0
images/train/IMG0001479.jpg,0.00943561177700758,0,0,0,0
images/train/IMG0003299.jpg,0.009427495300769806,0,0,0,0
images/train/IMG0001430.jpg,0.00942032877355814,0,0,0,0
images/train/IMG0002855.jpg,0.009393312968313694,0,0,0,0
images/train/IMG0003691.jpg,0.009381527081131935,0,0,0,0
images/train/IMG0002035.jpg,0.009350849315524101,0,0,0,0
images/train/IMG0002866.jpg,0.009349620901048183,0,0,0,0
images/train/IMG0002988.jpg,0.009305777959525585,0,0,0,0
images/train/IMG0002072.jpg,0.009305400773882866,0,0,0,0
images/train/IMG0001814.jpg,0.009302543476223946,0,0,0,0
images/train/IMG0000302.jpg,0.009299639612436295,0,0,0,0
images/train/IMG0000358.jpg,0.009279360063374043,0,0,0,0
images/train/IMG0002154.jpg,0.009276743978261948,0,0,0,0
images/train/IMG0003804.jpg,0.009275213815271854,0,0,0,0
images/train/IMG0000552.jpg,0.009269554167985916,0,0,0,0
images/train/IMG0003273.jpg,0.00926473829895258,0,0,0,0
images/train/IMG0001338.jpg,0.009216995909810066,0,0,0,0
images/train/IMG0002155.jpg,0.00921541079878807,0,0,0,0
images/train/IMG0000936.jpg,0.009175337851047516,0,0,0,0
images/train/IMG0000446.jpg,0.009174528531730175,0,0,0,0
images/train/IMG0002800.jpg,0.009168336167931557,0,0,0,0
images/train/IMG0000666.jpg,0.00915481336414814,0,0,0,0
images/train/IMG0004287.jpg,0.009140688925981522,0,0,0,0
images/train/IMG0001963.jpg,0.00912558101117611,0,0,0,0
images/train/IMG0004018.jpg,0.009122097864747047,0,0,0,0
images/train/IMG0001507.jpg,0.009110050275921822,0,0,0,0
images/train/IMG0000393.jpg,0.009086630307137966,0,0,0,0
images/train/IMG0000053.jpg,0.009081749245524406,0,0,0,0
images/train/IMG0002150.jpg,0.009080672636628151,0,0,0,0
images/train/IMG0001664.jpg,0.009063586592674255,0,0,0,0
images/train/IMG0000532.jpg,0.009053852409124374,0,0,0,0
images/train/IMG0003007.jpg,0.009002956561744213,0,0,0,0
images/train/IMG0002917.jpg,0.00899670459330082,0,0,0,0
images/train/IMG0000807.jpg,0.008978009223937988,0,0,0,0
images/train/IMG0003278.jpg,0.008965358138084412,0,0,0,0
images/train/IMG0003540.jpg,0.008960884995758533,0,0,0,0
images/train/IMG0001638.jpg,0.008951163850724697,0,0,0,0
images/train/IMG0001287.jpg,0.008950922638177872,0,0,0,0
images/train/IMG0003422.jpg,0.008948765695095062,0,0,0,0
images/train/IMG0002100.jpg,0.0089456457644701,0,0,0,0
images/train/IMG0003051.jpg,0.008942500688135624,0,0,0,0
images/train/IMG0000980.jpg,0.008941215462982655,0,0,0,0
images/train/IMG0000730.jpg,0.008926819078624249,0,0,0,0
images/train/IMG0001595.jpg,0.008906735107302666,0,0,0,0
images/train/IMG0002829.jpg,0.008905640803277493,0,0,0,0
images/train/IMG0003795.jpg,0.008859539404511452,0,0,0,0
images/train/IMG0002696.jpg,0.008829326368868351,0,0,0,0
images/train/IMG0001877.jpg,0.008826114237308502,0,0,0,0
images/train/IMG0000141.jpg,0.008813416585326195,0,0,0,0
images/train/IMG0002629.jpg,0.008790792897343636,0,0,0,0
images/train/IMG0000992.jpg,0.00876117218285799,0,0,0,0
images/train/IMG0001607.jpg,0.00874532200396061,0,0,0,0
images/train/IMG0003231.jpg,0.008740957826375961,0,0,0,0
images/train/IMG0000478.jpg,0.00874040462076664,0,0,0,0
images/train/IMG0003091.jpg,0.008736208081245422,0,0,0,0
images/train/IMG0001267.jpg,0.008728711865842342,0,0,0,0
images/train/IMG0002959.jpg,0.008721754886209965,0,0,0,0
images/train/IMG0000342.jpg,0.008696959353983402,0,0,0,0
images/train/IMG0000759.jpg,0.008672861382365227,0,0,0,0
images/train/IMG0000965.jpg,0.00864742323756218,0,0,0,0
images/train/IMG0001767.jpg,0.008616464212536812,0,0,0,0
images/train/IMG0002890.jpg,0.008609391748905182,0,0,0,0
images/train/IMG0004389.jpg,0.008609379641711712,0,0,0,0
images/train/IMG0003140.jpg,0.008609302341938019,0,0,0,0
images/train/IMG0003247.jpg,0.00858998391777277,0,0,0,0
images/train/IMG0003296.jpg,0.008561952970921993,0,0,0,0
images/train/IMG0000396.jpg,0.008529570885002613,0,0,0,0
images/train/IMG0000191.jpg,0.008506431244313717,0,0,0,0
images/train/IMG0002648.jpg,0.008506025187671185,0,0,0,0
images/train/IMG0001797.jpg,0.008464640006422997,0,0,0,0
images/train/IMG0004094.jpg,0.008447660133242607,0,0,0,0
images/train/IMG0000493.jpg,0.008421172387897968,0,0,0,0
images/train/IMG0002772.jpg,0.008402887731790543,0,0,0,0
images/train/IMG0003529.jpg,0.008391651324927807,0,0,0,0
images/train/IMG0002016.jpg,0.008386002853512764,0,0,0,0
images/train/IMG0000408.jpg,0.008364704437553883,0,0,0,0
images/train/IMG0002693.jpg,0.008359975181519985,0,0,0,0
images/train/IMG0001567.jpg,0.008347571827471256,0,0,0,0
images/train/IMG0003329.jpg,0.008337236940860748,0,0,0,0
images/train/IMG0001037.jpg,0.008295880630612373,0,0,0,0
images/train/IMG0002942.jpg,0.008263770490884781,0,0,0,0
images/train/IMG0002902.jpg,0.008255532942712307,0,0,0,0
images/train/IMG0002811.jpg,0.008255052380263805,0,0,0,0
images/train/IMG0000551.jpg,0.008240507915616035,0,0,0,0
images/train/IMG0003074.jpg,0.008229533210396767,0,0,0,0
images/train/IMG0001792.jpg,0.008221804164350033,0,0,0,0
images/train/IMG0003269.jpg,0.008179968222975731,0,0,0,0
images/train/IMG0003765.jpg,0.0081724738702178,0,0,0,0
images/train/IMG0001306.jpg,0.008149639703333378,0,0,0,0
images/train/IMG0001743.jpg,0.008135059848427773,0,0,0,0
images/train/IMG0000843.jpg,0.008128459565341473,0,0,0,0
images/train/IMG0000488.jpg,0.008119815029203892,0,0,0,0
images/train/IMG0001626.jpg,0.008111351169645786,0,0,0,0
images/train/IMG0003822.jpg,0.008083052933216095,0,0,0,0
images/train/IMG0001443.jpg,0.008062604814767838,0,0,0,0
images/train/IMG0002029.jpg,0.008057820610702038,0,0,0,0
images/train/IMG0003009.jpg,0.008044226095080376,0,0,0,0
images/train/IMG0003747.jpg,0.008042695932090282,0,0,0,0
images/train/IMG0000947.jpg,0.00802977941930294,0,0,0,0
images/train/IMG0004241.jpg,0.008027075789868832,0,0,0,0
images/train/IMG0000250.jpg,0.00801109615713358,0,0,0,0
images/train/IMG0002931.jpg,0.007982812821865082,0,0,0,0
images/train/IMG0004146.jpg,0.007946759462356567,0,0,0,0
images/train/IMG0002736.jpg,0.007925720885396004,0,0,0,0
images/train/IMG0000152.jpg,0.007923857308924198,0,0,0,0
images/train/IMG0003175.jpg,0.00792267732322216,0,0,0,0
images/train/IMG0004097.jpg,0.00790287833660841,0,0,0,0
images/train/IMG0001612.jpg,0.007898639887571335,0,0,0,0
images/train/IMG0001635.jpg,0.007893739268183708,0,0,0,0
images/train/IMG0001305.jpg,0.007872043177485466,0,0,0,0
images/train/IMG0002049.jpg,0.007862272672355175,0,0,0,0
images/train/IMG0003761.jpg,0.007857033982872963,0,0,0,0
images/train/IMG0001680.jpg,0.007843411527574062,0,0,0,0
images/train/IMG0000433.jpg,0.007841326296329498,0,0,0,0
images/train/IMG0002195.jpg,0.007825875654816628,0,0,0,0
images/train/IMG0001072.jpg,0.007812118157744408,0,0,0,0
images/train/IMG0003546.jpg,0.007796336896717548,0,0,0,0
images/train/IMG0002851.jpg,0.007791616953909397,0,0,0,0
images/train/IMG0000071.jpg,0.007788306567817926,0,0,0,0
images/train/IMG0000523.jpg,0.0077733914367854595,0,0,0,0
images/train/IMG0001461.jpg,0.007729292847216129,0,0,0,0
images/train/IMG0001356.jpg,0.0077167595736682415,0,0,0,0
images/train/IMG0002880.jpg,0.007709098979830742,0,0,0,0
images/train/IMG0003216.jpg,0.007703031878918409,0,0,0,0
images/train/IMG0000690.jpg,0.007671650964766741,0,0,0,0
images/train/IMG0003187.jpg,0.007660892326384783,0,0,0,0
images/train/IMG0003651.jpg,0.007643454242497683,0,0,0,0
images/train/IMG0002047.jpg,0.00757938576862216,0,0,0,0
images/train/IMG0001574.jpg,0.007572276517748833,0,0,0,0
images/train/IMG0003345.jpg,0.007498917169868946,0,0,0,0
images/train/IMG0000979.jpg,0.007479886524379253,0,0,0,0
images/train/IMG0003911.jpg,0.007465709000825882,0,0,0,0
images/train/IMG0003722.jpg,0.0074582709930837154,0,0,0,0
images/train/IMG0002092.jpg,0.007456195540726185,0,0,0,0
images/train/IMG0000748.jpg,0.007452279329299927,0,0,0,0
images/train/IMG0003880.jpg,0.007450773846358061,0,0,0,0
images/train/IMG0001134.jpg,0.007431154605001211,0,0,0,0
images/train/IMG0001737.jpg,0.007430053781718016,0,0,0,0
images/train/IMG0000021.jpg,0.007421326823532581,0,0,0,0
images/train/IMG0003504.jpg,0.007417724002152681,0,0,0,0
images/train/IMG0001184.jpg,0.007407506927847862,0,0,0,0
images/train/IMG0002022.jpg,0.007393048144876957,0,0,0,0
images/train/IMG0000077.jpg,0.007374211214482784,0,0,0,0
images/train/IMG0001005.jpg,0.007361412514001131,0,0,0,0
images/train/IMG0002863.jpg,0.007350260857492685,0,0,0,0
images/train/IMG0002642.jpg,0.0073483167216181755,0,0,0,0
images/train/IMG0000481.jpg,0.0073295822367072105,0,0,0,0
images/train/IMG0001557.jpg,0.007288925815373659,0,0,0,0
images/train/IMG0001203.jpg,0.007283876184374094,0,0,0,0
images/train/IMG0001027.jpg,0.007282997481524944,0,0,0,0
images/train/IMG0003168.jpg,0.007277204655110836,0,0,0,0
images/train/IMG0001168.jpg,0.007267884910106659,0,0,0,0
images/train/IMG0000816.jpg,0.007248153444379568,0,0,0,0
images/train/IMG0003544.jpg,0.007227082271128893,0,0,0,0
images/train/IMG0001237.jpg,0.007222872227430344,0,0,0,0
images/train/IMG0003687.jpg,0.007221309933811426,0,0,0,0
images/train/IMG0002004.jpg,0.007217078469693661,0,0,0,0
images/train/IMG0000879.jpg,0.007179464679211378,0,0,0,0
images/train/IMG0002046.jpg,0.007155278231948614,0,0,0,0
images/train/IMG0002777.jpg,0.007153780665248632,0,0,0,0
images/train/IMG0004161.jpg,0.007153780665248632,0,0,0,0
images/train/IMG0002689.jpg,0.00714148348197341,0,0,0,0
images/train/IMG0002805.jpg,0.007135157473385334,0,0,0,0
images/train/IMG0003772.jpg,0.007106798235327005,0,0,0,0
images/train/IMG0000596.jpg,0.007085282355546951,0,0,0,0
images/train/IMG0002663.jpg,0.007079786621034145,0,0,0,0
images/train/IMG0003648.jpg,0.007079173345118761,0,0,0,0
images/train/IMG0003257.jpg,0.007078408729285002,0,0,0,0
images/train/IMG0001167.jpg,0.007032036781311035,0,0,0,0
images/train/IMG0001591.jpg,0.00702949333935976,0,0,0,0
images/train/IMG0001417.jpg,0.007027763407677412,0,0,0,0
images/train/IMG0003330.jpg,0.007012884132564068,0,0,0,0
images/train/IMG0001621.jpg,0.0069840350188314915,0,0,0,0
images/train/IMG0003505.jpg,0.006933658849447966,0,0,0,0
images/train/IMG0002249.jpg,0.006916534621268511,0,0,0,0
images/train/IMG0001960.jpg,0.0069138891994953156,0,0,0,0
images/train/IMG0002071.jpg,0.006901709828525782,0,0,0,0
images/train/IMG0002226.jpg,0.006894977763295174,0,0,0,0
images/train/IMG0000009.jpg,0.006867893971502781,0,0,0,0
images/train/IMG0001242.jpg,0.006861960515379906,0,0,0,0
images/train/IMG0003119.jpg,0.006845158524811268,0,0,0,0
images/train/IMG0001133.jpg,0.0068418304435908794,0,0,0,0
images/train/IMG0003585.jpg,0.006841045804321766,0,0,0,0
images/train/IMG0001282.jpg,0.00683286739513278,0,0,0,0
images/train/IMG0000941.jpg,0.006825642194598913,0,0,0,0
images/train/IMG0002623.jpg,0.0068215541541576385,0,0,0,0
images/train/IMG0000118.jpg,0.006819923408329487,0,0,0,0
images/train/IMG0003649.jpg,0.006819610018283129,0,0,0,0
images/train/IMG0002786.jpg,0.006807641591876745,0,0,0,0
images/train/IMG0001988.jpg,0.00680528162047267,0,0,0,0
images/train/IMG0000842.jpg,0.006801453884691,0,0,0,0
images/train/IMG0001483.jpg,0.006793953012675047,0,0,0,0
images/train/IMG0003237.jpg,0.006785296835005283,0,0,0,0
images/train/IMG0001622.jpg,0.006776760797947645,0,0,0,0
images/train/IMG0003227.jpg,0.006732490845024586,0,0,0,0
images/train/IMG0002784.jpg,0.006707789376378059,0,0,0,0
images/train/IMG0003340.jpg,0.0066625094041228294,0,0,0,0
images/train/IMG0003506.jpg,0.006660754792392254,0,0,0,0
images/train/IMG0001817.jpg,0.0066483705304563046,0,0,0,0
images/train/IMG0003145.jpg,0.00663180835545063,0,0,0,0
images/train/IMG0001889.jpg,0.006620960310101509,0,0,0,0
images/train/IMG0000641.jpg,0.0066157435066998005,0,0,0,0
images/train/IMG0003357.jpg,0.006592950783669949,0,0,0,0
images/train/IMG0001602.jpg,0.006570885423570871,0,0,0,0
images/train/IMG0003868.jpg,0.006565393414348364,0,0,0,0
images/train/IMG0003533.jpg,0.006561063230037689,0,0,0,0
images/train/IMG0001431.jpg,0.00655495235696435,0,0,0,0
images/train/IMG0003046.jpg,0.0065517732873559,0,0,0,0
images/train/IMG0002236.jpg,0.006540841888636351,0,0,0,0
images/train/IMG0001907.jpg,0.006496703252196312,0,0,0,0
images/train/IMG0003643.jpg,0.006490633822977543,0,0,0,0
images/train/IMG0000653.jpg,0.006487350445240736,0,0,0,0
images/train/IMG0003423.jpg,0.006481418386101723,0,0,0,0
images/train/IMG0003242.jpg,0.006476117763668299,0,0,0,0
images/train/IMG0003211.jpg,0.006466996390372515,0,0,0,0
images/train/IMG0003656.jpg,0.006456955336034298,0,0,0,0
images/train/IMG0000838.jpg,0.0064368764869868755,0,0,0,0
images/train/IMG0002203.jpg,0.006415773648768663,0,0,0,0
images/train/IMG0002779.jpg,0.006412917282432318,0,0,0,0
images/train/IMG0004160.jpg,0.006412917282432318,0,0,0,0
images/train/IMG0001357.jpg,0.0064071472734212875,0,0,0,0
images/train/IMG0001352.jpg,0.006400457117706537,0,0,0,0
images/train/IMG0001182.jpg,0.006379374302923679,0,0,0,0
images/train/IMG0003764.jpg,0.006378352176398039,0,0,0,0
images/train/IMG0002739.jpg,0.006376932375133038,0,0,0,0
images/train/IMG0003557.jpg,0.006356919649988413,0,0,0,0
images/train/IMG0003790.jpg,0.006354890298098326,0,0,0,0
images/train/IMG0004109.jpg,0.006345487665385008,0,0,0,0
images/train/IMG0004264.jpg,0.0063417572528123856,0,0,0,0
images/train/IMG0001421.jpg,0.006323406472802162,0,0,0,0
images/train/IMG0000771.jpg,0.006320925895124674,0,0,0,0
images/train/IMG0001251.jpg,0.0062959641218185425,0,0,0,0
images/train/IMG0002023.jpg,0.0062916758470237255,0,0,0,0
images/train/IMG0000135.jpg,0.006263426039367914,0,0,0,0
images/train/IMG0000378.jpg,0.0062513165175914764,0,0,0,0
images/train/IMG0000746.jpg,0.00624212296679616,0,0,0,0
images/train/IMG0003150.jpg,0.006231946870684624,0,0,0,0
images/train/IMG0002992.jpg,0.006228583864867687,0,0,0,0
images/train/IMG0000920.jpg,0.006222583819180727,0,0,0,0
images/train/IMG0001813.jpg,0.0062169781886041164,0,0,0,0
images/train/IMG0002887.jpg,0.006208342965692282,0,0,0,0
images/train/IMG0000504.jpg,0.006205275189131498,0,0,0,0
images/train/IMG0003779.jpg,0.0061996085569262505,0,0,0,0
images/train/IMG0003323.jpg,0.006185464095324278,0,0,0,0
images/train/IMG0000644.jpg,0.006173907779157162,0,0,0,0
images/train/IMG0002883.jpg,0.006163845770061016,0,0,0,0
images/train/IMG0004244.jpg,0.006158251781016588,0,0,0,0
images/train/IMG0002138.jpg,0.006157204043120146,0,0,0,0
images/train/IMG0003773.jpg,0.00615609809756279,0,0,0,0
images/train/IMG0002231.jpg,0.006150446832180023,0,0,0,0
images/train/IMG0000872.jpg,0.006148695480078459,0,0,0,0
images/train/IMG0003106.jpg,0.0061430479399859905,0,0,0,0
images/train/IMG0000445.jpg,0.006138705648481846,0,0,0,0
images/train/IMG0003029.jpg,0.006134756375104189,0,0,0,0
images/train/IMG0003583.jpg,0.006128015462309122,0,0,0,0
images/train/IMG0000806.jpg,0.006119961384683847,0,0,0,0
images/train/IMG0001945.jpg,0.006116452626883984,0,0,0,0
images/train/IMG0000840.jpg,0.0060957069508731365,0,0,0,0
images/train/IMG0000860.jpg,0.006086752284318209,0,0,0,0
images/train/IMG0002758.jpg,0.006078166887164116,0,0,0,0
images/train/IMG0000835.jpg,0.0060654194094240665,0,0,0,0
images/train/IMG0001668.jpg,0.00605796417221427,0,0,0,0
images/train/IMG0002984.jpg,0.006052956450730562,0,0,0,0
images/train/IMG0001068.jpg,0.006052038166671991,0,0,0,0
images/train/IMG0001750.jpg,0.00603826530277729,0,0,0,0
images/train/IMG0002136.jpg,0.006023418623954058,0,0,0,0
images/train/IMG0000643.jpg,0.0060182479210197926,0,0,0,0
images/train/IMG0000734.jpg,0.006017315201461315,0,0,0,0
images/train/IMG0001615.jpg,0.006012634374201298,0,0,0,0
images/train/IMG0003486.jpg,0.005995434243232012,0,0,0,0
images/train/IMG0002947.jpg,0.005970530211925507,0,0,0,0
images/train/IMG0000312.jpg,0.00593299837782979,0,0,0,0
images/train/IMG0003030.jpg,0.00590443704277277,0,0,0,0
images/train/IMG0004119.jpg,0.005863047670572996,0,0,0,0
images/train/IMG0000959.jpg,0.005848684813827276,0,0,0,0
images/train/IMG0001560.jpg,0.005840937606990337,0,0,0,0
images/train/IMG0001798.jpg,0.005828381050378084,0,0,0,0
images/train/IMG0003038.jpg,0.005812592338770628,0,0,0,0
images/train/IMG0004251.jpg,0.005810382775962353,0,0,0,0
images/train/IMG0001224.jpg,0.00579694751650095,0,0,0,0
images/train/IMG0003664.jpg,0.005790380295366049,0,0,0,0
images/train/IMG0003597.jpg,0.005771913565695286,0,0,0,0
images/train/IMG0001207.jpg,0.005771905183792114,0,0,0,0
images/train/IMG0001679.jpg,0.005761563312262297,0,0,0,0
images/train/IMG0000317.jpg,0.005757000297307968,0,0,0,0
images/train/IMG0001513.jpg,0.0057489024475216866,0,0,0,0
images/train/IMG0003272.jpg,0.005720198154449463,0,0,0,0
images/train/IMG0001910.jpg,0.005709346849471331,0,0,0,0
images/train/IMG0001124.jpg,0.0057069784961640835,0,0,0,0
images/train/IMG0001937.jpg,0.005701794289052486,0,0,0,0
images/train/IMG0000439.jpg,0.00569726200774312,0,0,0,0
images/train/IMG0001900.jpg,0.005694113206118345,0,0,0,0
images/train/IMG0001520.jpg,0.005684745032340288,0,0,0,0
images/train/IMG0000064.jpg,0.005662243347615004,0,0,0,0
images/train/IMG0001521.jpg,0.0056540826335549355,0,0,0,0
images/train/IMG0002257.jpg,0.005652233492583036,0,0,0,0
images/train/IMG0001807.jpg,0.005645545665174723,0,0,0,0
images/train/IMG0003983.jpg,0.005637143738567829,0,0,0,0
images/train/IMG0000868.jpg,0.005610254127532244,0,0,0,0
images/train/IMG0003371.jpg,0.0056053404696285725,0,0,0,0
images/train/IMG0002859.jpg,0.0055970544926822186,0,0,0,0
images/train/IMG0000178.jpg,0.005594820249825716,0,0,0,0
images/train/IMG0001078.jpg,0.005590060260146856,0,0,0,0
images/train/IMG0003028.jpg,0.005586125422269106,0,0,0,0
images/train/IMG0001656.jpg,0.0055679683573544025,0,0,0,0
images/train/IMG0001836.jpg,0.005546055268496275,0,0,0,0
images/train/IMG0003151.jpg,0.0055374279618263245,0,0,0,0
images/train/IMG0003719.jpg,0.005533975549042225,0,0,0,0
images/train/IMG0003610.jpg,0.005532545503228903,0,0,0,0
images/train/IMG0000953.jpg,0.005509174894541502,0,0,0,0
images/train/IMG0001553.jpg,0.005507581401616335,0,0,0,0
images/train/IMG0000183.jpg,0.005495309364050627,0,0,0,0
images/train/IMG0003755.jpg,0.005492513999342918,0,0,0,0
images/train/IMG0000972.jpg,0.005488090217113495,0,0,0,0
images/train/IMG0003156.jpg,0.005478962790220976,0,0,0,0
images/train/IMG0001949.jpg,0.005469207186251879,0,0,0,0
images/train/IMG0002216.jpg,0.005453605204820633,0,0,0,0
images/train/IMG0000584.jpg,0.005448047537356615,0,0,0,0
images/train/IMG0000374.jpg,0.005447933916002512,0,0,0,0
images/train/IMG0000865.jpg,0.0054353089071810246,0,0,0,0
images/train/IMG0000168.jpg,0.005430424120277166,0,0,0,0
images/train/IMG0002095.jpg,0.005416226573288441,0,0,0,0
images/train/IMG0001556.jpg,0.00540965748950839,0,0,0,0
images/train/IMG0001842.jpg,0.005409229081124067,0,0,0,0
images/train/IMG0003640.jpg,0.005398792680352926,0,0,0,0
images/train/IMG0000220.jpg,0.005376320332288742,0,0,0,0
images/train/IMG0001834.jpg,0.005370471626520157,0,0,0,0
images/train/IMG0000658.jpg,0.005369631107896566,0,0,0,0
images/train/IMG0001795.jpg,0.0053696054965257645,0,0,0,0
images/train/IMG0000787.jpg,0.0053677367977797985,0,0,0,0
images/train/IMG0004129.jpg,0.005363782402127981,0,0,0,0
images/train/IMG0003729.jpg,0.005361245945096016,0,0,0,0
images/train/IMG0000200.jpg,0.005340773146599531,0,0,0,0
images/train/IMG0000498.jpg,0.005322252865880728,0,0,0,0
images/train/IMG0003048.jpg,0.005272973328828812,0,0,0,0
images/train/IMG0003437.jpg,0.005255734082311392,0,0,0,0
images/train/IMG0000768.jpg,0.005253206938505173,0,0,0,0
images/train/IMG0001582.jpg,0.005252544302493334,0,0,0,0
images/train/IMG0000534.jpg,0.005249849054962397,0,0,0,0
images/train/IMG0000829.jpg,0.005247536115348339,0,0,0,0
images/train/IMG0000381.jpg,0.00524248369038105,0,0,0,0
images/train/IMG0001801.jpg,0.005234323441982269,0,0,0,0
images/train/IMG0000560.jpg,0.005220779217779636,0,0,0,0
images/train/IMG0002192.jpg,0.005215225275605917,0,0,0,0
images/train/IMG0000327.jpg,0.005196793004870415,0,0,0,0
images/train/IMG0001631.jpg,0.005188654642552137,0,0,0,0
images/train/IMG0000099.jpg,0.005186951253563166,0,0,0,0
images/train/IMG0001061.jpg,0.005171762779355049,0,0,0,0
images/train/IMG0001403.jpg,0.005143162328749895,0,0,0,0
images/train/IMG0001378.jpg,0.005137529224157333,0,0,0,0
images/train/IMG0001316.jpg,0.005121252499520779,0,0,0,0
images/train/IMG0003434.jpg,0.00510695343837142,0,0,0,0
images/train/IMG0003240.jpg,0.005074393469840288,0,0,0,0
images/train/IMG0002263.jpg,0.005063328891992569,0,0,0,0
images/train/IMG0003259.jpg,0.0050360942259430885,0,0,0,0
images/train/IMG0000542.jpg,0.005026183556765318,0,0,0,0
images/train/IMG0000631.jpg,0.005025737918913364,0,0,0,0
images/train/IMG0000548.jpg,0.0050082639791071415,0,0,0,0
images/train/IMG0000849.jpg,0.005001520272344351,0,0,0,0
images/train/IMG0001386.jpg,0.004994415678083897,0,0,0,0
images/train/IMG0001295.jpg,0.004993986804038286,0,0,0,0
images/train/IMG0003064.jpg,0.004993842449039221,0,0,0,0
images/train/IMG0004296.jpg,0.004993842449039221,0,0,0,0
images/train/IMG0000578.jpg,0.0049918475560843945,0,0,0,0
images/train/IMG0002709.jpg,0.004966989159584045,0,0,0,0
images/train/IMG0004087.jpg,0.004966989159584045,0,0,0,0
images/train/IMG0001908.jpg,0.0049662115052342415,0,0,0,0
images/train/IMG0001046.jpg,0.00496227340772748,0,0,0,0
images/train/IMG0000350.jpg,0.004938535857945681,0,0,0,0
images/train/IMG0001336.jpg,0.004931773524731398,0,0,0,0
images/train/IMG0000618.jpg,0.004925285931676626,0,0,0,0
images/train/IMG0000147.jpg,0.004924514796584845,0,0,0,0
images/train/IMG0003063.jpg,0.004916336387395859,0,0,0,0
images/train/IMG0004295.jpg,0.004916336387395859,0,0,0,0
images/train/IMG0000036.jpg,0.004907636437565088,0,0,0,0
images/train/IMG0001675.jpg,0.004896759055554867,0,0,0,0
images/train/IMG0001098.jpg,0.004895137622952461,0,0,0,0
images/train/IMG0001388.jpg,0.004873359110206366,0,0,0,0
images/train/IMG0000357.jpg,0.004872006364166737,0,0,0,0
images/train/IMG0002227.jpg,0.004868689924478531,0,0,0,0
images/train/IMG0001693.jpg,0.004863259382545948,0,0,0,0
images/train/IMG0002733.jpg,0.004863016773015261,0,0,0,0
images/train/IMG0002973.jpg,0.0048525333404541016,0,0,0,0
images/train/IMG0001555.jpg,0.004848974756896496,0,0,0,0
images/train/IMG0004105.jpg,0.004840574227273464,0,0,0,0
images/train/IMG0002054.jpg,0.0048393020406365395,0,0,0,0
images/train/IMG0001725.jpg,0.0048186806961894035,0,0,0,0
images/train/IMG0000222.jpg,0.004811928141862154,0,0,0,0
images/train/IMG0003976.jpg,0.004807765129953623,0,0,0,0
images/train/IMG0002232.jpg,0.0048023611307144165,0,0,0,0
images/train/IMG0003697.jpg,0.004787936341017485,0,0,0,0
images/train/IMG0000355.jpg,0.004777878988534212,0,0,0,0
images/train/IMG0002769.jpg,0.004745193291455507,0,0,0,0
images/train/IMG0003667.jpg,0.004732479806989431,0,0,0,0
images/train/IMG0001426.jpg,0.004726302810013294,0,0,0,0
images/train/IMG0001712.jpg,0.0046852766536176205,0,0,0,0
images/train/IMG0001053.jpg,0.004680160898715258,0,0,0,0
images/train/IMG0003571.jpg,0.004674298223108053,0,0,0,0
images/train/IMG0000459.jpg,0.004648155532777309,0,0,0,0
images/train/IMG0000592.jpg,0.004644032102078199,0,0,0,0
images/train/IMG0000098.jpg,0.004639454185962677,0,0,0,0
images/train/IMG0002120.jpg,0.004638555459678173,0,0,0,0
images/train/IMG0000499.jpg,0.004630456678569317,0,0,0,0
images/train/IMG0002820.jpg,0.004626519978046417,0,0,0,0
images/train/IMG0000140.jpg,0.004608836956322193,0,0,0,0
images/train/IMG0000085.jpg,0.004600562155246735,0,0,0,0
images/train/IMG0000437.jpg,0.0045943912118673325,0,0,0,0
images/train/IMG0000211.jpg,0.004594308324158192,0,0,0,0
images/train/IMG0000742.jpg,0.004592143464833498,0,0,0,0
images/train/IMG0002019.jpg,0.00457470677793026,0,0,0,0
images/train/IMG0001800.jpg,0.004563996568322182,0,0,0,0
images/train/IMG0003085.jpg,0.0045581297017633915,0,0,0,0
images/train/IMG0003805.jpg,0.004554490093141794,0,0,0,0
images/train/IMG0000270.jpg,0.004549533128738403,0,0,0,0
images/train/IMG0001538.jpg,0.004530250560492277,0,0,0,0
images/train/IMG0002193.jpg,0.004504334647208452,0,0,0,0
images/train/IMG0003714.jpg,0.004497028421610594,0,0,0,0
images/train/IMG0001309.jpg,0.004490336403250694,0,0,0,0
images/train/IMG0003152.jpg,0.004488603677600622,0,0,0,0
images/train/IMG0003760.jpg,0.004478039685636759,0,0,0,0
images/train/IMG0002989.jpg,0.004477673675864935,0,0,0,0
images/train/IMG0003839.jpg,0.004476991947740316,0,0,0,0
images/train/IMG0001748.jpg,0.004475291818380356,0,0,0,0
images/train/IMG0001047.jpg,0.004474382381886244,0,0,0,0
images/train/IMG0001692.jpg,0.0044553750194609165,0,0,0,0
images/train/IMG0004245.jpg,0.004448599182069302,0,0,0,0
images/train/IMG0000330.jpg,0.004443643614649773,0,0,0,0
images/train/IMG0000897.jpg,0.004414157941937447,0,0,0,0
images/train/IMG0002243.jpg,0.004396751057356596,0,0,0,0
images/train/IMG0000550.jpg,0.004377404227852821,0,0,0,0
images/train/IMG0001262.jpg,0.004376030992716551,0,0,0,0
images/train/IMG0000157.jpg,0.0043226806446909904,0,0,0,0
images/train/IMG0002270.jpg,0.004322596359997988,0,0,0,0
images/train/IMG0002644.jpg,0.004319049417972565,0,0,0,0
images/train/IMG0000146.jpg,0.0043137455359101295,0,0,0,0
images/train/IMG0002765.jpg,0.004304455127567053,0,0,0,0
images/train/IMG0002649.jpg,0.004302350804209709,0,0,0,0
images/train/IMG0001432.jpg,0.004298259038478136,0,0,0,0
images/train/IMG0000818.jpg,0.0042970371432602406,0,0,0,0
images/train/IMG0002052.jpg,0.004278563894331455,0,0,0,0
images/train/IMG0003336.jpg,0.004269553814083338,0,0,0,0
images/train/IMG0003451.jpg,0.00426630349829793,0,0,0,0
images/train/IMG0001648.jpg,0.004265677649527788,0,0,0,0
images/train/IMG0000774.jpg,0.0042640515603125095,0,0,0,0
images/train/IMG0003689.jpg,0.004248066805303097,0,0,0,0
images/train/IMG0003700.jpg,0.004246465861797333,0,0,0,0
images/train/IMG0001811.jpg,0.0042456514202058315,0,0,0,0
images/train/IMG0000282.jpg,0.004244623240083456,0,0,0,0
images/train/IMG0001253.jpg,0.00424013938754797,0,0,0,0
images/train/IMG0001747.jpg,0.004228207282721996,0,0,0,0
images/train/IMG0001583.jpg,0.004228042438626289,0,0,0,0
images/train/IMG0000503.jpg,0.0042207813821733,0,0,0,0
images/train/IMG0000899.jpg,0.004215211607515812,0,0,0,0
images/train/IMG0000524.jpg,0.004199772607535124,0,0,0,0
images/train/IMG0001720.jpg,0.004198290873318911,0,0,0,0
images/train/IMG0003492.jpg,0.004182823933660984,0,0,0,0
images/train/IMG0000660.jpg,0.00417166855186224,0,0,0,0
images/train/IMG0001545.jpg,0.00416570995002985,0,0,0,0
images/train/IMG0001561.jpg,0.004159379284828901,0,0,0,0
images/train/IMG0003473.jpg,0.004153006244450808,0,0,0,0
images/train/IMG0000149.jpg,0.004150541964918375,0,0,0,0
images/train/IMG0000817.jpg,0.004150226712226868,0,0,0,0
images/train/IMG0000649.jpg,0.004141497425734997,0,0,0,0
images/train/IMG0001790.jpg,0.004141471814364195,0,0,0,0
images/train/IMG0001624.jpg,0.004139220807701349,0,0,0,0
images/train/IMG0000367.jpg,0.004134904593229294,0,0,0,0
images/train/IMG0001493.jpg,0.004115112591534853,0,0,0,0
images/train/IMG0002755.jpg,0.0041147274896502495,0,0,0,0
images/train/IMG0001457.jpg,0.0041030943393707275,0,0,0,0
images/train/IMG0003631.jpg,0.004095778334885836,0,0,0,0
images/train/IMG0001782.jpg,0.004091551993042231,0,0,0,0
images/train/IMG0000185.jpg,0.00408564368262887,0,0,0,0
images/train/IMG0000001.jpg,0.004085472784936428,0,0,0,0
images/train/IMG0001544.jpg,0.004085013177245855,0,0,0,0
images/train/IMG0002762.jpg,0.004083079751580954,0,0,0,0
images/train/IMG0000703.jpg,0.0040750871412456036,0,0,0,0
images/train/IMG0003945.jpg,0.004069619812071323,0,0,0,0
images/train/IMG0000402.jpg,0.00404576538130641,0,0,0,0
images/train/IMG0000232.jpg,0.00404347013682127,0,0,0,0
images/train/IMG0003799.jpg,0.004039946012198925,0,0,0,0
images/train/IMG0003089.jpg,0.0040337094105780125,0,0,0,0
images/train/IMG0000704.jpg,0.004032125696539879,0,0,0,0
images/train/IMG0000095.jpg,0.0040315682999789715,0,0,0,0
images/train/IMG0000120.jpg,0.003997932653874159,0,0,0,0
images/train/IMG0002837.jpg,0.003986593801528215,0,0,0,0
images/train/IMG0000321.jpg,0.003980617504566908,0,0,0,0
images/train/IMG0001903.jpg,0.003971068188548088,0,0,0,0
images/train/IMG0000605.jpg,0.003967791795730591,0,0,0,0
images/train/IMG0000194.jpg,0.003947161138057709,0,0,0,0
images/train/IMG0002204.jpg,0.003945339471101761,0,0,0,0
images/train/IMG0001094.jpg,0.00394378462806344,0,0,0,0
images/train/IMG0001517.jpg,0.003938550595194101,0,0,0,0
images/train/IMG0002269.jpg,0.003923818469047546,0,0,0,0
images/train/IMG0000648.jpg,0.003918084315955639,0,0,0,0
images/train/IMG0002991.jpg,0.0039145988412201405,0,0,0,0
images/train/IMG0003429.jpg,0.003912579733878374,0,0,0,0
images/train/IMG0003549.jpg,0.003908785060048103,0,0,0,0
images/train/IMG0003959.jpg,0.003903603181242943,0,0,0,0
images/train/IMG0002972.jpg,0.0038966266438364983,0,0,0,0
images/train/IMG0000571.jpg,0.0038956699427217245,0,0,0,0
images/train/IMG0004172.jpg,0.003891287138685584,0,0,0,0
images/train/IMG0001540.jpg,0.003889454063028097,0,0,0,0
images/train/IMG0000673.jpg,0.0038813629653304815,0,0,0,0
images/train/IMG0002754.jpg,0.003874750342220068,0,0,0,0
images/train/IMG0000278.jpg,0.0038674669340252876,0,0,0,0
images/train/IMG0000830.jpg,0.0038420946802943945,0,0,0,0
images/train/IMG0001895.jpg,0.0038337979931384325,0,0,0,0
images/train/IMG0002076.jpg,0.0038317993748933077,0,0,0,0
images/train/IMG0001115.jpg,0.0038273604586720467,0,0,0,0
images/train/IMG0000824.jpg,0.0038273076061159372,0,0,0,0
images/train/IMG0000304.jpg,0.0038159454707056284,0,0,0,0
images/train/IMG0002724.jpg,0.0038158330135047436,0,0,0,0
images/train/IMG0001125.jpg,0.003814185969531536,0,0,0,0
images/train/IMG0001028.jpg,0.00377865182235837,0,0,0,0
images/train/IMG0000635.jpg,0.0037785584572702646,0,0,0,0
images/train/IMG0003594.jpg,0.0037785102613270283,0,0,0,0
images/train/IMG0000535.jpg,0.0037729949690401554,0,0,0,0
images/train/IMG0001874.jpg,0.0037700815591961145,0,0,0,0
images/train/IMG0000887.jpg,0.0037641669623553753,0,0,0,0
images/train/IMG0000074.jpg,0.003752118442207575,0,0,0,0
images/train/IMG0004073.jpg,0.0037467482034116983,0,0,0,0
images/train/IMG0000961.jpg,0.0037462692707777023,0,0,0,0
images/train/IMG0003460.jpg,0.003736887825652957,0,0,0,0
images/train/IMG0001019.jpg,0.0037220604717731476,0,0,0,0
images/train/IMG0002098.jpg,0.003706203307956457,0,0,0,0
images/train/IMG0001445.jpg,0.00369529752060771,0,0,0,0
images/train/IMG0000405.jpg,0.003693021135404706,0,0,0,0
images/train/IMG0003727.jpg,0.003683314425870776,0,0,0,0
images/train/IMG0001658.jpg,0.0036831675097346306,0,0,0,0
images/train/IMG0001551.jpg,0.0036831428296864033,0,0,0,0
images/train/IMG0002003.jpg,0.003659046720713377,0,0,0,0
images/train/IMG0001140.jpg,0.0036295196041464806,0,0,0,0
images/train/IMG0000784.jpg,0.003620003117248416,0,0,0,0
images/train/IMG0000545.jpg,0.0035994413774460554,0,0,0,0
images/train/IMG0000128.jpg,0.003590005449950695,0,0,0,0
images/train/IMG0002151.jpg,0.0035899318754673004,0,0,0,0
images/train/IMG0000266.jpg,0.0035833914298564196,0,0,0,0
images/train/IMG0003354.jpg,0.003573630005121231,0,0,0,0
images/train/IMG0000754.jpg,0.0035713589750230312,0,0,0,0
images/train/IMG0003835.jpg,0.003561408957466483,0,0,0,0
images/train/IMG0002773.jpg,0.0035388797987252474,0,0,0,0
images/train/IMG0004164.jpg,0.0035388797987252474,0,0,0,0
images/train/IMG0000007.jpg,0.003536543110385537,0,0,0,0
images/train/IMG0003126.jpg,0.003527846187353134,0,0,0,0
images/train/IMG0000221.jpg,0.003525771666318178,0,0,0,0
images/train/IMG0000989.jpg,0.003505441825836897,0,0,0,0
images/train/IMG0003867.jpg,0.003503922838717699,0,0,0,0
images/train/IMG0000255.jpg,0.003498130477964878,0,0,0,0
images/train/IMG0001158.jpg,0.003496980294585228,0,0,0,0
images/train/IMG0001208.jpg,0.003483235603198409,0,0,0,0
images/train/IMG0003470.jpg,0.0034659754019230604,0,0,0,0
images/train/IMG0003208.jpg,0.0034615809563547373,0,0,0,0
images/train/IMG0001195.jpg,0.0034565492533147335,0,0,0,0
images/train/IMG0001247.jpg,0.003454091725870967,0,0,0,0
images/train/IMG0001377.jpg,0.003445474896579981,0,0,0,0
images/train/IMG0001899.jpg,0.00343904341571033,0,0,0,0
images/train/IMG0002926.jpg,0.0034308915492147207,0,0,0,0
images/train/IMG0003127.jpg,0.00342712108977139,0,0,0,0
images/train/IMG0000216.jpg,0.003415370127186179,0,0,0,0
images/train/IMG0001249.jpg,0.0034073067363351583,0,0,0,0
images/train/IMG0001009.jpg,0.003401666646823287,0,0,0,0
images/train/IMG0002645.jpg,0.0033988908398896456,0,0,0,0
images/train/IMG0003752.jpg,0.0033838411327451468,0,0,0,0
images/train/IMG0001373.jpg,0.0033742899540811777,0,0,0,0
images/train/IMG0003608.jpg,0.0033605750650167465,0,0,0,0
images/train/IMG0003410.jpg,0.0033554844558238983,0,0,0,0
images/train/IMG0000741.jpg,0.003354961285367608,0,0,0,0
images/train/IMG0001510.jpg,0.0033421190455555916,0,0,0,0
images/train/IMG0000567.jpg,0.0033421094994992018,0,0,0,0
images/train/IMG0004070.jpg,0.0033420317340642214,0,0,0,0
images/train/IMG0003736.jpg,0.003325116354972124,0,0,0,0
images/train/IMG0003775.jpg,0.003322977339848876,0,0,0,0
images/train/IMG0001353.jpg,0.0033213889691978693,0,0,0,0
images/train/IMG0000225.jpg,0.00332122971303761,0,0,0,0
images/train/IMG0002261.jpg,0.0033158501610159874,0,0,0,0
images/train/IMG0003274.jpg,0.0033124228939414024,0,0,0,0
images/train/IMG0000124.jpg,0.0033114198595285416,0,0,0,0
images/train/IMG0001687.jpg,0.0033007811289280653,0,0,0,0
images/train/IMG0001449.jpg,0.0032847172114998102,0,0,0,0
images/train/IMG0002763.jpg,0.0032825039234012365,0,0,0,0
images/train/IMG0003516.jpg,0.0032784549985080957,0,0,0,0
images/train/IMG0003348.jpg,0.00327661051414907,0,0,0,0
images/train/IMG0001283.jpg,0.0032722139731049538,0,0,0,0
images/train/IMG0002199.jpg,0.0032717802096158266,0,0,0,0
images/train/IMG0000527.jpg,0.003265140810981393,0,0,0,0
images/train/IMG0003918.jpg,0.0032631054054945707,0,0,0,0
images/train/IMG0001496.jpg,0.0032579079270362854,0,0,0,0
images/train/IMG0000917.jpg,0.0032548168674111366,0,0,0,0
images/train/IMG0002133.jpg,0.003249631030485034,0,0,0,0
images/train/IMG0000795.jpg,0.003242799313738942,0,0,0,0
images/train/IMG0001244.jpg,0.003233823226764798,0,0,0,0
images/train/IMG0003049.jpg,0.0032307994551956654,0,0,0,0
images/train/IMG0002729.jpg,0.0032225456088781357,0,0,0,0
images/train/IMG0001415.jpg,0.003216134151443839,0,0,0,0
images/train/IMG0003418.jpg,0.003208597656339407,0,0,0,0
images/train/IMG0000035.jpg,0.003205308225005865,0,0,0,0
images/train/IMG0000949.jpg,0.0032017449848353863,0,0,0,0
images/train/IMG0001255.jpg,0.0032008353155106306,0,0,0,0
images/train/IMG0001291.jpg,0.003194913500919938,0,0,0,0
images/train/IMG0003627.jpg,0.003192140022292733,0,0,0,0
images/train/IMG0000311.jpg,0.0031863038893789053,0,0,0,0
images/train/IMG0000881.jpg,0.0031849548686295748,0,0,0,0
images/train/IMG0000717.jpg,0.0031816877890378237,0,0,0,0
images/train/IMG0000022.jpg,0.003178373444825411,0,0,0,0
images/train/IMG0001260.jpg,0.0031766605097800493,0,0,0,0
images/train/IMG0000668.jpg,0.00316832447424531,0,0,0,0
images/train/IMG0003325.jpg,0.0031601018272340298,0,0,0,0
images/train/IMG0002684.jpg,0.0031592759769409895,0,0,0,0
images/train/IMG0000489.jpg,0.0031573076266795397,0,0,0,0
images/train/IMG0003923.jpg,0.0031521522905677557,0,0,0,0
images/train/IMG0001536.jpg,0.003150196047499776,0,0,0,0
images/train/IMG0003914.jpg,0.0031390332151204348,0,0,0,0
images/train/IMG0003206.jpg,0.0031375340186059475,0,0,0,0
images/train/IMG0001394.jpg,0.0031252792105078697,0,0,0,0
images/train/IMG0003601.jpg,0.003121900139376521,0,0,0,0
images/train/IMG0002868.jpg,0.0031194270122796297,0,0,0,0
images/train/IMG0004193.jpg,0.0031194270122796297,0,0,0,0
images/train/IMG0001406.jpg,0.0031147655099630356,0,0,0,0
images/train/IMG0002728.jpg,0.003113877261057496,0,0,0,0
images/train/IMG0002817.jpg,0.0031114728190004826,0,0,0,0
images/train/IMG0001518.jpg,0.003106039250269532,0,0,0,0
images/train/IMG0003239.jpg,0.003092141356319189,0,0,0,0
images/train/IMG0003129.jpg,0.003088966477662325,0,0,0,0
images/train/IMG0001463.jpg,0.00308037968352437,0,0,0,0
images/train/IMG0003333.jpg,0.003080004593357444,0,0,0,0
images/train/IMG0000940.jpg,0.0030798963271081448,0,0,0,0
images/train/IMG0000909.jpg,0.0030634894501417875,0,0,0,0
images/train/IMG0002932.jpg,0.0030272621661424637,0,0,0,0
images/train/IMG0003415.jpg,0.0030244714580476284,0,0,0,0
images/train/IMG0003634.jpg,0.003021933138370514,0,0,0,0
images/train/IMG0001080.jpg,0.0030065232422202826,0,0,0,0
images/train/IMG0000119.jpg,0.003001268021762371,0,0,0,0
images/train/IMG0000484.jpg,0.002988050691783428,0,0,0,0
images/train/IMG0002207.jpg,0.0029683499597012997,0,0,0,0
images/train/IMG0002767.jpg,0.002963555743917823,0,0,0,0
images/train/IMG0004168.jpg,0.002963555743917823,0,0,0,0
images/train/IMG0000514.jpg,0.002959407866001129,0,0,0,0
images/train/IMG0002814.jpg,0.002957757795229554,0,0,0,0
images/train/IMG0000688.jpg,0.0029536252841353416,0,0,0,0
images/train/IMG0001269.jpg,0.0029527293518185616,0,0,0,0
images/train/IMG0000209.jpg,0.002950571244582534,0,0,0,0
images/train/IMG0000048.jpg,0.002940312260761857,0,0,0,0
images/train/IMG0000939.jpg,0.002938109915703535,0,0,0,0
images/train/IMG0003518.jpg,0.0029331424739211798,0,0,0,0
images/train/IMG0000918.jpg,0.002932789735496044,0,0,0,0
images/train/IMG0003958.jpg,0.0029327089432626963,0,0,0,0
images/train/IMG0000066.jpg,0.002932449569925666,0,0,0,0
images/train/IMG0001474.jpg,0.002931601833552122,0,0,0,0
images/train/IMG0001049.jpg,0.0029276239220052958,0,0,0,0
images/train/IMG0001851.jpg,0.00292729283683002,0,0,0,0
images/train/IMG0003987.jpg,0.002919156802818179,0,0,0,0
images/train/IMG0003728.jpg,0.002917325356975198,0,0,0,0
images/train/IMG0002158.jpg,0.0029132834170013666,0,0,0,0
images/train/IMG0003133.jpg,0.002912588184699416,0,0,0,0
images/train/IMG0002282.jpg,0.002908335765823722,0,0,0,0
images/train/IMG0000379.jpg,0.0029043795075267553,0,0,0,0
images/train/IMG0001898.jpg,0.002891116077080369,0,0,0,0
images/train/IMG0002781.jpg,0.0028873891569674015,0,0,0,0
images/train/IMG0000109.jpg,0.002886864822357893,0,0,0,0
images/train/IMG0003550.jpg,0.002884963061660528,0,0,0,0
images/train/IMG0002048.jpg,0.0028849190566688776,0,0,0,0
images/train/IMG0001983.jpg,0.002882727887481451,0,0,0,0
images/train/IMG0000334.jpg,0.002880482468754053,0,0,0,0
images/train/IMG0000954.jpg,0.00287835206836462,0,0,0,0
images/train/IMG0000990.jpg,0.0028767294716089964,0,0,0,0
images/train/IMG0000041.jpg,0.002871687989681959,0,0,0,0
images/train/IMG0003469.jpg,0.002859953325241804,0,0,0,0
images/train/IMG0000890.jpg,0.0028501020278781652,0,0,0,0
images/train/IMG0001111.jpg,0.0028450533282011747,0,0,0,0
images/train/IMG0000997.jpg,0.0028436805587261915,0,0,0,0
images/train/IMG0001397.jpg,0.002843595342710614,0,0,0,0
images/train/IMG0001390.jpg,0.0028421245515346527,0,0,0,0
images/train/IMG0003559.jpg,0.002840162953361869,0,0,0,0
images/train/IMG0000559.jpg,0.002838402520865202,0,0,0,0
images/train/IMG0003515.jpg,0.0028366458136588335,0,0,0,0
images/train/IMG0000880.jpg,0.002828504191711545,0,0,0,0
images/train/IMG0003056.jpg,0.0028071950655430555,0,0,0,0
images/train/IMG0002066.jpg,0.0027910370845347643,0,0,0,0
images/train/IMG0002708.jpg,0.0027862831484526396,0,0,0,0
images/train/IMG0000192.jpg,0.0027847320307046175,0,0,0,0
images/train/IMG0003984.jpg,0.002770352875813842,0,0,0,0
images/train/IMG0000589.jpg,0.002769611543044448,0,0,0,0
images/train/IMG0003632.jpg,0.0027692848816514015,0,0,0,0
images/train/IMG0003941.jpg,0.002757202833890915,0,0,0,0
images/train/IMG0002961.jpg,0.002756972098723054,0,0,0,0
images/train/IMG0003777.jpg,0.002752582309767604,0,0,0,0
images/train/IMG0003154.jpg,0.002748841419816017,0,0,0,0
images/train/IMG0000248.jpg,0.0027398355305194855,0,0,0,0
images/train/IMG0002962.jpg,0.0027390732429921627,0,0,0,0
images/train/IMG0003502.jpg,0.002727281302213669,0,0,0,0
images/train/IMG0003482.jpg,0.002725922502577305,0,0,0,0
images/train/IMG0000347.jpg,0.002722489181905985,0,0,0,0
images/train/IMG0000593.jpg,0.0027199427131563425,0,0,0,0
images/train/IMG0002943.jpg,0.002717246999964118,0,0,0,0
images/train/IMG0003256.jpg,0.002704720012843609,0,0,0,0
images/train/IMG0000617.jpg,0.0027036964893341064,0,0,0,0
images/train/IMG0001003.jpg,0.002703671809285879,0,0,0,0
images/train/IMG0000014.jpg,0.0027018508408218622,0,0,0,0
images/train/IMG0000020.jpg,0.0027006445452570915,0,0,0,0
images/train/IMG0001097.jpg,0.0026991500053554773,0,0,0,0
images/train/IMG0000573.jpg,0.0026943935081362724,0,0,0,0
images/train/IMG0000598.jpg,0.0026937886141240597,0,0,0,0
images/train/IMG0001146.jpg,0.0026937208604067564,0,0,0,0
images/train/IMG0001959.jpg,0.0026908565778285265,0,0,0,0
images/train/IMG0002229.jpg,0.0026903830002993345,0,0,0,0
images/train/IMG0001830.jpg,0.0026873222086578608,0,0,0,0
images/train/IMG0001759.jpg,0.0026791414711624384,0,0,0,0
images/train/IMG0001502.jpg,0.0026766592636704445,0,0,0,0
images/train/IMG0003629.jpg,0.002674660412594676,0,0,0,0
images/train/IMG0002824.jpg,0.0026745421346277,0,0,0,0
images/train/IMG0000664.jpg,0.0026713667903095484,0,0,0,0
images/train/IMG0000726.jpg,0.002671140478923917,0,0,0,0
images/train/IMG0000313.jpg,0.0026697474531829357,0,0,0,0
images/train/IMG0002785.jpg,0.0026620328426361084,0,0,0,0
images/train/IMG0001749.jpg,0.0026576663367450237,0,0,0,0
images/train/IMG0001196.jpg,0.002656463300809264,0,0,0,0
images/train/IMG0001645.jpg,0.002653128933161497,0,0,0,0
images/train/IMG0000674.jpg,0.0026509547606110573,0,0,0,0
images/train/IMG0002933.jpg,0.002644902328029275,0,0,0,0
images/train/IMG0001325.jpg,0.0026392857544124126,0,0,0,0
images/train/IMG0003788.jpg,0.002635564189404249,0,0,0,0
images/train/IMG0004263.jpg,0.002635141834616661,0,0,0,0
images/train/IMG0002853.jpg,0.0026222439482808113,0,0,0,0
images/train/IMG0001810.jpg,0.0026218711864203215,0,0,0,0
images/train/IMG0000522.jpg,0.002621500752866268,0,0,0,0
images/train/IMG0001462.jpg,0.002618903759866953,0,0,0,0
images/train/IMG0002284.jpg,0.0026149535551667213,0,0,0,0
images/train/IMG0002135.jpg,0.0026071774773299694,0,0,0,0
images/train/IMG0001706.jpg,0.0026057246141135693,0,0,0,0
images/train/IMG0001856.jpg,0.0025884283240884542,0,0,0,0
images/train/IMG0001672.jpg,0.0025763516314327717,0,0,0,0
images/train/IMG0000462.jpg,0.0025726330932229757,0,0,0,0
images/train/IMG0003530.jpg,0.0025585417170077562,0,0,0,0
images/train/IMG0000583.jpg,0.0025578229688107967,0,0,0,0
images/train/IMG0002088.jpg,0.0025572171434760094,0,0,0,0
images/train/IMG0003128.jpg,0.002556422958150506,0,0,0,0
images/train/IMG0000591.jpg,0.0025496825110167265,0,0,0,0
images/train/IMG0002198.jpg,0.0025445313658565283,0,0,0,0
images/train/IMG0002131.jpg,0.002541379537433386,0,0,0,0
images/train/IMG0000331.jpg,0.0025393411051481962,0,0,0,0
images/train/IMG0002190.jpg,0.002527355682104826,0,0,0,0
images/train/IMG0003612.jpg,0.0025252599734812975,0,0,0,0
images/train/IMG0001059.jpg,0.0025231230538338423,0,0,0,0
images/train/IMG0001272.jpg,0.0025119150523096323,0,0,0,0
images/train/IMG0001711.jpg,0.0025109141133725643,0,0,0,0
images/train/IMG0000513.jpg,0.0024997841101139784,0,0,0,0
images/train/IMG0001694.jpg,0.0024997140280902386,0,0,0,0
images/train/IMG0002039.jpg,0.002486659912392497,0,0,0,0
images/train/IMG0000871.jpg,0.002485984470695257,0,0,0,0
images/train/IMG0001105.jpg,0.0024810845497995615,0,0,0,0
images/train/IMG0002164.jpg,0.0024802444968372583,0,0,0,0
images/train/IMG0001435.jpg,0.0024799045640975237,0,0,0,0
images/train/IMG0002245.jpg,0.0024792924523353577,0,0,0,0
images/train/IMG0001973.jpg,0.002473318250849843,0,0,0,0
images/train/IMG0001173.jpg,0.0024668010883033276,0,0,0,0
images/train/IMG0001439.jpg,0.0024582843761891127,0,0,0,0
images/train/IMG0003356.jpg,0.002457553520798683,0,0,0,0
images/train/IMG0002659.jpg,0.0024567481596022844,0,0,0,0
images/train/IMG0004065.jpg,0.0024567481596022844,0,0,0,0
images/train/IMG0001590.jpg,0.0024567143991589546,0,0,0,0
images/train/IMG0003414.jpg,0.002453290391713381,0,0,0,0
images/train/IMG0002043.jpg,0.0024519478902220726,0,0,0,0
images/train/IMG0000254.jpg,0.0024507397320121527,0,0,0,0
images/train/IMG0001653.jpg,0.0024497839622199535,0,0,0,0
images/train/IMG0001943.jpg,0.002448218408972025,0,0,0,0
images/train/IMG0000691.jpg,0.002444869140163064,0,0,0,0
images/train/IMG0003478.jpg,0.002442092401906848,0,0,0,0
images/train/IMG0001346.jpg,0.0024412863422185183,0,0,0,0
images/train/IMG0001000.jpg,0.0024293509777635336,0,0,0,0
images/train/IMG0003360.jpg,0.0024290564469993114,0,0,0,0
images/train/IMG0003343.jpg,0.002428945619612932,0,0,0,0
images/train/IMG0001082.jpg,0.0024284878745675087,0,0,0,0
images/train/IMG0000114.jpg,0.002425059676170349,0,0,0,0
images/train/IMG0000539.jpg,0.002419219119474292,0,0,0,0
images/train/IMG0001414.jpg,0.002416335977613926,0,0,0,0
images/train/IMG0001156.jpg,0.002415385562926531,0,0,0,0
images/train/IMG0003829.jpg,0.0024106954224407673,0,0,0,0
images/train/IMG0002643.jpg,0.002405585255473852,0,0,0,0
images/train/IMG0003581.jpg,0.002405334496870637,0,0,0,0
images/train/IMG0001372.jpg,0.0024046264588832855,0,0,0,0
images/train/IMG0000628.jpg,0.002404266269877553,0,0,0,0
images/train/IMG0000171.jpg,0.0023996569216251373,0,0,0,0
images/train/IMG0000855.jpg,0.0023994650691747665,0,0,0,0
images/train/IMG0002930.jpg,0.002397251781076193,0,0,0,0
images/train/IMG0003679.jpg,0.002393907168880105,0,0,0,0
images/train/IMG0000677.jpg,0.0023933721240609884,0,0,0,0
images/train/IMG0004027.jpg,0.0023907721042633057,0,0,0,0
images/train/IMG0001872.jpg,0.002390350215137005,0,0,0,0
images/train/IMG0003283.jpg,0.0023876135237514973,0,0,0,0
images/train/IMG0002672.jpg,0.002382360864430666,0,0,0,0
images/train/IMG0002787.jpg,0.0023768062237650156,0,0,0,0
images/train/IMG0000612.jpg,0.002374880248680711,0,0,0,0
images/train/IMG0003816.jpg,0.002373378025367856,0,0,0,0
images/train/IMG0001015.jpg,0.0023677994031459093,0,0,0,0
images/train/IMG0003824.jpg,0.002365108812227845,0,0,0,0
images/train/IMG0000616.jpg,0.002364400075748563,0,0,0,0
images/train/IMG0002182.jpg,0.0023629586212337017,0,0,0,0
images/train/IMG0001727.jpg,0.002357183489948511,0,0,0,0
images/train/IMG0000712.jpg,0.0023538016248494387,0,0,0,0
images/train/IMG0000973.jpg,0.0023505655117332935,0,0,0,0
images/train/IMG0000134.jpg,0.0023497079964727163,0,0,0,0
images/train/IMG0002278.jpg,0.0023495659697800875,0,0,0,0
images/train/IMG0000923.jpg,0.0023478723596781492,0,0,0,0
images/train/IMG0003367.jpg,0.0023468572180718184,0,0,0,0
images/train/IMG0001893.jpg,0.002345771063119173,0,0,0,0
images/train/IMG0000354.jpg,0.002340092323720455,0,0,0,0
images/train/IMG0000576.jpg,0.002338723512366414,0,0,0,0
images/train/IMG0002176.jpg,0.0023375889286398888,0,0,0,0
images/train/IMG0001506.jpg,0.002332185162231326,0,0,0,0
images/train/IMG0000577.jpg,0.002329654525965452,0,0,0,0
images/train/IMG0003543.jpg,0.0023226365447044373,0,0,0,0
images/train/IMG0002690.jpg,0.0023099849931895733,0,0,0,0
images/train/IMG0000268.jpg,0.002304170047864318,0,0,0,0
images/train/IMG0001086.jpg,0.0022920051123946905,0,0,0,0
images/train/IMG0000395.jpg,0.00229070452041924,0,0,0,0
images/train/IMG0002671.jpg,0.002288968302309513,0,0,0,0
images/train/IMG0001302.jpg,0.0022858004085719585,0,0,0,0
images/train/IMG0002719.jpg,0.002282211324200034,0,0,0,0
images/train/IMG0001408.jpg,0.0022801633458584547,0,0,0,0
images/train/IMG0003818.jpg,0.0022773046512156725,0,0,0,0
images/train/IMG0001655.jpg,0.0022700917907059193,0,0,0,0
images/train/IMG0002169.jpg,0.0022685176227241755,0,0,0,0
images/train/IMG0001248.jpg,0.002267323201522231,0,0,0,0
images/train/IMG0004304.jpg,0.0022623504046350718,0,0,0,0
images/train/IMG0003614.jpg,0.0022595806512981653,0,0,0,0
images/train/IMG0003599.jpg,0.002257883781567216,0,0,0,0
images/train/IMG0000811.jpg,0.0022567766718566418,0,0,0,0
images/train/IMG0002669.jpg,0.002255295403301716,0,0,0,0
images/train/IMG0004059.jpg,0.002255295403301716,0,0,0,0
images/train/IMG0000323.jpg,0.0022522287908941507,0,0,0,0
images/train/IMG0003198.jpg,0.0022498874459415674,0,0,0,0
images/train/IMG0000494.jpg,0.0022288879845291376,0,0,0,0
images/train/IMG0000647.jpg,0.002228878438472748,0,0,0,0
images/train/IMG0000387.jpg,0.0022250779438763857,0,0,0,0
images/train/IMG0000708.jpg,0.002225031377747655,0,0,0,0
images/train/IMG0001138.jpg,0.002217888832092285,0,0,0,0
images/train/IMG0000986.jpg,0.002213471569120884,0,0,0,0
images/train/IMG0000344.jpg,0.0022109434939920902,0,0,0,0
images/train/IMG0000094.jpg,0.0022023741621524096,0,0,0,0
images/train/IMG0003090.jpg,0.0022004919592291117,0,0,0,0
images/train/IMG0001266.jpg,0.002194424858316779,0,0,0,0
images/train/IMG0001024.jpg,0.0021944206673651934,0,0,0,0
images/train/IMG0003303.jpg,0.0021913282107561827,0,0,0,0
images/train/IMG0000202.jpg,0.0021885493770241737,0,0,0,0
images/train/IMG0000558.jpg,0.0021714072208851576,0,0,0,0
images/train/IMG0001757.jpg,0.0021668390836566687,0,0,0,0
images/train/IMG0002985.jpg,0.0021655044984072447,0,0,0,0
images/train/IMG0001691.jpg,0.002149309264495969,0,0,0,0
images/train/IMG0002286.jpg,0.002136032097041607,0,0,0,0
images/train/IMG0001956.jpg,0.002135421382263303,0,0,0,0
images/train/IMG0003190.jpg,0.002133989240974188,0,0,0,0
images/train/IMG0001113.jpg,0.002125015715137124,0,0,0,0
images/train/IMG0003169.jpg,0.0021190945990383625,0,0,0,0
images/train/IMG0001547.jpg,0.002118937438353896,0,0,0,0
images/train/IMG0003681.jpg,0.0021168612875044346,0,0,0,0
images/train/IMG0002177.jpg,0.002108384156599641,0,0,0,0
images/train/IMG0001861.jpg,0.0021080661099404097,0,0,0,0
images/train/IMG0000287.jpg,0.0021017901599407196,0,0,0,0
images/train/IMG0000752.jpg,0.002096483251079917,0,0,0,0
images/train/IMG0001663.jpg,0.0020961530972272158,0,0,0,0
images/train/IMG0000305.jpg,0.00209430162794888,0,0,0,0
images/train/IMG0002045.jpg,0.00209132325835526,0,0,0,0
images/train/IMG0003424.jpg,0.0020897274371236563,0,0,0,0
images/train/IMG0000244.jpg,0.002086445689201355,0,0,0,0
images/train/IMG0002726.jpg,0.0020785864908248186,0,0,0,0
images/train/IMG0000288.jpg,0.002076834673061967,0,0,0,0
images/train/IMG0002091.jpg,0.0020694811828434467,0,0,0,0
images/train/IMG0003318.jpg,0.002068807603791356,0,0,0,0
images/train/IMG0001685.jpg,0.0020589453633874655,0,0,0,0
images/train/IMG0003563.jpg,0.0020571716595441103,0,0,0,0
images/train/IMG0001969.jpg,0.002055969089269638,0,0,0,0
images/train/IMG0000886.jpg,0.0020544903818517923,0,0,0,0
images/train/IMG0002157.jpg,0.0020544130820780993,0,0,0,0
images/train/IMG0000364.jpg,0.0020508470479398966,0,0,0,0
images/train/IMG0001375.jpg,0.0020495913922786713,0,0,0,0
images/train/IMG0002197.jpg,0.0020491310860961676,0,0,0,0
images/train/IMG0001452.jpg,0.002047426300123334,0,0,0,0
images/train/IMG0000786.jpg,0.0020354639273136854,0,0,0,0
images/train/IMG0002950.jpg,0.0020300489850342274,0,0,0,0
images/train/IMG0001215.jpg,0.0020267379004508257,0,0,0,0
images/train/IMG0000496.jpg,0.0020240277517586946,0,0,0,0
images/train/IMG0000761.jpg,0.002022138796746731,0,0,0,0
images/train/IMG0000615.jpg,0.002019447274506092,0,0,0,0
images/train/IMG0003999.jpg,0.002019124338403344,0,0,0,0
images/train/IMG0000950.jpg,0.002018621889874339,0,0,0,0
images/train/IMG0000179.jpg,0.0020185699686408043,0,0,0,0
images/train/IMG0001689.jpg,0.002014990197494626,0,0,0,0
images/train/IMG0004107.jpg,0.00200515310280025,0,0,0,0
images/train/IMG0000356.jpg,0.0020041705574840307,0,0,0,0
images/train/IMG0002010.jpg,0.0019847797229886055,0,0,0,0
images/train/IMG0001922.jpg,0.0019802143797278404,0,0,0,0
images/train/IMG0000714.jpg,0.0019795086700469255,0,0,0,0
images/train/IMG0000944.jpg,0.001977932173758745,0,0,0,0
images/train/IMG0002107.jpg,0.001973518868908286,0,0,0,0
images/train/IMG0002626.jpg,0.001968172611668706,0,0,0,0
images/train/IMG0003508.jpg,0.0019659718964248896,0,0,0,0
images/train/IMG0003590.jpg,0.0019624812994152308,0,0,0,0
images/train/IMG0000386.jpg,0.0019582111854106188,0,0,0,0
images/train/IMG0003389.jpg,0.001956045860424638,0,0,0,0
images/train/IMG0001376.jpg,0.0019477384630590677,0,0,0,0
images/train/IMG0000933.jpg,0.0019438797608017921,0,0,0,0
images/train/IMG0003525.jpg,0.0019424556521698833,0,0,0,0
images/train/IMG0002864.jpg,0.0019402372417971492,0,0,0,0
images/train/IMG0003535.jpg,0.0019263405120000243,0,0,0,0
images/train/IMG0002965.jpg,0.0019224013667553663,0,0,0,0
images/train/IMG0003683.jpg,0.0019205852877348661,0,0,0,0
images/train/IMG0000332.jpg,0.0019170254236087203,0,0,0,0
images/train/IMG0002256.jpg,0.001916992710903287,0,0,0,0
images/train/IMG0004255.jpg,0.0019169406732544303,0,0,0,0
images/train/IMG0003576.jpg,0.0019074341980740428,0,0,0,0
images/train/IMG0001894.jpg,0.0019068787805736065,0,0,0,0
images/train/IMG0003212.jpg,0.0019030399853363633,0,0,0,0
images/train/IMG0002827.jpg,0.0019014050485566258,0,0,0,0
images/train/IMG0000580.jpg,0.0018990112002938986,0,0,0,0
images/train/IMG0001508.jpg,0.0018966150237247348,0,0,0,0
images/train/IMG0003209.jpg,0.001896342379041016,0,0,0,0
images/train/IMG0000813.jpg,0.0018944579642266035,0,0,0,0
images/train/IMG0001785.jpg,0.001890486804768443,0,0,0,0
images/train/IMG0000061.jpg,0.0018873295048251748,0,0,0,0
images/train/IMG0003351.jpg,0.0018871740903705359,0,0,0,0
images/train/IMG0001144.jpg,0.0018869790947064757,0,0,0,0
images/train/IMG0002027.jpg,0.001878509414382279,0,0,0,0
images/train/IMG0001043.jpg,0.0018709503347054124,0,0,0,0
images/train/IMG0001812.jpg,0.0018651230493560433,0,0,0,0
images/train/IMG0002878.jpg,0.0018646634416654706,0,0,0,0
images/train/IMG0001617.jpg,0.0018589763203635812,0,0,0,0
images/train/IMG0003707.jpg,0.0018580412724986672,0,0,0,0
images/train/IMG0000611.jpg,0.0018511624075472355,0,0,0,0
images/train/IMG0004299.jpg,0.001848233281634748,0,0,0,0
images/train/IMG0000010.jpg,0.0018450235947966576,0,0,0,0
images/train/IMG0002099.jpg,0.0018398627871647477,0,0,0,0
images/train/IMG0003314.jpg,0.0018299738876521587,0,0,0,0
images/train/IMG0003866.jpg,0.00182878109626472,0,0,0,0
images/train/IMG0004226.jpg,0.001824172679334879,0,0,0,0
images/train/IMG0001918.jpg,0.0018222740618512034,0,0,0,0
images/train/IMG0001077.jpg,0.0018205391243100166,0,0,0,0
images/train/IMG0001492.jpg,0.0018158148741349578,0,0,0,0
images/train/IMG0003781.jpg,0.001813210896216333,0,0,0,0
images/train/IMG0000272.jpg,0.0018130791140720248,0,0,0,0
images/train/IMG0001050.jpg,0.0018116624560207129,0,0,0,0
images/train/IMG0000926.jpg,0.0018095357809215784,0,0,0,0
images/train/IMG0000650.jpg,0.0018050839425995946,0,0,0,0
images/train/IMG0001159.jpg,0.0018023590091615915,0,0,0,0
images/train/IMG0000821.jpg,0.0017997408285737038,0,0,0,0
images/train/IMG0001984.jpg,0.0017993083456531167,0,0,0,0
images/train/IMG0003235.jpg,0.0017876712372526526,0,0,0,0
images/train/IMG0002888.jpg,0.0017853549215942621,0,0,0,0
images/train/IMG0002244.jpg,0.0017799795605242252,0,0,0,0
images/train/IMG0003644.jpg,0.0017749842954799533,0,0,0,0
images/train/IMG0003159.jpg,0.0017714537680149078,0,0,0,0
images/train/IMG0001736.jpg,0.001744678826071322,0,0,0,0
images/train/IMG0002776.jpg,0.0017446272540837526,0,0,0,0
images/train/IMG0001915.jpg,0.0017359829507768154,0,0,0,0
images/train/IMG0004288.jpg,0.0017317679012194276,0,0,0,0
images/train/IMG0000283.jpg,0.0017310103867202997,0,0,0,0
images/train/IMG0003017.jpg,0.001730851479806006,0,0,0,0
images/train/IMG0003253.jpg,0.0017276364378631115,0,0,0,0
images/train/IMG0000873.jpg,0.0017266268841922283,0,0,0,0
images/train/IMG0003895.jpg,0.001723967376165092,0,0,0,0
images/train/IMG0001006.jpg,0.0017217113636434078,0,0,0,0
images/train/IMG0002692.jpg,0.001721594133414328,0,0,0,0
images/train/IMG0001744.jpg,0.0017209223005920649,0,0,0,0
images/train/IMG0001704.jpg,0.0017198381246998906,0,0,0,0
images/train/IMG0002707.jpg,0.0017186588374897838,0,0,0,0
images/train/IMG0000117.jpg,0.0017151247011497617,0,0,0,0
images/train/IMG0000231.jpg,0.0017148480983451009,0,0,0,0
images/train/IMG0000756.jpg,0.0017117358511313796,0,0,0,0
images/train/IMG0000187.jpg,0.0017115819500759244,0,0,0,0
images/train/IMG0001661.jpg,0.0017089595785364509,0,0,0,0
images/train/IMG0001919.jpg,0.0017066646832972765,0,0,0,0
images/train/IMG0001121.jpg,0.001702967332676053,0,0,0,0
images/train/IMG0003118.jpg,0.0016940386267378926,0,0,0,0
images/train/IMG0002196.jpg,0.001693630707450211,0,0,0,0
images/train/IMG0004036.jpg,0.0016935603925958276,0,0,0,0
images/train/IMG0000165.jpg,0.0016921889036893845,0,0,0,0
images/train/IMG0002224.jpg,0.0016916784225031734,0,0,0,0
images/train/IMG0001791.jpg,0.001691556884907186,0,0,0,0
images/train/IMG0001994.jpg,0.0016905617667362094,0,0,0,0
images/train/IMG0003572.jpg,0.0016891788691282272,0,0,0,0
images/train/IMG0000935.jpg,0.0016878631431609392,0,0,0,0
images/train/IMG0003607.jpg,0.0016867482336238027,0,0,0,0
images/train/IMG0001740.jpg,0.0016866133082658052,0,0,0,0
images/train/IMG0004075.jpg,0.0016861751209944487,0,0,0,0
images/train/IMG0003903.jpg,0.0016785092884674668,0,0,0,0
images/train/IMG0003248.jpg,0.001677553984336555,0,0,0,0
images/train/IMG0001424.jpg,0.0016767284832894802,0,0,0,0
images/train/IMG0002706.jpg,0.0016647014999762177,0,0,0,0
images/train/IMG0000937.jpg,0.0016617111396044493,0,0,0,0
images/train/IMG0003384.jpg,0.0016576476627960801,0,0,0,0
images/train/IMG0000026.jpg,0.00165687152184546,0,0,0,0
images/train/IMG0000045.jpg,0.0016528787091374397,0,0,0,0
images/train/IMG0002756.jpg,0.0016466170782223344,0,0,0,0
images/train/IMG0000996.jpg,0.001644442556425929,0,0,0,0
images/train/IMG0002981.jpg,0.0016439782921224833,0,0,0,0
images/train/IMG0002640.jpg,0.0016375826671719551,0,0,0,0
images/train/IMG0003741.jpg,0.0016370423836633563,0,0,0,0
images/train/IMG0001459.jpg,0.0016354199033230543,0,0,0,0
images/train/IMG0000645.jpg,0.0016349917277693748,0,0,0,0
images/train/IMG0003693.jpg,0.0016349854413419962,0,0,0,0
images/train/IMG0001161.jpg,0.0016323381569236517,0,0,0,0
images/train/IMG0001629.jpg,0.0016254691872745752,0,0,0,0
images/train/IMG0003904.jpg,0.0016245493898168206,0,0,0,0
images/train/IMG0000079.jpg,0.0016237706877291203,0,0,0,0
images/train/IMG0003079.jpg,0.0016226812731474638,0,0,0,0
images/train/IMG0000928.jpg,0.0016176392091438174,0,0,0,0
images/train/IMG0000562.jpg,0.0016157719073817134,0,0,0,0
images/train/IMG0001329.jpg,0.0016154511831700802,0,0,0,0
images/train/IMG0003716.jpg,0.0016143303364515305,0,0,0,0
images/train/IMG0001854.jpg,0.0016127709532156587,0,0,0,0
images/train/IMG0000203.jpg,0.00160998257342726,0,0,0,0
images/train/IMG0002713.jpg,0.0016078937333077192,0,0,0,0
images/train/IMG0001107.jpg,0.0016047988319769502,0,0,0,0
images/train/IMG0002680.jpg,0.0016047956887632608,0,0,0,0
images/train/IMG0002228.jpg,0.0016043733339756727,0,0,0,0
images/train/IMG0003872.jpg,0.001603954005986452,0,0,0,0
images/train/IMG0000460.jpg,0.0016039509791880846,0,0,0,0
images/train/IMG0000247.jpg,0.001601209631189704,0,0,0,0
images/train/IMG0004098.jpg,0.0016006968216970563,0,0,0,0
images/train/IMG0000783.jpg,0.0015957335708662868,0,0,0,0
images/train/IMG0002631.jpg,0.001594990841113031,0,0,0,0
images/train/IMG0001238.jpg,0.0015879023121669888,0,0,0,0
images/train/IMG0003197.jpg,0.0015849288320168853,0,0,0,0
images/train/IMG0004214.jpg,0.0015848978655412793,0,0,0,0
images/train/IMG0001322.jpg,0.0015847559552639723,0,0,0,0
images/train/IMG0000976.jpg,0.0015815307851880789,0,0,0,0
images/train/IMG0003948.jpg,0.001579122617840767,0,0,0,0
images/train/IMG0000049.jpg,0.0015680784126743674,0,0,0,0
images/train/IMG0002974.jpg,0.0015659595374017954,0,0,0,0
images/train/IMG0000913.jpg,0.0015639076009392738,0,0,0,0
images/train/IMG0000983.jpg,0.0015599909238517284,0,0,0,0
images/train/IMG0002891.jpg,0.0015593694988638163,0,0,0,0
images/train/IMG0000464.jpg,0.0015590896364301443,0,0,0,0
images/train/IMG0000745.jpg,0.001558869145810604,0,0,0,0
images/train/IMG0002057.jpg,0.0015551071846857667,0,0,0,0
images/train/IMG0002753.jpg,0.001552128465846181,0,0,0,0
images/train/IMG0002161.jpg,0.001552088651806116,0,0,0,0
images/train/IMG0002788.jpg,0.0015516424318775535,0,0,0,0
images/train/IMG0001549.jpg,0.0015510271769016981,0,0,0,0
images/train/IMG0000985.jpg,0.0015460661379620433,0,0,0,0
images/train/IMG0000927.jpg,0.0015424569137394428,0,0,0,0
images/train/IMG0001404.jpg,0.0015421462012454867,0,0,0,0
images/train/IMG0001021.jpg,0.00153638469055295,0,0,0,0
images/train/IMG0001425.jpg,0.001534369308501482,0,0,0,0
images/train/IMG0000233.jpg,0.001526985433883965,0,0,0,0
images/train/IMG0004275.jpg,0.0015263218665495515,0,0,0,0
images/train/IMG0000361.jpg,0.0015162164345383644,0,0,0,0
images/train/IMG0001484.jpg,0.0015140126924961805,0,0,0,0
images/train/IMG0001227.jpg,0.001511473092250526,0,0,0,0
images/train/IMG0000392.jpg,0.0015068321954458952,0,0,0,0
images/train/IMG0001753.jpg,0.0015064168255776167,0,0,0,0
images/train/IMG0003806.jpg,0.0015048023778945208,0,0,0,0
images/train/IMG0000004.jpg,0.0015024865278974175,0,0,0,0
images/train/IMG0002916.jpg,0.0015015525277704,0,0,0,0
images/train/IMG0003097.jpg,0.0015007506590336561,0,0,0,0
images/train/IMG0002030.jpg,0.00149541103746742,0,0,0,0
images/train/IMG0001160.jpg,0.0014900764217600226,0,0,0,0
images/train/IMG0001539.jpg,0.0014855950139462948,0,0,0,0
images/train/IMG0003305.jpg,0.0014825275866314769,0,0,0,0
images/train/IMG0001340.jpg,0.0014801027718931437,0,0,0,0
images/train/IMG0003863.jpg,0.0014785595703870058,0,0,0,0
images/train/IMG0000737.jpg,0.0014757055323570967,0,0,0,0
images/train/IMG0002159.jpg,0.0014752025017514825,0,0,0,0
images/train/IMG0002815.jpg,0.0014719127211719751,0,0,0,0
images/train/IMG0002874.jpg,0.0014711335534229875,0,0,0,0
images/train/IMG0000452.jpg,0.0014697830192744732,0,0,0,0
images/train/IMG0001853.jpg,0.0014651936944574118,0,0,0,0
images/train/IMG0003489.jpg,0.0014566275058314204,0,0,0,0
images/train/IMG0002059.jpg,0.0014536918606609106,0,0,0,0
images/train/IMG0000565.jpg,0.0014525488950312138,0,0,0,0
images/train/IMG0002060.jpg,0.001450990792363882,0,0,0,0
images/train/IMG0002836.jpg,0.0014499927638098598,0,0,0,0
images/train/IMG0000978.jpg,0.0014486490981653333,0,0,0,0
images/train/IMG0001958.jpg,0.001446785987354815,0,0,0,0
images/train/IMG0000581.jpg,0.0014428432332351804,0,0,0,0
images/train/IMG0000883.jpg,0.001435331185348332,0,0,0,0
images/train/IMG0000951.jpg,0.0014342537615448236,0,0,0,0
images/train/IMG0001825.jpg,0.0014279873576015234,0,0,0,0
images/train/IMG0003364.jpg,0.0014245733618736267,0,0,0,0
images/train/IMG0002089.jpg,0.0014229727676138282,0,0,0,0
images/train/IMG0002632.jpg,0.0014225032646209002,0,0,0,0
images/train/IMG0000104.jpg,0.0014216933632269502,0,0,0,0
images/train/IMG0000901.jpg,0.0014195226831361651,0,0,0,0
images/train/IMG0001860.jpg,0.001418952364474535,0,0,0,0
images/train/IMG0003407.jpg,0.0014157965779304504,0,0,0,0
images/train/IMG0002055.jpg,0.0014123456785455346,0,0,0,0
images/train/IMG0003593.jpg,0.0014107635943219066,0,0,0,0
images/train/IMG0003377.jpg,0.0014102940913289785,0,0,0,0
images/train/IMG0002017.jpg,0.0014102814020588994,0,0,0,0
images/train/IMG0004383.jpg,0.001405179500579834,0,0,0,0
images/train/IMG0004011.jpg,0.0014024554984644055,0,0,0,0
images/train/IMG0002871.jpg,0.0013966317055746913,0,0,0,0
images/train/IMG0000166.jpg,0.0013965811813250184,0,0,0,0
images/train/IMG0002168.jpg,0.0013961370568722486,0,0,0,0
images/train/IMG0001176.jpg,0.0013951415894553065,0,0,0,0
images/train/IMG0000425.jpg,0.0013916912721469998,0,0,0,0
images/train/IMG0003262.jpg,0.0013905161758884788,0,0,0,0
images/train/IMG0000898.jpg,0.0013868806418031454,0,0,0,0
images/train/IMG0001896.jpg,0.001378506887704134,0,0,0,0
images/train/IMG0000398.jpg,0.0013715362874791026,0,0,0,0
images/train/IMG0001101.jpg,0.0013690040213987231,0,0,0,0
images/train/IMG0003359.jpg,0.001368206343613565,0,0,0,0
images/train/IMG0002910.jpg,0.001366064534522593,0,0,0,0
images/train/IMG0002670.jpg,0.0013624324928969145,0,0,0,0
images/train/IMG0000252.jpg,0.0013624299317598343,0,0,0,0
images/train/IMG0001718.jpg,0.00136220280546695,0,0,0,0
images/train/IMG0001142.jpg,0.0013603002298623323,0,0,0,0
images/train/IMG0001659.jpg,0.001359668793156743,0,0,0,0
images/train/IMG0004142.jpg,0.001359620364382863,0,0,0,0
images/train/IMG0000434.jpg,0.001358069246634841,0,0,0,0
images/train/IMG0002858.jpg,0.0013547699199989438,0,0,0,0
images/train/IMG0004201.jpg,0.0013547699199989438,0,0,0,0
images/train/IMG0000541.jpg,0.0013544210232794285,0,0,0,0
images/train/IMG0000210.jpg,0.0013446771772578359,0,0,0,0
images/train/IMG0000485.jpg,0.0013433197746053338,0,0,0,0
images/train/IMG0001139.jpg,0.0013418070739135146,0,0,0,0
images/train/IMG0000856.jpg,0.001340333721600473,0,0,0,0
images/train/IMG0001531.jpg,0.001339926035143435,0,0,0,0
images/train/IMG0000544.jpg,0.001338467001914978,0,0,0,0
images/train/IMG0004079.jpg,0.001333516789600253,0,0,0,0
images/train/IMG0001978.jpg,0.0013328423956409097,0,0,0,0
images/train/IMG0003684.jpg,0.0013308959314599633,0,0,0,0
images/train/IMG0003792.jpg,0.0013294219970703125,0,0,0,0
images/train/IMG0000285.jpg,0.0013233865611255169,0,0,0,0
images/train/IMG0003609.jpg,0.001322960015386343,0,0,0,0
images/train/IMG0001280.jpg,0.0013160104863345623,0,0,0,0
images/train/IMG0003528.jpg,0.001314653200097382,0,0,0,0
images/train/IMG0001066.jpg,0.0013144842814654112,0,0,0,0
images/train/IMG0000995.jpg,0.001313433051109314,0,0,0,0
images/train/IMG0002212.jpg,0.0013059263583272696,0,0,0,0
images/train/IMG0000160.jpg,0.0013043897924944758,0,0,0,0
images/train/IMG0002771.jpg,0.0013005647342652082,0,0,0,0
images/train/IMG0002889.jpg,0.0012996954610571265,0,0,0,0
images/train/IMG0003988.jpg,0.0012970638927072287,0,0,0,0
images/train/IMG0003439.jpg,0.0012966173235327005,0,0,0,0
images/train/IMG0002983.jpg,0.0012953559635207057,0,0,0,0
images/train/IMG0004100.jpg,0.001294519635848701,0,0,0,0
images/train/IMG0000180.jpg,0.0012872901279479265,0,0,0,0
images/train/IMG0001064.jpg,0.0012855895329266787,0,0,0,0
images/train/IMG0002073.jpg,0.0012841766001656651,0,0,0,0
images/train/IMG0002002.jpg,0.0012829962652176619,0,0,0,0
images/train/IMG0001742.jpg,0.0012823243159800768,0,0,0,0
images/train/IMG0002062.jpg,0.0012696352787315845,0,0,0,0
images/train/IMG0001669.jpg,0.001267064013518393,0,0,0,0
images/train/IMG0000684.jpg,0.0012655208120122552,0,0,0,0
images/train/IMG0002273.jpg,0.001265172497369349,0,0,0,0
images/train/IMG0000335.jpg,0.0012642231304198503,0,0,0,0
images/train/IMG0002676.jpg,0.0012617211323231459,0,0,0,0
images/train/IMG0004108.jpg,0.0012617211323231459,0,0,0,0
images/train/IMG0002801.jpg,0.0012593852588906884,0,0,0,0
images/train/IMG0000449.jpg,0.0012560735922306776,0,0,0,0
images/train/IMG0002140.jpg,0.0012535450514405966,0,0,0,0
images/train/IMG0001929.jpg,0.0012460080906748772,0,0,0,0
images/train/IMG0003591.jpg,0.0012444444000720978,0,0,0,0
images/train/IMG0003641.jpg,0.0012443892192095518,0,0,0,0
images/train/IMG0003972.jpg,0.0012438453268259764,0,0,0,0
images/train/IMG0003124.jpg,0.0012408900074660778,0,0,0,0
images/train/IMG0002156.jpg,0.001240031560882926,0,0,0,0
images/train/IMG0000640.jpg,0.0012386038433760405,0,0,0,0
images/train/IMG0000333.jpg,0.0012319489615038037,0,0,0,0
images/train/IMG0001866.jpg,0.0012288205325603485,0,0,0,0
images/train/IMG0002923.jpg,0.0012224988313391805,0,0,0,0
images/train/IMG0002976.jpg,0.001214391551911831,0,0,0,0
images/train/IMG0001584.jpg,0.0012113387929275632,0,0,0,0
images/train/IMG0003099.jpg,0.0012062828755006194,0,0,0,0
images/train/IMG0001809.jpg,0.0012039549183100462,0,0,0,0
images/train/IMG0003836.jpg,0.00120185234118253,0,0,0,0
images/train/IMG0001434.jpg,0.0011967356549575925,0,0,0,0
images/train/IMG0003109.jpg,0.0011962342541664839,0,0,0,0
images/train/IMG0000825.jpg,0.0011951910564675927,0,0,0,0
images/train/IMG0003158.jpg,0.0011935447109863162,0,0,0,0
images/train/IMG0000435.jpg,0.0011883297702297568,0,0,0,0
images/train/IMG0000723.jpg,0.0011791357537731528,0,0,0,0
images/train/IMG0001165.jpg,0.0011782634537667036,0,0,0,0
images/train/IMG0001036.jpg,0.001172568998299539,0,0,0,0
images/train/IMG0001444.jpg,0.0011668918887153268,0,0,0,0
images/train/IMG0000790.jpg,0.0011592467781156301,0,0,0,0
images/train/IMG0003222.jpg,0.0011578116100281477,0,0,0,0
images/train/IMG0001478.jpg,0.0011553228832781315,0,0,0,0
images/train/IMG0000474.jpg,0.0011453588958829641,0,0,0,0
images/train/IMG0001993.jpg,0.0011451669270172715,0,0,0,0
images/train/IMG0002113.jpg,0.0011441773967817426,0,0,0,0
images/train/IMG0002958.jpg,0.001140947570092976,0,0,0,0
images/train/IMG0003916.jpg,0.0011396831832826138,0,0,0,0
images/train/IMG0003768.jpg,0.0011366388062015176,0,0,0,0
images/train/IMG0001832.jpg,0.0011307864915579557,0,0,0,0
images/train/IMG0003406.jpg,0.0011260755127295852,0,0,0,0
images/train/IMG0004252.jpg,0.0011248361552134156,0,0,0,0
images/train/IMG0000056.jpg,0.001122159999795258,0,0,0,0
images/train/IMG0003393.jpg,0.0011217704741284251,0,0,0,0
images/train/IMG0000286.jpg,0.0011214504484087229,0,0,0,0
images/train/IMG0000299.jpg,0.0011146871838718653,0,0,0,0
images/train/IMG0002175.jpg,0.0011108138132840395,0,0,0,0
images/train/IMG0001947.jpg,0.0011089921463280916,0,0,0,0
images/train/IMG0003115.jpg,0.001105099101550877,0,0,0,0
images/train/IMG0003937.jpg,0.0011016442440450191,0,0,0,0
images/train/IMG0001486.jpg,0.0011015449417755008,0,0,0,0
images/train/IMG0003621.jpg,0.0010977366473525763,0,0,0,0
images/train/IMG0001126.jpg,0.0010955443140119314,0,0,0,0
images/train/IMG0001312.jpg,0.0010939518688246608,0,0,0,0
images/train/IMG0003732.jpg,0.0010927728144451976,0,0,0,0
images/train/IMG0003319.jpg,0.0010914889862760901,0,0,0,0
images/train/IMG0001143.jpg,0.0010891057318076491,0,0,0,0
images/train/IMG0003380.jpg,0.0010827595833688974,0,0,0,0
images/train/IMG0004298.jpg,0.0010827415389940143,0,0,0,0
images/train/IMG0002174.jpg,0.001080421730875969,0,0,0,0
images/train/IMG0003082.jpg,0.0010732179507613182,0,0,0,0
images/train/IMG0002051.jpg,0.001072953687980771,0,0,0,0
images/train/IMG0000353.jpg,0.0010693840449675918,0,0,0,0
images/train/IMG0003582.jpg,0.0010674222139641643,0,0,0,0
images/train/IMG0000760.jpg,0.0010669240728020668,0,0,0,0
images/train/IMG0000969.jpg,0.0010668484028428793,0,0,0,0
images/train/IMG0003210.jpg,0.001066689845174551,0,0,0,0
images/train/IMG0003228.jpg,0.001061782706528902,0,0,0,0
images/train/IMG0000205.jpg,0.0010603403206914663,0,0,0,0
images/train/IMG0001888.jpg,0.0010526988189667463,0,0,0,0
images/train/IMG0003624.jpg,0.0010520953219383955,0,0,0,0
images/train/IMG0001477.jpg,0.0010520592331886292,0,0,0,0
images/train/IMG0000964.jpg,0.0010514350142329931,0,0,0,0
images/train/IMG0002990.jpg,0.0010456009767949581,0,0,0,0
images/train/IMG0000610.jpg,0.0010423860512673855,0,0,0,0
images/train/IMG0001843.jpg,0.0010419331956654787,0,0,0,0
images/train/IMG0000196.jpg,0.0010405434295535088,0,0,0,0
images/train/IMG0000086.jpg,0.001030661747790873,0,0,0,0
images/train/IMG0002186.jpg,0.0010282285511493683,0,0,0,0
images/train/IMG0003270.jpg,0.0010272014187648892,0,0,0,0
images/train/IMG0001012.jpg,0.0010257052490487695,0,0,0,0
images/train/IMG0000087.jpg,0.0010246089659631252,0,0,0,0
images/train/IMG0001831.jpg,0.0010204312857240438,0,0,0,0
images/train/IMG0000290.jpg,0.0010152289178222418,0,0,0,0
images/train/IMG0002775.jpg,0.0010150016751140356,0,0,0,0
images/train/IMG0003676.jpg,0.0010130578884854913,0,0,0,0
images/train/IMG0001331.jpg,0.001012996188364923,0,0,0,0
images/train/IMG0003980.jpg,0.0010118801146745682,0,0,0,0
images/train/IMG0003603.jpg,0.0010083767119795084,0,0,0,0
images/train/IMG0000869.jpg,0.0010077495826408267,0,0,0,0
images/train/IMG0002949.jpg,0.001006969716399908,0,0,0,0
images/train/IMG0002681.jpg,0.001005728729069233,0,0,0,0
images/train/IMG0003472.jpg,0.0010055518941953778,0,0,0,0
images/train/IMG0000557.jpg,0.0010023897048085928,0,0,0,0
images/train/IMG0002937.jpg,0.0010023796930909157,0,0,0,0
images/train/IMG0001914.jpg,0.0010006374213844538,0,0,0,0
images/train/IMG0000002.jpg,0.0,0,0,0,0
images/train/IMG0000042.jpg,0.0,0,0,0,0
images/train/IMG0000054.jpg,0.0,0,0,0,0
images/train/IMG0000060.jpg,0.0,0,0,0,0
images/train/IMG0000073.jpg,0.0,0,0,0,0
images/train/IMG0000075.jpg,0.0,0,0,0,0
images/train/IMG0000076.jpg,0.0,0,0,0,0
images/train/IMG0000083.jpg,0.0,0,0,0,0
images/train/IMG0000101.jpg,0.0,0,0,0,0
images/train/IMG0000103.jpg,0.0,0,0,0,0
images/train/IMG0000115.jpg,0.0,0,0,0,0
images/train/IMG0000116.jpg,0.0,0,0,0,0
images/train/IMG0000132.jpg,0.0,0,0,0,0
images/train/IMG0000139.jpg,0.0,0,0,0,0
images/train/IMG0000158.jpg,0.0,0,0,0,0
images/train/IMG0000174.jpg,0.0,0,0,0,0
images/train/IMG0000181.jpg,0.0,0,0,0,0
images/train/IMG0000197.jpg,0.0,0,0,0,0
images/train/IMG0000213.jpg,0.0,0,0,0,0
images/train/IMG0000215.jpg,0.0,0,0,0,0
images/train/IMG0000240.jpg,0.0,0,0,0,0
images/train/IMG0000243.jpg,0.0,0,0,0,0
images/train/IMG0000256.jpg,0.0,0,0,0,0
images/train/IMG0000257.jpg,0.0,0,0,0,0
images/train/IMG0000258.jpg,0.0,0,0,0,0
images/train/IMG0000271.jpg,0.0,0,0,0,0
images/train/IMG0000274.jpg,0.0,0,0,0,0
images/train/IMG0000275.jpg,0.0,0,0,0,0
images/train/IMG0000297.jpg,0.0,0,0,0,0
images/train/IMG0000298.jpg,0.0,0,0,0,0
images/train/IMG0000322.jpg,0.0,0,0,0,0
images/train/IMG0000326.jpg,0.0,0,0,0,0
images/train/IMG0000328.jpg,0.0,0,0,0,0
images/train/IMG0000337.jpg,0.0,0,0,0,0
images/train/IMG0000346.jpg,0.0,0,0,0,0
images/train/IMG0000348.jpg,0.0,0,0,0,0
images/train/IMG0000360.jpg,0.0,0,0,0,0
images/train/IMG0000362.jpg,0.0,0,0,0,0
images/train/IMG0000377.jpg,0.0,0,0,0,0
images/train/IMG0000389.jpg,0.0,0,0,0,0
images/train/IMG0000391.jpg,0.0,0,0,0,0
images/train/IMG0000404.jpg,0.0,0,0,0,0
images/train/IMG0000406.jpg,0.0,0,0,0,0
images/train/IMG0000412.jpg,0.0,0,0,0,0
images/train/IMG0000418.jpg,0.0,0,0,0,0
images/train/IMG0000422.jpg,0.0,0,0,0,0
images/train/IMG0000428.jpg,0.0,0,0,0,0
images/train/IMG0000430.jpg,0.0,0,0,0,0
images/train/IMG0000451.jpg,0.0,0,0,0,0
images/train/IMG0000475.jpg,0.0,0,0,0,0
images/train/IMG0000476.jpg,0.0,0,0,0,0
images/train/IMG0000490.jpg,0.0,0,0,0,0
images/train/IMG0000495.jpg,0.0,0,0,0,0
images/train/IMG0000502.jpg,0.0,0,0,0,0
images/train/IMG0000505.jpg,0.0,0,0,0,0
images/train/IMG0000507.jpg,0.0,0,0,0,0
images/train/IMG0000516.jpg,0.0,0,0,0,0
images/train/IMG0000519.jpg,0.0,0,0,0,0
images/train/IMG0000520.jpg,0.0,0,0,0,0
images/train/IMG0000521.jpg,0.0,0,0,0,0
images/train/IMG0000526.jpg,0.0,0,0,0,0
images/train/IMG0000530.jpg,0.0,0,0,0,0
images/train/IMG0000531.jpg,0.0,0,0,0,0
images/train/IMG0000555.jpg,0.0,0,0,0,0
images/train/IMG0000556.jpg,0.0,0,0,0,0
images/train/IMG0000568.jpg,0.0,0,0,0,0
images/train/IMG0000569.jpg,0.0,0,0,0,0
images/train/IMG0000570.jpg,0.0,0,0,0,0
images/train/IMG0000572.jpg,0.0,0,0,0,0
images/train/IMG0000579.jpg,0.0,0,0,0,0
images/train/IMG0000606.jpg,0.0,0,0,0,0
images/train/IMG0000624.jpg,0.0,0,0,0,0
images/train/IMG0000627.jpg,0.0,0,0,0,0
images/train/IMG0000634.jpg,0.0,0,0,0,0
images/train/IMG0000637.jpg,0.0,0,0,0,0
images/train/IMG0000639.jpg,0.0,0,0,0,0
images/train/IMG0000642.jpg,0.0,0,0,0,0
images/train/IMG0000646.jpg,0.0,0,0,0,0
images/train/IMG0000651.jpg,0.0,0,0,0,0
images/train/IMG0000663.jpg,0.0,0,0,0,0
images/train/IMG0000672.jpg,0.0,0,0,0,0
images/train/IMG0000676.jpg,0.0,0,0,0,0
images/train/IMG0000682.jpg,0.0,0,0,0,0
images/train/IMG0000696.jpg,0.0,0,0,0,0
images/train/IMG0000697.jpg,0.0,0,0,0,0
images/train/IMG0000699.jpg,0.0,0,0,0,0
images/train/IMG0000711.jpg,0.0,0,0,0,0
images/train/IMG0000722.jpg,0.0,0,0,0,0
images/train/IMG0000733.jpg,0.0,0,0,0,0
images/train/IMG0000738.jpg,0.0,0,0,0,0
images/train/IMG0000739.jpg,0.0,0,0,0,0
images/train/IMG0000740.jpg,0.0,0,0,0,0
images/train/IMG0000744.jpg,0.0,0,0,0,0
images/train/IMG0000769.jpg,0.0,0,0,0,0
images/train/IMG0000781.jpg,0.0,0,0,0,0
images/train/IMG0000789.jpg,0.0,0,0,0,0
images/train/IMG0000791.jpg,0.0,0,0,0,0
images/train/IMG0000797.jpg,0.0,0,0,0,0
images/train/IMG0000802.jpg,0.0,0,0,0,0
images/train/IMG0000823.jpg,0.0,0,0,0,0
images/train/IMG0000826.jpg,0.0,0,0,0,0
images/train/IMG0000853.jpg,0.0,0,0,0,0
images/train/IMG0000859.jpg,0.0,0,0,0,0
images/train/IMG0000861.jpg,0.0,0,0,0,0
images/train/IMG0000866.jpg,0.0,0,0,0,0
images/train/IMG0000874.jpg,0.0,0,0,0,0
images/train/IMG0000884.jpg,0.0,0,0,0,0
images/train/IMG0000894.jpg,0.0,0,0,0,0
images/train/IMG0000900.jpg,0.0,0,0,0,0
images/train/IMG0000908.jpg,0.0,0,0,0,0
images/train/IMG0000916.jpg,0.0,0,0,0,0
images/train/IMG0000922.jpg,0.0,0,0,0,0
images/train/IMG0000930.jpg,0.0,0,0,0,0
images/train/IMG0000932.jpg,0.0,0,0,0,0
images/train/IMG0000934.jpg,0.0,0,0,0,0
images/train/IMG0000942.jpg,0.0,0,0,0,0
images/train/IMG0000943.jpg,0.0,0,0,0,0
images/train/IMG0000948.jpg,0.0,0,0,0,0
images/train/IMG0000952.jpg,0.0,0,0,0,0
images/train/IMG0000966.jpg,0.0,0,0,0,0
images/train/IMG0000975.jpg,0.0,0,0,0,0
images/train/IMG0000982.jpg,0.0,0,0,0,0
images/train/IMG0000988.jpg,0.0,0,0,0,0
images/train/IMG0000993.jpg,0.0,0,0,0,0
images/train/IMG0000998.jpg,0.0,0,0,0,0
images/train/IMG0001011.jpg,0.0,0,0,0,0
images/train/IMG0001017.jpg,0.0,0,0,0,0
images/train/IMG0001018.jpg,0.0,0,0,0,0
images/train/IMG0001020.jpg,0.0,0,0,0,0
images/train/IMG0001022.jpg,0.0,0,0,0,0
images/train/IMG0001038.jpg,0.0,0,0,0,0
images/train/IMG0001040.jpg,0.0,0,0,0,0
images/train/IMG0001042.jpg,0.0,0,0,0,0
images/train/IMG0001044.jpg,0.0,0,0,0,0
images/train/IMG0001045.jpg,0.0,0,0,0,0
images/train/IMG0001051.jpg,0.0,0,0,0,0
images/train/IMG0001055.jpg,0.0,0,0,0,0
images/train/IMG0001057.jpg,0.0,0,0,0,0
images/train/IMG0001058.jpg,0.0,0,0,0,0
images/train/IMG0001074.jpg,0.0,0,0,0,0
images/train/IMG0001076.jpg,0.0,0,0,0,0
images/train/IMG0001089.jpg,0.0,0,0,0,0
images/train/IMG0001093.jpg,0.0,0,0,0,0
images/train/IMG0001095.jpg,0.0,0,0,0,0
images/train/IMG0001106.jpg,0.0,0,0,0,0
images/train/IMG0001108.jpg,0.0,0,0,0,0
images/train/IMG0001110.jpg,0.0,0,0,0,0
images/train/IMG0001118.jpg,0.0,0,0,0,0
images/train/IMG0001119.jpg,0.0,0,0,0,0
images/train/IMG0001122.jpg,0.0,0,0,0,0
images/train/IMG0001128.jpg,0.0,0,0,0,0
images/train/IMG0001135.jpg,0.0,0,0,0,0
images/train/IMG0001137.jpg,0.0,0,0,0,0
images/train/IMG0001145.jpg,0.0,0,0,0,0
images/train/IMG0001150.jpg,0.0,0,0,0,0
images/train/IMG0001154.jpg,0.0,0,0,0,0
images/train/IMG0001166.jpg,0.0,0,0,0,0
images/train/IMG0001177.jpg,0.0,0,0,0,0
images/train/IMG0001216.jpg,0.0,0,0,0,0
images/train/IMG0001219.jpg,0.0,0,0,0,0
images/train/IMG0001225.jpg,0.0,0,0,0,0
images/train/IMG0001230.jpg,0.0,0,0,0,0
images/train/IMG0001233.jpg,0.0,0,0,0,0
images/train/IMG0001235.jpg,0.0,0,0,0,0
images/train/IMG0001264.jpg,0.0,0,0,0,0
images/train/IMG0001268.jpg,0.0,0,0,0,0
images/train/IMG0001271.jpg,0.0,0,0,0,0
images/train/IMG0001273.jpg,0.0,0,0,0,0
images/train/IMG0001288.jpg,0.0,0,0,0,0
images/train/IMG0001296.jpg,0.0,0,0,0,0
images/train/IMG0001303.jpg,0.0,0,0,0,0
images/train/IMG0001304.jpg,0.0,0,0,0,0
images/train/IMG0001308.jpg,0.0,0,0,0,0
images/train/IMG0001317.jpg,0.0,0,0,0,0
images/train/IMG0001335.jpg,0.0,0,0,0,0
images/train/IMG0001339.jpg,0.0,0,0,0,0
images/train/IMG0001358.jpg,0.0,0,0,0,0
images/train/IMG0001371.jpg,0.0,0,0,0,0
images/train/IMG0001398.jpg,0.0,0,0,0,0
images/train/IMG0001409.jpg,0.0,0,0,0,0
images/train/IMG0001412.jpg,0.0,0,0,0,0
images/train/IMG0001418.jpg,0.0,0,0,0,0
images/train/IMG0001419.jpg,0.0,0,0,0,0
images/train/IMG0001420.jpg,0.0,0,0,0,0
images/train/IMG0001437.jpg,0.0,0,0,0,0
images/train/IMG0001442.jpg,0.0,0,0,0,0
images/train/IMG0001450.jpg,0.0,0,0,0,0
images/train/IMG0001467.jpg,0.0,0,0,0,0
images/train/IMG0001469.jpg,0.0,0,0,0,0
images/train/IMG0001470.jpg,0.0,0,0,0,0
images/train/IMG0001476.jpg,0.0,0,0,0,0
images/train/IMG0001485.jpg,0.0,0,0,0,0
images/train/IMG0001487.jpg,0.0,0,0,0,0
images/train/IMG0001490.jpg,0.0,0,0,0,0
images/train/IMG0001491.jpg,0.0,0,0,0,0
images/train/IMG0001498.jpg,0.0,0,0,0,0
images/train/IMG0001499.jpg,0.0,0,0,0,0
images/train/IMG0001503.jpg,0.0,0,0,0,0
images/train/IMG0001509.jpg,0.0,0,0,0,0
images/train/IMG0001511.jpg,0.0,0,0,0,0
images/train/IMG0001512.jpg,0.0,0,0,0,0
images/train/IMG0001524.jpg,0.0,0,0,0,0
images/train/IMG0001534.jpg,0.0,0,0,0,0
images/train/IMG0001535.jpg,0.0,0,0,0,0
images/train/IMG0001541.jpg,0.0,0,0,0,0
images/train/IMG0001552.jpg,0.0,0,0,0,0
images/train/IMG0001563.jpg,0.0,0,0,0,0
images/train/IMG0001564.jpg,0.0,0,0,0,0
images/train/IMG0001573.jpg,0.0,0,0,0,0
images/train/IMG0001576.jpg,0.0,0,0,0,0
images/train/IMG0001580.jpg,0.0,0,0,0,0
images/train/IMG0001581.jpg,0.0,0,0,0,0
images/train/IMG0001586.jpg,0.0,0,0,0,0
images/train/IMG0001589.jpg,0.0,0,0,0,0
images/train/IMG0001599.jpg,0.0,0,0,0,0
images/train/IMG0001601.jpg,0.0,0,0,0,0
images/train/IMG0001603.jpg,0.0,0,0,0,0
images/train/IMG0001608.jpg,0.0,0,0,0,0
images/train/IMG0001618.jpg,0.0,0,0,0,0
images/train/IMG0001620.jpg,0.0,0,0,0,0
images/train/IMG0001630.jpg,0.0,0,0,0,0
images/train/IMG0001632.jpg,0.0,0,0,0,0
images/train/IMG0001637.jpg,0.0,0,0,0,0
images/train/IMG0001654.jpg,0.0,0,0,0,0
images/train/IMG0001674.jpg,0.0,0,0,0,0
images/train/IMG0001695.jpg,0.0,0,0,0,0
images/train/IMG0001696.jpg,0.0,0,0,0,0
images/train/IMG0001699.jpg,0.0,0,0,0,0
images/train/IMG0001702.jpg,0.0,0,0,0,0
images/train/IMG0001705.jpg,0.0,0,0,0,0
images/train/IMG0001707.jpg,0.0,0,0,0,0
images/train/IMG0001716.jpg,0.0,0,0,0,0
images/train/IMG0001729.jpg,0.0,0,0,0,0
images/train/IMG0001745.jpg,0.0,0,0,0,0
images/train/IMG0001751.jpg,0.0,0,0,0,0
images/train/IMG0001752.jpg,0.0,0,0,0,0
images/train/IMG0001764.jpg,0.0,0,0,0,0
images/train/IMG0001776.jpg,0.0,0,0,0,0
images/train/IMG0001786.jpg,0.0,0,0,0,0
images/train/IMG0001787.jpg,0.0,0,0,0,0
images/train/IMG0001788.jpg,0.0,0,0,0,0
images/train/IMG0001818.jpg,0.0,0,0,0,0
images/train/IMG0001821.jpg,0.0,0,0,0,0
images/train/IMG0001833.jpg,0.0,0,0,0,0
images/train/IMG0001844.jpg,0.0,0,0,0,0
images/train/IMG0001845.jpg,0.0,0,0,0,0
images/train/IMG0001846.jpg,0.0,0,0,0,0
images/train/IMG0001848.jpg,0.0,0,0,0,0
images/train/IMG0001852.jpg,0.0,0,0,0,0
images/train/IMG0001855.jpg,0.0,0,0,0,0
images/train/IMG0001862.jpg,0.0,0,0,0,0
images/train/IMG0001864.jpg,0.0,0,0,0,0
images/train/IMG0001875.jpg,0.0,0,0,0,0
images/train/IMG0001878.jpg,0.0,0,0,0,0
images/train/IMG0001883.jpg,0.0,0,0,0,0
images/train/IMG0001885.jpg,0.0,0,0,0,0
images/train/IMG0001887.jpg,0.0,0,0,0,0
images/train/IMG0001890.jpg,0.0,0,0,0,0
images/train/IMG0001904.jpg,0.0,0,0,0,0
images/train/IMG0001909.jpg,0.0,0,0,0,0
images/train/IMG0001912.jpg,0.0,0,0,0,0
images/train/IMG0001917.jpg,0.0,0,0,0,0
images/train/IMG0001925.jpg,0.0,0,0,0,0
images/train/IMG0001926.jpg,0.0,0,0,0,0
images/train/IMG0001942.jpg,0.0,0,0,0,0
images/train/IMG0001950.jpg,0.0,0,0,0,0
images/train/IMG0001951.jpg,0.0,0,0,0,0
images/train/IMG0001952.jpg,0.0,0,0,0,0
images/train/IMG0001953.jpg,0.0,0,0,0,0
images/train/IMG0001957.jpg,0.0,0,0,0,0
images/train/IMG0001961.jpg,0.0,0,0,0,0
images/train/IMG0001962.jpg,0.0,0,0,0,0
images/train/IMG0001989.jpg,0.0,0,0,0,0
images/train/IMG0001990.jpg,0.0,0,0,0,0
images/train/IMG0001996.jpg,0.0,0,0,0,0
images/train/IMG0001997.jpg,0.0,0,0,0,0
images/train/IMG0001999.jpg,0.0,0,0,0,0
images/train/IMG0002001.jpg,0.0,0,0,0,0
images/train/IMG0002015.jpg,0.0,0,0,0,0
images/train/IMG0002064.jpg,0.0,0,0,0,0
images/train/IMG0002068.jpg,0.0,0,0,0,0
images/train/IMG0002069.jpg,0.0,0,0,0,0
images/train/IMG0002074.jpg,0.0,0,0,0,0
images/train/IMG0002077.jpg,0.0,0,0,0,0
images/train/IMG0002079.jpg,0.0,0,0,0,0
images/train/IMG0002081.jpg,0.0,0,0,0,0
images/train/IMG0002084.jpg,0.0,0,0,0,0
images/train/IMG0002087.jpg,0.0,0,0,0,0
images/train/IMG0002090.jpg,0.0,0,0,0,0
images/train/IMG0002109.jpg,0.0,0,0,0,0
images/train/IMG0002110.jpg,0.0,0,0,0,0
images/train/IMG0002111.jpg,0.0,0,0,0,0
images/train/IMG0002115.jpg,0.0,0,0,0,0
images/train/IMG0002125.jpg,0.0,0,0,0,0
images/train/IMG0002128.jpg,0.0,0,0,0,0
images/train/IMG0002130.jpg,0.0,0,0,0,0
images/train/IMG0002137.jpg,0.0,0,0,0,0
images/train/IMG0002170.jpg,0.0,0,0,0,0
images/train/IMG0002173.jpg,0.0,0,0,0,0
images/train/IMG0002179.jpg,0.0,0,0,0,0
images/train/IMG0002187.jpg,0.0,0,0,0,0
images/train/IMG0002188.jpg,0.0,0,0,0,0
images/train/IMG0002210.jpg,0.0,0,0,0,0
images/train/IMG0002223.jpg,0.0,0,0,0,0
images/train/IMG0002239.jpg,0.0,0,0,0,0
images/train/IMG0002240.jpg,0.0,0,0,0,0
images/train/IMG0002241.jpg,0.0,0,0,0,0
images/train/IMG0002248.jpg,0.0,0,0,0,0
images/train/IMG0002254.jpg,0.0,0,0,0,0
images/train/IMG0002255.jpg,0.0,0,0,0,0
images/train/IMG0002260.jpg,0.0,0,0,0,0
images/train/IMG0002264.jpg,0.0,0,0,0,0
images/train/IMG0002638.jpg,0.0,0,0,0,0
images/train/IMG0002655.jpg,0.0,0,0,0,0
images/train/IMG0002656.jpg,0.0,0,0,0,0
images/train/IMG0002661.jpg,0.0,0,0,0,0
images/train/IMG0002667.jpg,0.0,0,0,0,0
images/train/IMG0002674.jpg,0.0,0,0,0,0
images/train/IMG0002675.jpg,0.0,0,0,0,0
images/train/IMG0002691.jpg,0.0,0,0,0,0
images/train/IMG0002697.jpg,0.0,0,0,0,0
images/train/IMG0002698.jpg,0.0,0,0,0,0
images/train/IMG0002699.jpg,0.0,0,0,0,0
images/train/IMG0002710.jpg,0.0,0,0,0,0
images/train/IMG0002727.jpg,0.0,0,0,0,0
images/train/IMG0002741.jpg,0.0,0,0,0,0
images/train/IMG0002743.jpg,0.0,0,0,0,0
images/train/IMG0002744.jpg,0.0,0,0,0,0
images/train/IMG0002747.jpg,0.0,0,0,0,0
images/train/IMG0002748.jpg,0.0,0,0,0,0
images/train/IMG0002751.jpg,0.0,0,0,0,0
images/train/IMG0002760.jpg,0.0,0,0,0,0
images/train/IMG0002764.jpg,0.0,0,0,0,0
images/train/IMG0002766.jpg,0.0,0,0,0,0
images/train/IMG0002789.jpg,0.0,0,0,0,0
images/train/IMG0002797.jpg,0.0,0,0,0,0
images/train/IMG0002806.jpg,0.0,0,0,0,0
images/train/IMG0002807.jpg,0.0,0,0,0,0
images/train/IMG0002808.jpg,0.0,0,0,0,0
images/train/IMG0002812.jpg,0.0,0,0,0,0
images/train/IMG0002816.jpg,0.0,0,0,0,0
images/train/IMG0002818.jpg,0.0,0,0,0,0
images/train/IMG0002830.jpg,0.0,0,0,0,0
images/train/IMG0002843.jpg,0.0,0,0,0,0
images/train/IMG0002892.jpg,0.0,0,0,0,0
images/train/IMG0002894.jpg,0.0,0,0,0,0
images/train/IMG0002897.jpg,0.0,0,0,0,0
images/train/IMG0002900.jpg,0.0,0,0,0,0
images/train/IMG0002908.jpg,0.0,0,0,0,0
images/train/IMG0002925.jpg,0.0,0,0,0,0
images/train/IMG0002966.jpg,0.0,0,0,0,0
images/train/IMG0002975.jpg,0.0,0,0,0,0
images/train/IMG0002997.jpg,0.0,0,0,0,0
images/train/IMG0003005.jpg,0.0,0,0,0,0
images/train/IMG0003010.jpg,0.0,0,0,0,0
images/train/IMG0003016.jpg,0.0,0,0,0,0
images/train/IMG0003022.jpg,0.0,0,0,0,0
images/train/IMG0003025.jpg,0.0,0,0,0,0
images/train/IMG0003037.jpg,0.0,0,0,0,0
images/train/IMG0003055.jpg,0.0,0,0,0,0
images/train/IMG0003061.jpg,0.0,0,0,0,0
images/train/IMG0003062.jpg,0.0,0,0,0,0
images/train/IMG0003065.jpg,0.0,0,0,0,0
images/train/IMG0003068.jpg,0.0,0,0,0,0
images/train/IMG0003069.jpg,0.0,0,0,0,0
images/train/IMG0003080.jpg,0.0,0,0,0,0
images/train/IMG0003098.jpg,0.0,0,0,0,0
images/train/IMG0003107.jpg,0.0,0,0,0,0
images/train/IMG0003138.jpg,0.0,0,0,0,0
images/train/IMG0003139.jpg,0.0,0,0,0,0
images/train/IMG0003144.jpg,0.0,0,0,0,0
images/train/IMG0003149.jpg,0.0,0,0,0,0
images/train/IMG0003167.jpg,0.0,0,0,0,0
images/train/IMG0003174.jpg,0.0,0,0,0,0
images/train/IMG0003178.jpg,0.0,0,0,0,0
images/train/IMG0003185.jpg,0.0,0,0,0,0
images/train/IMG0003193.jpg,0.0,0,0,0,0
images/train/IMG0003223.jpg,0.0,0,0,0,0
images/train/IMG0003224.jpg,0.0,0,0,0,0
images/train/IMG0003229.jpg,0.0,0,0,0,0
images/train/IMG0003243.jpg,0.0,0,0,0,0
images/train/IMG0003250.jpg,0.0,0,0,0,0
images/train/IMG0003252.jpg,0.0,0,0,0,0
images/train/IMG0003277.jpg,0.0,0,0,0,0
images/train/IMG0003281.jpg,0.0,0,0,0,0
images/train/IMG0003282.jpg,0.0,0,0,0,0
images/train/IMG0003290.jpg,0.0,0,0,0,0
images/train/IMG0003302.jpg,0.0,0,0,0,0
images/train/IMG0003304.jpg,0.0,0,0,0,0
images/train/IMG0003306.jpg,0.0,0,0,0,0
images/train/IMG0003334.jpg,0.0,0,0,0,0
images/train/IMG0003337.jpg,0.0,0,0,0,0
images/train/IMG0003344.jpg,0.0,0,0,0,0
images/train/IMG0003346.jpg,0.0,0,0,0,0
images/train/IMG0003353.jpg,0.0,0,0,0,0
images/train/IMG0003366.jpg,0.0,0,0,0,0
images/train/IMG0003368.jpg,0.0,0,0,0,0
images/train/IMG0003369.jpg,0.0,0,0,0,0
images/train/IMG0003378.jpg,0.0,0,0,0,0
images/train/IMG0003387.jpg,0.0,0,0,0,0
images/train/IMG0003388.jpg,0.0,0,0,0,0
images/train/IMG0003390.jpg,0.0,0,0,0,0
images/train/IMG0003405.jpg,0.0,0,0,0,0
images/train/IMG0003412.jpg,0.0,0,0,0,0
images/train/IMG0003436.jpg,0.0,0,0,0,0
images/train/IMG0003438.jpg,0.0,0,0,0,0
images/train/IMG0003450.jpg,0.0,0,0,0,0
images/train/IMG0003453.jpg,0.0,0,0,0,0
images/train/IMG0003456.jpg,0.0,0,0,0,0
images/train/IMG0003457.jpg,0.0,0,0,0,0
images/train/IMG0003464.jpg,0.0,0,0,0,0
images/train/IMG0003485.jpg,0.0,0,0,0,0
images/train/IMG0003493.jpg,0.0,0,0,0,0
images/train/IMG0003496.jpg,0.0,0,0,0,0
images/train/IMG0003498.jpg,0.0,0,0,0,0
images/train/IMG0003517.jpg,0.0,0,0,0,0
images/train/IMG0003531.jpg,0.0,0,0,0,0
images/train/IMG0003536.jpg,0.0,0,0,0,0
images/train/IMG0003538.jpg,0.0,0,0,0,0
images/train/IMG0003551.jpg,0.0,0,0,0,0
images/train/IMG0003558.jpg,0.0,0,0,0,0
images/train/IMG0003575.jpg,0.0,0,0,0,0
images/train/IMG0003578.jpg,0.0,0,0,0,0
images/train/IMG0003606.jpg,0.0,0,0,0,0
images/train/IMG0003615.jpg,0.0,0,0,0,0
images/train/IMG0003617.jpg,0.0,0,0,0,0
images/train/IMG0003633.jpg,0.0,0,0,0,0
images/train/IMG0003645.jpg,0.0,0,0,0,0
images/train/IMG0003659.jpg,0.0,0,0,0,0
images/train/IMG0003660.jpg,0.0,0,0,0,0
images/train/IMG0003662.jpg,0.0,0,0,0,0
images/train/IMG0003673.jpg,0.0,0,0,0,0
images/train/IMG0003675.jpg,0.0,0,0,0,0
images/train/IMG0003680.jpg,0.0,0,0,0,0
images/train/IMG0003696.jpg,0.0,0,0,0,0
images/train/IMG0003699.jpg,0.0,0,0,0,0
images/train/IMG0003715.jpg,0.0,0,0,0,0
images/train/IMG0003717.jpg,0.0,0,0,0,0
images/train/IMG0003723.jpg,0.0,0,0,0,0
images/train/IMG0003742.jpg,0.0,0,0,0,0
images/train/IMG0003743.jpg,0.0,0,0,0,0
images/train/IMG0003757.jpg,0.0,0,0,0,0
images/train/IMG0003758.jpg,0.0,0,0,0,0
images/train/IMG0003782.jpg,0.0,0,0,0,0
images/train/IMG0003787.jpg,0.0,0,0,0,0
images/train/IMG0003800.jpg,0.0,0,0,0,0
images/train/IMG0003802.jpg,0.0,0,0,0,0
images/train/IMG0003808.jpg,0.0,0,0,0,0
images/train/IMG0003809.jpg,0.0,0,0,0,0
images/train/IMG0003815.jpg,0.0,0,0,0,0
images/train/IMG0003825.jpg,0.0,0,0,0,0
images/train/IMG0003828.jpg,0.0,0,0,0,0
images/train/IMG0003845.jpg,0.0,0,0,0,0
images/train/IMG0003856.jpg,0.0,0,0,0,0
images/train/IMG0003857.jpg,0.0,0,0,0,0
images/train/IMG0003858.jpg,0.0,0,0,0,0
images/train/IMG0003859.jpg,0.0,0,0,0,0
images/train/IMG0003864.jpg,0.0,0,0,0,0
images/train/IMG0003876.jpg,0.0,0,0,0,0
images/train/IMG0003878.jpg,0.0,0,0,0,0
images/train/IMG0003884.jpg,0.0,0,0,0,0
images/train/IMG0003922.jpg,0.0,0,0,0,0
images/train/IMG0003961.jpg,0.0,0,0,0,0
images/train/IMG0003981.jpg,0.0,0,0,0,0
images/train/IMG0003982.jpg,0.0,0,0,0,0
images/train/IMG0004021.jpg,0.0,0,0,0,0
images/train/IMG0004120.jpg,0.0,0,0,0,0
images/train/IMG0004130.jpg,0.0,0,0,0,0
images/train/IMG0004138.jpg,0.0,0,0,0,0
images/train/IMG0004143.jpg,0.0,0,0,0,0
images/train/IMG0004167.jpg,0.0,0,0,0,0
images/train/IMG0004170.jpg,0.0,0,0,0,0
images/train/IMG0004177.jpg,0.0,0,0,0,0
images/train/IMG0004185.jpg,0.0,0,0,0,0
images/train/IMG0004236.jpg,0.0,0,0,0,0
images/train/IMG0004284.jpg,0.0,0,0,0,0
images/train/IMG0004294.jpg,0.0,0,0,0,0
