image_id,split,fractured,region,objects,sha256
IMG0000003.jpg,test,0,leg,0,839ec0916f35a711f72523458f1d95d261ea826131da201ce52bd704eba49ac8
IMG0000013.jpg,test,0,leg,0,4294031464286b604a7ffe4cef9fdaa82788774d49a972e87bdcdf5ce265e4cc
IMG0000023.jpg,test,0,hand,0,982d740ace1cd775dcfaeebbaecac6008b1872094dfe6f9293e5020f111935d7
IMG0000029.jpg,test,0,leg,0,a2f3cdefd512e180e6e0f300db61fe68b9ff73e4137280f4390ff7ff9945b990
IMG0000030.jpg,test,0,hand,0,e9682d73c67d2479fdd190fe6e33fdd3a2de625ac6ce300d3660c11ed129df9a
IMG0000069.jpg,test,0,leg,0,fa657c86a419667ab850bde89fb49760fc5c7480cc94e7cd6d3e24be8f6eb5bf
IMG0000072.jpg,test,0,leg,0,d6f11c00242749082930834e8a370bc159f4c48d8c2c36824c0d7a7773959a97
IMG0000078.jpg,test,0,leg,0,872f95388ab65b78e073f95f6b0011da918a57b0e32417363e1e2dafa4abd21c
IMG0000112.jpg,test,0,hand,0,06b4cee38153d143724355a7fc21d5ee497253b576ad07d75559d2ef8e799ba1
IMG0000137.jpg,test,0,leg,0,afab47ff4c0b3486fd74dd855744a2aba2be5d9b101eade31c011e447d3d265d
IMG0000138.jpg,test,0,leg,0,43ebe7d947db19015c8bcfc2a2987764af822becd5fb7bfc1f23822faa233e8a
IMG0000167.jpg,test,0,leg+hip+mixed,0,aef0084632b8b59e240775066ed1e13897928d1700f6e62c577ded936b177a48
IMG0000169.jpg,test,0,leg+hip+mixed,0,2ce3dcbe686a6187eaed63a3adb6639ef2b70b5048c528ce17d592a9c0a7d1e2
IMG0000199.jpg,test,0,hand,0,b8b7d30f6a8101c7f2e2ae8e5be9828f1c853b57dd7f1f7b96bf2a4c9cbecc77
IMG0000218.jpg,test,0,shoulder,0,2deb5dc376cc517ef1d345cd4b877cb18459f3376ba1d6b58cba48be45ad2fd8
IMG0000224.jpg,test,0,leg,0,c94ca984374156a3b4ca727e3365fc35516fb12ed1c7b06b52a13936c228a59a
IMG0000235.jpg,test,0,hand,0,df59cd429974fa60c9301177bca567f9ae76282dc865fbff6d54b82dce3387ba
IMG0000237.jpg,test,0,hand,0,13187b74c71c46ce2a0eb54044b05f9baa9f9554c65d08b3d74c2d6a728a738d
IMG0000239.jpg,test,0,leg,0,fa51c1ed3f25c0bca09aa9c54d28e850416800ed4e81f1d10e5127861744778e
IMG0000263.jpg,test,0,hand+shoulder+mixed,0,3e647d4a89a969abe6fd5147eef3b989b6b0f3cfaf6ef6f391ceb67f17a69ced
IMG0000300.jpg,test,0,leg,0,4a7741499db8758317ba51aef48b51eae344e04a926820ac8a675be271acd682
IMG0000306.jpg,test,0,leg,0,da697f75cb3ec8a80baa77cc1f5df58ec3ac8b5e42bebf79820510a1875e0e30
IMG0000316.jpg,test,0,hip,0,4de862b385c50e2851d3bc49ce75a320ab9162a3e155915565afed03a5b6f2e3
IMG0000338.jpg,test,0,hand,0,bac7dea801491194074a6eeb9f742f58dde2ac967f94a9f943711349d5730be5
IMG0000340.jpg,test,0,hip,0,f7123db78233429973a6e1c419301b36b9484dbc01e0a00b6c78ada6e9a39d3c
IMG0000375.jpg,test,0,leg,0,ff29efa072ea8d514db6a1a4dfc1bc20de7a2a916e4f0295581a743270e13f22
IMG0000385.jpg,test,0,hand,0,aa14ae215e8a79f18818d4f9b0978f1d777578d17ffc676550c3e821b323f5db
IMG0000390.jpg,test,0,leg,0,5f23fad423e13ffc856d5a8f5ceb752b65c1c2ae1330c8d3e8659a064f6096e2
IMG0000399.jpg,test,0,hip,0,8b303fb92ab119126de10e7e0cebd80e5ca146458cb63d88bd7e83681b682e11
IMG0000400.jpg,test,0,leg,0,164962d1cfb8d8c3f37f713ff4aa85b60625604655781c3e9755c4fb172a80fb
IMG0000420.jpg,test,0,hand,0,fbdf43856e6afe094b72dea48bdc2fcf4c1f25dab214413716cc42296f10e586
IMG0000423.jpg,test,0,hand,0,94ae55998af389c4866f91a343ef4894244c3da6f838b5df1aca1db3ceb75e7e
IMG0000429.jpg,test,0,hip,0,1340911718ab9eebf40d72aa78fea2c0958c44a30fa16abefdd214417b1ad31d
IMG0000461.jpg,test,0,leg,0,8bd0d376805d62d621a54df546650200fdcba1cf09698a02e10f3aa0af0c0342
IMG0000473.jpg,test,0,leg,0,33bce02791786cb00b118fe592c06b282d013e7df6b53d197d2d2fcac541d4d8
IMG0000500.jpg,test,0,leg,0,dea074cbb142d25fef2840fb83cd20cbf1fa6fe51771043a0670e7f61352e43e
IMG0000506.jpg,test,0,leg,0,a233799a74e3c38e8388fd6898dab2d76c0318fbfa5b77afb2e3c5281d2e13d7
IMG0000512.jpg,test,0,hand,0,6b954e0b8f11f066356036b65599f73503247280fd9fbb517f41dedba69c679c
IMG0000536.jpg,test,0,hand+hip+shoulder+mixed,0,aaabbdb20603c6dbe53ccca2c4e8b8ac45f1cc52eab2250a1566dc36265d6d49
IMG0000538.jpg,test,0,hand,0,01dffe8d822b9649f299c9ae15ec04079797368822c0256bb9c05b4614ef6238
IMG0000549.jpg,test,0,leg,0,2416b4a1c80cbed9066d6d4ffd796d30c9758538e7da4db64f7d13d3d22a167c
IMG0000563.jpg,test,0,hand,0,edd966994632bed1b69262bf3b73406cf3dcf8b49ed0d79292333065fa55d390
IMG0000575.jpg,test,0,leg,0,3866a2eeb2eac9696dbe9b85826cae6a17108b28b9bfad3b0dbcf99c47499ceb
IMG0000602.jpg,test,0,hand,0,94d887709b815c0dbf5cbfc2f4e3c409cedc4939e98047b07cdb7c2e6653431a
IMG0000603.jpg,test,0,hand+shoulder+mixed,0,916debd58334c9ce5177f301e19aa48761c3576dfda5731767f8ea7e8312a9de
IMG0000614.jpg,test,0,leg,0,7e356420382d5c5b7987f077bbe9be26fc5068b5c7f32a7f01f0c6c19a893ec1
IMG0000630.jpg,test,0,hand,0,b70af7c516adcd0ece028c38776c4172d01dcf8fa8400578d232be1e95bdc05c
IMG0000632.jpg,test,0,leg,0,0c67d2a8c32526bb833c46c710e679a6a1df0c7e6810295383c34797e2041b32
IMG0000659.jpg,test,0,leg,0,0ff46a9d527bc0b30b014bcfc8aaefe39fc35a23b74e6f04d2bb2270ce604fe4
IMG0000675.jpg,test,0,hand,0,a3824c4ac14b9843059e1a46053ebba068ffb7aeda55ab2d43a85f97705e9bb0
IMG0000724.jpg,test,0,leg,0,0fcc8a67ef1ea2f95831508bb1f5b5db38c4bedcb3df53b45bd671b6c3b14396
IMG0000725.jpg,test,0,leg,0,413931af225024be194a9f84e88946a19719d90f5e3936ee0c4b22abfab9b834
IMG0000729.jpg,test,0,hand+leg+hip+shoulder+mixed,0,0f47d8c7a9997d993ffb8c953b9053c6289a204267ce02f65c9fbf3e10315f1e
IMG0000732.jpg,test,0,leg,0,b3460b56390c4ee50a2a070e1c764f467d04b1e1f0579d28dad6c8d012a5f396
IMG0000753.jpg,test,0,leg,0,2032bd5c1f7cc19f0cdcacb99df1d83db4aa0d35be5cf6e500c8ba360c0a7d03
IMG0000772.jpg,test,0,leg,0,dba83cb15b064632d0b7095804d23fd030631014e545ea06a4d0912653814823
IMG0000792.jpg,test,0,leg,0,21586527c93bd8a7afdd17bd5f376d0332bd1410518a31d1c767e6bee830ff3a
IMG0000793.jpg,test,0,hand,0,8dfa9c32ba4230b2d0d7f505ee9e64b7b5b7ae521f298c01f1018d79471f86ff
IMG0000794.jpg,test,0,hand,0,fd920b536a16a36f506f5e2d7c4b231733a8c904b57e4219ab0d66631099afd4
IMG0000812.jpg,test,0,leg,0,2eb3b37b189d6ae41d90098c03e98ea558ea1ff8642f765e1cbb83b66deeaefc
IMG0000819.jpg,test,0,hand,0,17da855b45a00bb8e36d83a1f54d3144a0a20ff12351c996f23ad75e10bc39d3
IMG0000828.jpg,test,0,hand,0,912f9204011518c7ac7cf4d2c6e38b4a54169cd27f09ead24168c0b3d9c523d4
IMG0000833.jpg,test,0,hand,0,eecbf39675c896eec9ae4058982d67b6f8d44f9b21db5a318ab8e5ff6a32d278
IMG0000837.jpg,test,0,leg+hip+mixed,0,ea9aabc9c7f3e29089ef3aeece4b6d1e7fe2309ded7a8905db972122c7d996b3
IMG0000848.jpg,test,0,hand+shoulder+mixed,0,f441454b9da630b16c5bbc317449521c67a5a30ce9485ea1dee1949dc1d69104
IMG0000885.jpg,test,0,leg,0,f798ac8d78e41a5aa90210d651ef39190e780a2ef5a18dc924b1420ef01da319
IMG0000888.jpg,test,0,hand+shoulder+mixed,0,5c7ce054fa02204a25bc8763ceae480e1717e636c851951808974051c12c1fee
IMG0000902.jpg,test,0,hand+shoulder+mixed,0,1de731e31ca4c5685e307a5ca1c231ac61c8af191cbeaea454fcdc69739bac43
IMG0000907.jpg,test,0,leg,0,da21ccb7e802b2a79906c5658ec751f404e14d374b7d8d0989e6bf86e2353271
IMG0000912.jpg,test,0,leg,0,aa293e7c9e49f0595b777708c6a6c40aa559ded73aba94aaa7698651debed5cb
IMG0000957.jpg,test,0,leg,0,21702368ad54d9483b4e46bd0eea1b807db9038b920b05ac16269a3106e260b0
IMG0000958.jpg,test,0,leg,0,43f5b341d9647e3ef6b18b4585d78c257efe851736a5a3b64e192a6339b19b18
IMG0000963.jpg,test,0,hand+shoulder+mixed,0,1120d3deac88e54b5f5afee56c62aea8266382a7e0ee18061317af406c88d90c
IMG0000984.jpg,test,0,leg,0,77bac2c5856c1a2309fffc57e823a068831615c883f2eb954e2ec8abadbbe579
IMG0001002.jpg,test,0,hand,0,930dad8c8ac3c9b5ddc16574721628c5ac305bda08b5aa2b79f5048ccd033db5
IMG0001014.jpg,test,0,leg+hip+mixed,0,d22b4bd4caab9de51920779b7e5d636622a1b9b503974c4a5e413f17cf1fa11c
IMG0001031.jpg,test,0,leg,0,720cad25d0c5332177d094ce5e1d3df66a2eea16fca0921986b09ebd9ca532bd
IMG0001033.jpg,test,0,leg,0,82cc5c5787a0049c4b5adb54ae1a094c10ac877d4cfefa377b9a46830f9a9b46
IMG0001034.jpg,test,0,leg,0,d3a5efa2437268250577227983b6e0a80c90f3787bf4c7d1ef2aa9c84b26df87
IMG0001048.jpg,test,0,leg,0,90d2d658767db4c3f409d6334bdf155043fecee72ac5336e7a36701dd019ac51
IMG0001088.jpg,test,0,hand+shoulder+mixed,0,a72bf99d25c2e9289919e09a5e3e1be0712b9ca714dba9968b15fb3c338a1769
IMG0001096.jpg,test,0,leg,0,f214c22940fa00cd051258cfa0c6411c4e0f4b7e22aeff213a1392402058817b
IMG0001109.jpg,test,0,hand,0,7c560ea2223f873ab884181b870e8a66e30d208eb2d23aa7c10e60a5cd4a2b04
IMG0001163.jpg,test,0,hand,0,d578971cda2073316b05d22de48ea6e94e098b55a1628ddba41f275eaa9c8407
IMG0001206.jpg,test,0,hand,0,080048ca3aafb0485c1445edb8efb7dbaaf5692581ad0b2cdbf49970ecfad5c7
IMG0001223.jpg,test,0,hand,0,e8431d794c06fe03bda968bf789eb0e56ced9726fece4fe73bd2fe0595c05225
IMG0001231.jpg,test,0,hip,0,18a07cafc79c9bb25bc2d1213d4e875533780b81b1ba9cf52e016fe90cad9c00
IMG0001232.jpg,test,0,hip,0,c7960aa4e7fdf6bedf9dcba9fbe1d4201b78b8c2b12199420ca96ed230ef3b02
IMG0001234.jpg,test,0,hip,0,cd53a7ed49ee3a539a60f669a43c43214712f123d8144a4671cdca0cd01ce080
IMG0001239.jpg,test,0,leg,0,c02b5dfdea22f30d0edf82e81475c3e6b675095f395e4f175231e28f66123922
IMG0001243.jpg,test,0,leg,0,fddb57de2c1183d9d734a5c66e684c005faaabbb7b188ac829d083ec5ce3cb38
IMG0001246.jpg,test,0,leg,0,d83e97c2c86e911883112e4c0f151845484fed4276558c55fdf6cafde1c7fd04
IMG0001275.jpg,test,0,leg,0,706371cc003a59d3062c1feb8931686f484c7b16b1f91ed49613291d16bbbb1f
IMG0001276.jpg,test,0,leg,0,0f89b3b261e4dc229d0880f59283bcfa8afb471f6f90b3ac81647b5748703612
IMG0001279.jpg,test,0,hand,0,cace7f9acb944b635e5b6b056d7b6cda66f65e5f787868255da42ffc10ae9265
IMG0001300.jpg,test,0,hip,0,d42ac67bcb6b4dee544b3b2ee2a353934c55561e4255ffd2f624870a23464a6f
IMG0001301.jpg,test,0,hand,0,487eda5c6599b708c814cf4f37c275f8b92801e01fa8655a4cd6659af628b86e
IMG0001307.jpg,test,0,hand,0,08836011f0281ec093d24b14d35ad0d9f3511c24a6ad1a9741f60d3be5243f36
IMG0001328.jpg,test,0,leg,0,10ab1ca97eb5cf8e7ee9a08e05ee3c55be7ffeceb6f7a68e79f0060801f70261
IMG0001332.jpg,test,0,leg,0,928a5c0746e88a93f330d09992abd3947074af545e5f511dc2c84affe1a954f2
IMG0001395.jpg,test,0,leg,0,19aab580f6de31e679f7acec9107f26899eb06e7a27f7b90d17bf4c86d01306b
IMG0001399.jpg,test,0,leg,0,3d7044e4378350c4c86accfe78e2b5b55d2dac46e09ecfb6b942b93352217762
IMG0001400.jpg,test,0,leg,0,3d52f4348c93e878d769af8493c6ad5c86687b22f3ca9a31c7793ddae5b6e87b
IMG0001407.jpg,test,0,leg,0,e8845a99e13cf657683f7815bcc9afbddc9c78d18e78ef11e937cf2c35f12066
IMG0001423.jpg,test,0,leg,0,0d2f4703f7eb8c22341db16f88a9912df29b820a7a16223abfe842f21f5b577b
IMG0001451.jpg,test,0,shoulder,0,cdce9b257dfc05cbc79ac52b173f1414ae8552ccf79056cdfba51434243f3d7a
IMG0001464.jpg,test,0,hand,0,5c390ce84e59b37175a17e58205a9f775531ab09f3a17408fbfd67351886be20
IMG0001473.jpg,test,0,leg,0,e4b9d76cba6db075b42cd5d4e173d2c95353a12ef9c857c5831da36b3ff90776
IMG0001475.jpg,test,0,leg,0,dd63b1967a3030fadf912c45f7cf18a1848e69e4d910f32508e4ce32bfd43431
IMG0001497.jpg,test,0,leg,0,b1d53e41fb96607efedaf35a815649002aa85d86d33f3391606af879c87b521d
IMG0001501.jpg,test,0,leg,0,9cc1e33721cc1cf5c094edbc9b5c4aba1571df5257767be4b1e482ad18d43085
IMG0001504.jpg,test,0,leg+hip+mixed,0,ba5bf51cf6471b453898bc2af37e6b91ca3c13441ebfe44e9acb43951e511b9b
IMG0001548.jpg,test,0,leg,0,e7ae5d91a9b6f0a955b29370b18cc4d49db5328d83faaebf2db1e8aceeda3e31
IMG0001550.jpg,test,0,hip,0,50f9381f29731a1c805b133e24cf34e6f5e83bd9fc0cdd54172579f820695164
IMG0001562.jpg,test,0,leg,0,882537e7cf06e3758e287184515cc791fafdd60ba1ac0beda892a76b760e7a60
IMG0001566.jpg,test,0,hand,0,02e430858b18031d50a08f18ac91e6319c3683157fc766d1eec996caad695252
IMG0001569.jpg,test,0,leg,0,7191f953cbf74da0bfb6f6ecea080c3032f0727be3657d64e47456fe26154705
IMG0001585.jpg,test,0,leg,0,9fcf9121c347d8656443cb48f7945037d76bcbefedf242144efe569bf4b9e05f
IMG0001609.jpg,test,0,hand+shoulder+mixed,0,5535cf5b43b19af52a729e06d8667828b20f42cfad4b57df10b1022a7ff552d7
IMG0001611.jpg,test,0,hand,0,ca32379d119bbe27e15376ccff6986748f07e50d1b5e785b6443b095be4a1dce
IMG0001614.jpg,test,0,leg,0,418dbfe0c924a49a295849a1bc194372e18a1eee9ef7adc2ee4d687cced5bbcc
IMG0001642.jpg,test,0,leg,0,a5e92771359f9091fd014d67295b6158ea16cb948b50dde0a85673891a08d4e8
IMG0001643.jpg,test,0,leg,0,a7476a91aa8b8ef70375269cf6a1334f14e82427d4117d466014a1861954b418
IMG0001649.jpg,test,0,leg,0,5cc92afc8296c3207de2a2a90ff11525d47f5526a60920f0eeda7ce98d67bba3
IMG0001652.jpg,test,0,leg,0,629db3b5afb8485a04ec4f12d3e66f170273965a53dae16d10febb304e364d21
IMG0001665.jpg,test,0,leg,0,ced7b1909b74095f04db8a42a8e692dc0ab9a7f890ca4fa36615cc185fc64b2a
IMG0001677.jpg,test,0,shoulder,0,8ceef7068e8ead6c4d26dad4e71738482595c56965665956587e3976371cb423
IMG0001690.jpg,test,0,leg,0,c57ab85c67b44db6a249999c0d9e58a35ab6db97b5ca2f3f45fbd00af451e6ac
IMG0001709.jpg,test,0,leg,0,999770066b27f8608dd3eeaea9abd079b319d88626bd70760f3a8d4f536f275b
IMG0001726.jpg,test,0,shoulder,0,8d71c4e9bc69e03b1947b31d3c48ae3fce8fe20ac3b455918fe2ae24f675139a
IMG0001734.jpg,test,0,shoulder,0,91481c409675c36dc8d68e237e205b8b6301cef231977a96ebcc75d2fa696127
IMG0001741.jpg,test,0,leg,0,0bb6a3883bed7b3f1a74b4c79b534da59f06873486cf6f0ac454733e02559a40
IMG0001755.jpg,test,0,leg,0,05028ec7cbc878d998d5e31d2fd2b78a2d5496f2027f361737d0e0f071fdbca9
IMG0001761.jpg,test,0,leg,0,2c5a1bd9a0dc640bc07b898ea9d7ac710eeaa0e18a1d0178ff54712b2ef10f63
IMG0001777.jpg,test,0,hand,0,08fe046b309b3005b3fa80d01631a59c80cea69a58ca9606fccbd6446d127700
IMG0001779.jpg,test,0,leg,0,3bc3c7de63baac8d93014c31a25b6bdaa727e0d6ed4bcdec04a1a3d91c16d5f6
IMG0001784.jpg,test,0,hip,0,eb17f85fc4e3b010c66dc4dd171617df1d7b0408e8d614566827b8fb601e62c2
IMG0001789.jpg,test,0,leg,0,0084764ee107b957364275a6af98c8000d9625a23791b03e0f5d246607ce0000
IMG0001799.jpg,test,0,leg,0,26cf07c44de330ce6d293c29caf6528507b3435d164e00f4d4d94bcbdf509fcc
IMG0001803.jpg,test,0,hip,0,3de37ce11fe71fa55eb117d22be9a6a62075054bddb10ae49ec9d5920fc782df
IMG0001804.jpg,test,0,hip,0,796c30681e432f819b48e80130bb05c9611c290aedf5355da0631f01b8cb20b8
IMG0001808.jpg,test,0,leg,0,0dd9bca1aa7400a671abb5e2903e23c7971bffe69cec668eb6351ea82b6e5926
IMG0001823.jpg,test,0,leg,0,4b6a8c931adeb5d4b36995e68774ce4cf919baacf5db184b4f4fc23c81bffa93
IMG0001826.jpg,test,0,hip,0,caa0fd77c14c6b0efd39f22b2751159ae385cc94fcca682f34b7882b9bee6242
IMG0001838.jpg,test,0,leg,0,72ed2540c96d3239058f1291fc7dd246c7917fdd65615e6a96af3001bdd325d7
IMG0001859.jpg,test,0,leg,0,b27abda9e42aaf220eb0654830f294377da606b28e0d73be02ba89a97482b63f
IMG0001865.jpg,test,0,leg,0,b2490b889fadcdd4ee3f8aa75b2f793d15d0c52b748cc1f6b029cbb84a2f282d
IMG0001871.jpg,test,0,leg,0,b75b19de6ff6ab9cf5fc0fb70f79b8a0e912052fdb0f3ee8e8be254b8d014440
IMG0001873.jpg,test,0,leg,0,25b3c9f59f0d131bdf5b0d499827170651ec3f87567ce6c37641644d6b2b4c35
IMG0001876.jpg,test,0,leg,0,bd009d0561c713b74c27a2461a6679c041672263d896935d469de1c1a5791625
IMG0001881.jpg,test,0,leg,0,74f3b7c494f743a9edf5254cf35fffeea82f445d8dfac82194c52f535aa0a740
IMG0001884.jpg,test,0,hand,0,a53c5987ade4e9863139ac3238359da56cb2b5fbd2e2c5573743838ba66ed6b1
IMG0001920.jpg,test,0,leg,0,5a9172c0b1265a85365c3f73653965ba48e37ac31a9c9da913fe46c21751fc1d
IMG0001930.jpg,test,0,leg,0,362a6c0ce177f6822e1e712e4320e6ff6e0490e7c28ab85d63fcee9f717ce7d7
IMG0001936.jpg,test,0,hand+shoulder+mixed,0,17d88eed8e0a9a7bdeb7778ee2d21cc8bf3282e4c38d29cf211a712d960f91c3
IMG0001968.jpg,test,0,hand,0,16be5fc67f0c094fbc25e3c1a98df443bb8763a6aa23202d29755ffe44467fc9
IMG0001995.jpg,test,0,hip,0,6a997495b90e3a739b2ed1a0082687448acd72870276b1590b3d35225452928a
IMG0001998.jpg,test,0,hand,0,59f30a6350824322f37f24cc37150f582e79f65d7c28dc383e7f91cc9729f2a4
IMG0002007.jpg,test,0,leg,0,19a3b79afc81562d2560db5d959ee1721dcad7cc3ac8175b54a4b7eabd2ed34c
IMG0002025.jpg,test,0,leg,0,3c07c4940dcbc08ff81b09bb1e0bd7a07671ff0ba8e49160b495e2d8a5261b68
IMG0002038.jpg,test,0,hand,0,c367b09edd70472c920b0cc05d74757fdc27534e496167c3eb0c76e941f35f26
IMG0002041.jpg,test,0,leg,0,d8ddb2278b9e23f9e82aa23953afcb7d37f6071c8adff59518aa95fcbc360c97
IMG0002042.jpg,test,0,leg,0,370c8def2ff3577b85c03d34e3f191a3b40036ff14c4e19fa2de5259c4be45fa
IMG0002053.jpg,test,0,leg,0,64f66f6f4ad14579d7cdb04b3c0f0f0fe490d0e69c52fc104d93880300427592
IMG0002063.jpg,test,0,leg,0,330336c737b727a5bc620c6816f6379ed1e0eab2b7559b0293f3f2616a8dd781
IMG0002065.jpg,test,0,hand,0,4a0e77d46c8f54eec17f7bbb2706e393aed6b4df365fb15e08fb9141b37be670
IMG0002078.jpg,test,0,leg,0,0895b8887c1f6aa83ac4bc6ebd7af3d2df37e56d6c4f430527ef216a9c861dd7
IMG0002096.jpg,test,0,leg,0,c1e0382014d354a14475a782ff60c1579f47741540ec257ff0ad55c84468b158
IMG0002108.jpg,test,0,leg,0,0be78fc3a03d0598fc8f5c9a7595a378fa92564831bc6542e9f3b00f4b96c690
IMG0002121.jpg,test,0,leg,0,39c4a1751e0f65208d33a308666604a7fed50660069394af1292fa88a18ebb61
IMG0002152.jpg,test,0,hand,0,9da677057944f6f59497278d9121bef54c864fb9dfdea26a60f98914e946e3ba
IMG0002185.jpg,test,0,leg,0,b4b3ee08a79ff4f81acc6b28b91cc645c44ef2a9aadaf1771230883136854b2e
IMG0002215.jpg,test,0,leg,0,132369ed23c0f4b732aaaab7729fe4a72c3950dd189ad8dfe7d7ce4f5e4ad447
IMG0002217.jpg,test,0,leg,0,672d24399ee99c0b50ca08a853ebd9194d356b9a1fa14decdcb6947f3c434c08
IMG0002222.jpg,test,0,leg,0,a470720e9cbb6825a3b1c4ec0a97eae4c08a8726c965a08662f143d212e5c9b4
IMG0002247.jpg,test,0,leg,0,dbe7d1eaf1da189eec7454c6cc3eb9ffef094974e3f290aa266d14b1906a7337
IMG0002285.jpg,test,0,hand,0,a79d3e9a45b842f9104fdf55e58e17e5625dd32e9c47f36b06fd2fcc24fde064
IMG0002289.jpg,test,0,leg,0,6efb8649cfedc754faeadfafb32fb486f1065f1752fd05e4b87fb82dd5d298af
IMG0002641.jpg,test,0,hand,0,a6467cfdfad4218530597bf763620306457549e273475dcfc93739ebcada723d
IMG0002666.jpg,test,0,leg,0,d482aabec1467561c82ae52af5c4df2956acab68d7875bcd6ac3bc4cb9a793a8
IMG0002678.jpg,test,0,hand,0,6f4c1d2bb874986da8600f3056d7f424034c5d3c5a1a2346c461e6862e46957d
IMG0002682.jpg,test,0,hand,0,721a4514982286039317b8875742208ef8c2ef024089678e7e0dece139073016
IMG0002685.jpg,test,0,leg,0,b5bcc2e7935f0ad707f235e5ec51eea2343ca1aa09622785075d0d9a1103bbc2
IMG0002695.jpg,test,0,leg,0,4a59b91842b0638810e49edf933f1315f917a93d8fe04eda452183e36d2665f5
IMG0002717.jpg,test,0,hand+hip+shoulder+mixed,0,84e401f54aec5f7a2a07b94785d17d9cbd6881324e1127ad742fa4ead3c916ab
IMG0002725.jpg,test,0,leg,0,cc413c3672d83eb6cd079a5c56abcca3eb77450a3159b2aa2497b5c53969b183
IMG0002740.jpg,test,0,leg,0,069824fecb2979b7b56ddfa318305cb34e085fe08c2d5b4e8c158d3d6b69c64d
IMG0002774.jpg,test,0,leg,0,6dde89832d7c71cad41a2117db28123e5bae937f61277cb268323a8b9b2e425b
IMG0002796.jpg,test,0,leg,0,19827a5825a5fc29b08d2e327e258e205288dd5bd8128dacbcab485c4883cbc2
IMG0002802.jpg,test,0,leg,0,24a27ff669e3db3e27bc7fa9fd3e53f6e2024345414b31d77c7c301a99b72aaf
IMG0002828.jpg,test,0,leg+hip+mixed,0,ad269aa4ac355c8ac8f78d1331cf779c06ab036d0d66c92d45bbe1ac2653502e
IMG0002841.jpg,test,0,leg,0,9a71402771e7990456c74e72295190a6e1b44aefee91806abf79f74e4a5eafe6
IMG0002857.jpg,test,0,hand,0,33fe26ccd796f118796d4811a35e1bfbb8475a7ee18f6ea719acfea93f20c185
IMG0002862.jpg,test,0,leg,0,7c306d6cc757cd2b11505b2cd9de9319df09415d50978168316265eebf9d61e5
IMG0002865.jpg,test,0,leg,0,2d983c4e1dc0c985b5661142241dd3f7e52a21b3f8093a5aad1d91fe3fa2e15f
IMG0002867.jpg,test,0,hand,0,4153a6f62b382e9076cf3f4f1ec54b2525fbc759990c87df3d70262b9aa0066a
IMG0002877.jpg,test,0,leg,0,ba4ab0955217ac02de4168148ad7d005aaa52b9550343e3961f39e73c03355e5
IMG0002879.jpg,test,0,leg,0,2eed9e4396e446def13a3c7ccf36b6e6d2ae9e4f689d94c660feba132c01f800
IMG0002899.jpg,test,0,leg,0,2736544604ab939accec34b15cfeb20049806b67259f0f4dc32cbc7c0cdc9d9f
IMG0002909.jpg,test,0,leg,0,110c5d46a80d7880b79d54995b9daf0ee925e6a656cad7864cbe2c9b1ebacda2
IMG0002915.jpg,test,0,leg,0,14873bb017d2f2131e0a00b6bbdf217fc09c778ab83137b40d8ada0c6a1ec701
IMG0002922.jpg,test,0,hand,0,20edbd9bff9af1b1eb06169da1a4a13696a951054dc842492b2e1b702bca827a
IMG0002929.jpg,test,0,leg,0,eb6301294f980a29e0f62ce640badb4ae9a73bf65b0e744d7d8ad57c5303dd88
IMG0002941.jpg,test,0,hand,0,ee6643f2418ca6174ad0b53ef0fb6050d33feb7a8e2a440858cb5a1dcf350491
IMG0002951.jpg,test,0,hand,0,202e93fab17c2ab53280195f23c2da9540acbe9f49676db512a64cec5c778bc0
IMG0002978.jpg,test,0,leg,0,59c671fdc1ea5ea07b9c1c21c3c15d191bebad15cb7f0abf7d0d3094f2cf1f34
IMG0003004.jpg,test,0,leg,0,24600dc39354eac5102cf14e6a49eeff6e9470c52eb45297d958dd9d6337848a
IMG0003006.jpg,test,0,leg,0,dbe51feed0711e52928e855baa85dd2c5fda1b8962295b58ffafd287e1a4cc14
IMG0003008.jpg,test,0,leg,0,a73c4a1ef277f20884cf8f715f517439956cec2dcee3a0f462d7ce012eaecd17
IMG0003027.jpg,test,0,leg,0,22ed4af4c69866c2bb24c29396f25307f9624b5ccf78ba48691cd48652c0b396
IMG0003032.jpg,test,0,shoulder,0,65aae922368d929880955b7c69240b1e97a155a6fcbaab676dcbc965ed1c0894
IMG0003059.jpg,test,0,leg,0,170198f51190808de5fd2f97c11b6c0c2deb46f5cb065ab4977e43cd034d63d1
IMG0003060.jpg,test,0,hand,0,184eb3d5c83f71416d7512c7dc4f26c59ba805eed15c09dde63af0630a276465
IMG0003072.jpg,test,0,hand,0,f207850f186ae48cfdcc190274e8e29c9b038a9cf9e187618c0bcb4d92fef3ae
IMG0003073.jpg,test,0,leg,0,312203940031779a31054bb550c8b6f3b1a677a0a9a45ffa96446ffa12c34094
IMG0003095.jpg,test,0,hand+leg+mixed,0,7cd15821db72b38ee1a4b9578865a178d25e8c65f1fd154d2a2727bf0885769f
IMG0003105.jpg,test,0,leg,0,a2f5c228accaaa0b181ad297176453ffd0836916b7ed4d40cd9b362ee8081b40
IMG0003125.jpg,test,0,hand,0,d6bd153f15bd796162e0e5066d57c1ec806e80b0166cd5b26e514c51c3eeb6b0
IMG0003134.jpg,test,0,hand,0,181953d209ac83ec4744c3ab1bc798e96f9cbfdcd5e9501433a89c89223502cd
IMG0003176.jpg,test,0,leg,0,18602a905dcfd6436bfaabe687613b51da9c126af878942b1c945ce6bf60ea6f
IMG0003196.jpg,test,0,hand,0,3adaa8b2533893098933369d2961a38e14d3c7cc321d15de0f712cecf9c5de4b
IMG0003203.jpg,test,0,hand,0,851cffdb3eef707fb7493d57cb54040f488eee1506a8f0c5f38529a04c52e795
IMG0003221.jpg,test,0,hand+shoulder+mixed,0,1ded6a646b7321a33a9edf339f753aa8872d6faf8004a7e8a99d3fec2218d734
IMG0003249.jpg,test,0,leg,0,0084c702ff12a779e6e10b0933813d6b4ff48f020f07b3f7cc1563065a73d993
IMG0003297.jpg,test,1,leg,1,8e35580b99d7c8516c02ca7a6c1008aeec16f0fecc075f81d6188ffb8ba99d17
IMG0003298.jpg,test,1,hand+leg+mixed,1,6909a941823ad0147bd026fbfb2f2c58ac4392072c9a473ec352d0d3d5f02867
IMG0003301.jpg,test,1,hand,1,d235022070a68fc2a1f6b734a2fa40d627eb1e4a6171c076b5fe562a0f517ecd
IMG0003308.jpg,test,1,leg,1,2f4f61dcc26319a894b9dde925dabe0fe965bf8fae5229746dd78de9261fdd76
IMG0003309.jpg,test,1,leg,1,671081a58f26d93c6f987c028328533cb93c762ae69849f0058fa65618aeb9e2
IMG0003310.jpg,test,1,hand,1,fa0aea2d1596a3fa455a3fa738425b4a4d63886841861f24ca0d279cd7a62f6e
IMG0003311.jpg,test,1,hand,1,73d9e3c02c0600104101674bf621f9b98dff506fa492546c0e15f0ef7942ddcd
IMG0003312.jpg,test,1,hand,1,b055042e5d460e3bc5a154bc835566f8511301c960e2fd85d5a51feb585e787f
IMG0003313.jpg,test,1,hand,1,69394a8fafe4121c3dca43ef66176b4512145e42755bf183eec6bae3061eb2b5
IMG0003315.jpg,test,0,leg,0,6ec0da9e185c4ff220c5c2b5fd7e9e47974556585b6661f9fe7a5b0199782bfd
IMG0003327.jpg,test,0,hand,0,bcc6e0ed5731360ae85b828a1f1a561d71ac350ab7393e1ac9ff8d287f1176d8
IMG0003331.jpg,test,1,leg,1,4689a7fa89b117f916d03b24f78b3170c21e40d9c5496daae6691f52a4864673
IMG0003332.jpg,test,1,leg,1,38a10939a62ac2a0c207f3cae38ff7150c63c5b7b80b5281f4a018f03f89bcf8
IMG0003335.jpg,test,0,shoulder,0,48742013817db6f42ce6be2d3ed4e031420b9c78d85f4c1cf4df1486929a42ba
IMG0003338.jpg,test,1,leg,2,b9f4aae1ac15ee2384c1f4e45cc1a27338db84f3571bcb0f129d1390aa781247
IMG0003339.jpg,test,1,leg,1,855b8cca3b437868c28b60633859d9369ce29697f15ab6e567407e8df4ec44df
IMG0003341.jpg,test,1,hip,2,d1abd47acc8fef269e08e46ecb3edcbf8fed9d70b6e9804cd2c15d03bea41f3f
IMG0003342.jpg,test,1,hip,1,39c78b2ef7124305e6b7ebb42441ffa2f792351199c5d9cee42c176c01dc42d8
IMG0003355.jpg,test,0,hand,0,85b41f0e091fd297d6f60b6251f6e2aac6f74605764175ae0e8fc14ae155bd9b
IMG0003365.jpg,test,0,leg+hip+mixed,0,af3f6cf70ea9bd37549e24477f6755740cac3e1d124c9f6d42382a7195d8c418
IMG0003373.jpg,test,1,hand,2,e77e48c35af1135efb8dfc733e54648442b2c40f12cf62990f04162273905634
IMG0003374.jpg,test,1,hand,1,f109837cfe0589727ba434d8a35abd385bc6f28464c8ad3c5d63f00533c4748b
IMG0003375.jpg,test,1,hand,1,95018780604ca10ce8ab9c5a471cbd645ffe0056ce5a033361e473020cf5d63b
IMG0003376.jpg,test,1,hand,1,50ff49c0d12411f8722b1ffbc8a870eac9ff40ba5bbe60fd0b9248cdb700e217
IMG0003381.jpg,test,1,hand,1,3355f2f27dc413bd7a4de4de0157d024688b1243bdb603b37f818f6ca5ca0313
IMG0003382.jpg,test,1,hand,1,e092b176014f70ef80c87c4d6291517718a11fb74a30ef10e3c5c30bc23c4e5d
IMG0003383.jpg,test,1,hand,1,caca0c46c8cc8b8807622fd21c67fc847306a167a2ef6a7649bc7bb0b252c446
IMG0003392.jpg,test,0,hand,0,f9ade39ac288e6bc14711391e5efecfa10436720091c4e2798b15d5404ecfe8a
IMG0003394.jpg,test,1,hand,2,01a50488729fc6cdea76cf844edaa20d8f2b9b4bf41adf2474fecf70c8e1440d
IMG0003395.jpg,test,1,hand,2,4b8090619e71df9f9b08db921430d333b1b8d4172365fd2608c741f87df18e55
IMG0003396.jpg,test,1,hand,1,a2f1e173e61ff70a3a691ad840eec2c30d1df5694022e997b335ce047a1ad849
IMG0003397.jpg,test,1,hand,1,f6f08ebd4718fb6437e8342af28cf43471091caddc56b17ba289a7234ae6c776
IMG0003398.jpg,test,1,hand,1,9ad1e9490c1cfa7400200a00574d3d7534417164847ac6dd916d405066db6973
IMG0003399.jpg,test,1,hand,1,9bdde8d7a01e1906ef043f4ad10d12076d6daef2f3ce6b0a116971d4e4031b5d
IMG0003401.jpg,test,0,hand,0,1fc75424a0de79426f92877a2ba4ab0ac1773db761f78ab37afac9fa042109d2
IMG0003411.jpg,test,0,leg,0,adbc633e90bce5700ea56bb8186226962c76700be0f6de919de5125e4600f1f7
IMG0003419.jpg,test,1,hand,1,fc53fc2572f1f3312d02a9462385dccc8d0f00f7d89f8be12e3fdbe20f49bf15
IMG0003420.jpg,test,1,hand,1,22f759a8ee5e72f70be2c13e29dc788a0cc39c69a3b52223feae33674b913ca4
IMG0003433.jpg,test,0,hand,0,7394bf93986a71ef8dd287bbf8445e7dbb3a1707029150cf55421b7adfc1aa24
IMG0003435.jpg,test,0,hand+shoulder+mixed,0,30e170fcd73ded5b91c670165b15f1789578e9237267f51ccdf6ab8eece2ab9b
IMG0003443.jpg,test,0,leg,0,99155637a836bd8f6c10482a7fae12fed6da0f0638760d12f27b7fcf446f8129
IMG0003452.jpg,test,0,hand,0,59d42a05a9178a687128594fade287c09fec10929f3eed132508dbea70da6558
IMG0003458.jpg,test,1,leg,1,3ea0042b273e4dd3eda8aea53b69a5c6ec72c3bb292f683f7d5c7ffac44f5f29
IMG0003459.jpg,test,1,leg,1,b2ceb7a777b551c57a9c50e7258040fa5bd07ae894e3a25f64a914da8eef48a5
IMG0003466.jpg,test,1,leg,1,37959ca4541007d778da2dd79989369a9ee15f8e585badbad8eb0bb88c52e06d
IMG0003467.jpg,test,1,leg,1,d0082c2e5f2763728b12887515c562eaca2f1f66c3d7f9bf7f57ba43c8653274
IMG0003477.jpg,test,1,hand+shoulder+mixed,1,1890ef0c072e5908afe03a99a410a3fa4c4d88c8b314aee014cb3c867331d49b
IMG0003483.jpg,test,0,leg,0,e8970d4e43a08aad5ded8e991502439613517b754c5e3ed7faa021fe3f8e23eb
IMG0003484.jpg,test,0,leg,0,77e0e6312abfad5f8d06788df2e828c8d6b398f3607b830fe55175debee4d6b4
IMG0003488.jpg,test,0,leg,0,d62a5a61f402305ae4eb149c511c6421a0b64d9208f03d5918dd38fc4ae76106
IMG0003490.jpg,test,0,leg,0,6398e48e7c17e7cb6e8e0837820858be3f0654dc73336e965c9330d6e2619e58
IMG0003509.jpg,test,1,hand,1,3fe8a507b524cbb6774bd9d1a2ad5b505bddca32ccab793e307fc71e374c47d8
IMG0003510.jpg,test,1,hand,1,166ead40f64a92adcb3fec821ff17ad2dce761760a1621c18c5a1c31a5364a59
IMG0003519.jpg,test,1,leg,1,d324bc21705cc18164f15d5dc616429ab50b3147ac0d6448d36a67564add10bf
IMG0003520.jpg,test,1,leg,1,23fc7afef3cb9334c3a9a273acb49790fda0281f28edbf70cdd0e8b0eac82c6b
IMG0003523.jpg,test,1,leg,1,e0cff76cab7ce69e694b72de2b8834ee1ffb682149865642588267b3440de8da
IMG0003524.jpg,test,1,leg,1,536d7b9a3afa1c5c406c8de0add5b1815652d446a436dffc16d9e9e67cc50954
IMG0003526.jpg,test,0,hand,0,4db02ca58c7561b94a682261feac1f363ec5ca21ef41e44c51afdee9dcc5d82d
IMG0003541.jpg,test,0,leg,0,5ddc7e74ada91e79645785bfaca8c3bdcbdf34748e2dc4360140fdbab86c7b03
IMG0003545.jpg,test,1,leg,1,8005d91dbc63b4f3d064069df9a43a1d61f458b59f2bd6fc28f983a9ee067375
IMG0003564.jpg,test,1,hand,1,1871304248b24fb787940f961bfc1187cd5edfb7fd62d71d23ee08c602bb7a6a
IMG0003565.jpg,test,1,hand,1,d1a8bb58e091b2816042b69671f75621d8af9e4776cd6e3eabcc238780146bb8
IMG0003569.jpg,test,1,leg,1,014ce8928a30188a0870ea42f256ace0b74eef66c2018c02e53fd8b205e77c3a
IMG0003586.jpg,test,1,hand,2,aa2197891930ef7a05e5190b60b9127a497807f67af61885149678d5a2149d45
IMG0003587.jpg,test,1,hand,1,6e8870f40eba6720ac0289c5b5e3da3da3ab9bad6b6a1a6c0c6108775e806bba
IMG0003588.jpg,test,1,leg,1,202974145ff608aa8206aa825a7c85333cf7a2fac2cc51d8d118b7a1505155a3
IMG0003589.jpg,test,1,leg,1,006972a800bb603e4c67c882f1d4cbd99adeb359a28f9df89917c6d5740298fe
IMG0003616.jpg,test,0,shoulder,0,6dd10362354b12a878a7a4d374c6c4b0d3efa32a415cdeaf2afafda9a019fd41
IMG0003619.jpg,test,1,hand,1,08b01f4168ce3002c008e8d227d6ac6b26f953d6962c3c2950e38b8eb03903ec
IMG0003620.jpg,test,1,hand,1,c76258e1b9a612f221125eca57b839df24b9ccd043076041153e625719a996b4
IMG0003625.jpg,test,1,leg,1,e782eba165da400177bfdf824c5bcaa67bd1dc093b300960a7a51b6232af2307
IMG0003626.jpg,test,1,leg,1,9dabf76951caebea6ea9876c485ffcb06fd4c6544776929b98b6d0a269afb0d4
IMG0003628.jpg,test,1,hand,1,832a1224aacd3c830f77c141a4455c6feebbc3dc8f935b714b07c1891af5e530
IMG0003647.jpg,test,0,hand,0,e0cc76bf70776a0682d6f08ec29e2af85f8aba14cdd40bc0b2bfb60af401c112
IMG0003653.jpg,test,1,hand,1,106bee896fc9e99b757eb345058b48d0fb37acc5ff3a8d13b5784d8403832ad8
IMG0003654.jpg,test,1,hand,1,51a43e2846d0c362ba31d5743d33841a0d0dd46ae1c491bf749515db7ef1c22c
IMG0003661.jpg,test,0,hand+shoulder+mixed,0,b11fc15dbc65a6f5ca18d9071b69f7df6180e80d05964f656b877fb27c039487
IMG0003671.jpg,test,1,hand+shoulder+mixed,1,718b4679c6e16ee4c07cf636fc613a673c708d57b062286293dd54cd46138939
IMG0003677.jpg,test,0,hand,0,61d39ad0ae3d2d6f0cadf6989ed6d1a8ce1b0598d2fb55a833c3cf385e9d3b34
IMG0003685.jpg,test,1,leg,1,a60e67244f69d1677ac6729bba2153f92ecc67ce4dd0c251f3ad05c7432ab2b6
IMG0003686.jpg,test,1,leg,1,d4c6584f4a4a46b4b8a4da3055b624a64e8b79788ed559a31b01638e666588a8
IMG0003692.jpg,test,0,leg,0,e8c477b2b1351198179bb9a3d2f682f2935c39641c3cde95939b61bd4edc86a3
IMG0003698.jpg,test,0,leg,0,300ae884dd7d2389672311a1fb2d2604332edcc99541c5dacd481674f2685d9e
IMG0003703.jpg,test,1,leg,1,5c3656743fe70dc7093c0ede8a8e106b73e0ab88d6827b1b551f39c554683d49
IMG0003704.jpg,test,1,leg,1,75954ebbd3e420f3f283eb937f963bf5972ee6a78a5f2dcccc7577f99bf5b900
IMG0003705.jpg,test,0,hand,0,4eb544134a53679eb6eee15b8fcf63c12eeaf50ee08016fc74834a315979c72e
IMG0003712.jpg,test,1,hand,1,3ce6ac79df661aa407c071736d9b74083da1ed064506614d84801b3ae7dfd3ea
IMG0003713.jpg,test,1,hand,1,c8e12e04bee24101343b3299d09557d2213fa9e3ff53b45169fbc932f706413d
IMG0003718.jpg,test,0,leg,0,5948818da02ebb94062fc24bdcf7ae2976de9c0d6c7693ab0feb032ec92cbffc
IMG0003731.jpg,test,0,hand+shoulder+mixed,0,1bb5a23a1e616673566e257b2299c7db7c2eedf91c2999b31acb90e93870c1c2
IMG0003751.jpg,test,0,leg,0,0dc6532f5a03dbbbb2af0f417f245b6d0cbe4ef046cabd5c2c4eaf49dea6ae3c
IMG0003763.jpg,test,0,hand,0,be2b4e93187e956d4692647c4fbcf8606151336df321a862811791087e3f5029
IMG0003817.jpg,test,0,leg,0,e5fc99893b6517bdf96975d7418e599d91f86e5c78a091960e029b62345aa112
IMG0003842.jpg,test,0,leg,0,4b06f4184befc60d7ab1e903906594b5e30d27e613f63208e84c361340710339
IMG0003854.jpg,test,0,leg,0,eef68d54934deb5ae1db5ea0fb80fbbafc7e30b4eb193b21b0a6453205b49827
IMG0003873.jpg,test,0,hand+shoulder+mixed,0,b4ed6649ff7785f4b5b27ab9ccc1af5763c9894d51d8a477a8f32065cebfb47c
IMG0003879.jpg,test,0,hand,0,4832f5c3dd109c803b09afe4c05d47be9177022b16466a4e55ce046e3ea1fb31
IMG0003889.jpg,test,0,leg,0,9053c76f3fb3a27f6058a06a4f2d835d06a03dbe2ee16b01c7a72f0ae450060d
IMG0003912.jpg,test,0,leg,0,c63a0e0a9de0352964fe53b25a9950e8936569af4507bbe525ef5e3076574cb5
IMG0003944.jpg,test,0,leg,0,12e83596867fbae92631f6ae921ab5dcee9e8542dcf9167ec74c99086ddc958d
IMG0003950.jpg,test,0,hand,0,c763ca3176c7fc43ebe8f8ae94f904418b019cc6c1e22ceeed7448777b0a21bb
IMG0003960.jpg,test,0,hand,0,ddd54d8807ff44e54eb398fffc548f511384a360e4099feb83f4c24f7e5598ae
IMG0003977.jpg,test,0,leg,0,e43b5f903655d71e9b9881ce95d8dd2cf1da5f407bac08a17d1de3bbb5ea2760
IMG0004002.jpg,test,0,hand,0,10b8e885d977c70aa8b86de25638753f0d84271fa86de3e2420c4feaf53b852b
IMG0004022.jpg,test,0,shoulder,0,3a7f14d3e9a3dee4b045478b1ea96924cd218ed38fa532d397e4fb910a31567e
IMG0004106.jpg,test,0,hand,0,4b03e20a246c1ca6263af3fd523cf9e3b2c73c7833cdd044718820c6978377ec
IMG0004145.jpg,test,0,leg,0,d0c3a58a7b140c884b83dd36c20ed78a5c0fcf64a14bf3490a0117d35b9f1dd4
IMG0004169.jpg,test,0,hand,0,62e1b2e469083882ac4bdbf01dba5996148e2d2a0072fdf417698b643689cd66
IMG0004173.jpg,test,0,leg,0,97c39b293bbed0175082a427acef5f247dbf5dab503fe1109be6ff8372340c7f
IMG0004176.jpg,test,0,leg,0,b9311aa3e221f121bfffa3890ddabb66f443cef15035aee176eff4572b78428c
IMG0004178.jpg,test,0,leg+hip+mixed,0,96eb5d18bd7aef212659c73a4b72751949fdaed15c04f7aa1cb69fdcf3092ad7
IMG0004228.jpg,test,0,leg,0,2899fd1382850cce5f63969902cf4c8d5d812054e12215aa4fa8802ce2e99d4d
IMG0004278.jpg,test,0,hand+shoulder+mixed,0,6b49502f13757c83d228f955abf0a2e5d6e04bc65ba0d05887623dd4d1dbcf77
IMG0004279.jpg,test,0,hand+shoulder+mixed,0,bc7dfc2d222b3a66f86ed231647a5f90aa044935d6de065ee3f5349cb8ba153c
IMG0004307.jpg,test,0,hand,0,098ef69d33c951471c85b9d66bc4921583e4f42965ba6a7db8e794a90c963559
IMG0004310.jpg,test,0,hand,0,dff4b72d2e6e75cbd614bb5b2f388ef353f0d41b01fa0aff5d34029a4c5f7f63
IMG0000000.jpg,train,0,leg,0,336bdca4bca61dd7243be9417ed0a44d752fffbeee6ead980e5c3b888e14311b
IMG0000001.jpg,train,0,leg,0,07ab22d6a7a1b3fa1e6fccf59ee657082800d56e393dbe5285b9642e6de2c3d2
IMG0000002.jpg,train,0,leg,0,760b8dd14fd52f5693432ffde907f7222307f8e34f2ce7e16184c3e8aa088606
IMG0000004.jpg,train,0,leg,0,bbab6c638a104aaae1d6cab2cb135a3d4b4be1245ba0e55af585e7e8c6724222
IMG0000006.jpg,train,0,hand,0,2b86b8befc22c0f61caa2c5bfff974269e8970bae378e2af445b3526632d7153
IMG0000007.jpg,train,0,hand,0,0638ec2d2b207a5dc8142140927479bf7f40957baa7d340d7dd59b03e912ee3f
IMG0000008.jpg,train,0,leg,0,6580b6b3d92c9e23c05718bb2d09da5326dd6614e8307a8fd61eba3c444000cc
IMG0000009.jpg,train,0,leg,0,de0c52d6423ecaea48dd2b83a653abc8d748c4bb22864c42a5fb3ccf7fee3b72
IMG0000010.jpg,train,0,leg,0,c64e414e5f8d3c355d1a5b26763b3566c906b48217e56456bb350118046dfc6e
IMG0000011.jpg,train,0,hand+shoulder+mixed,0,9438ef37eeaea8e654629c601ad68806f057030af63154c9104ebffac6b86fb0
IMG0000012.jpg,train,0,hand+shoulder+mixed,0,ac3c87e6629d0484de610bba97132283c59e9defc558a5318d4f206a4756325d
IMG0000014.jpg,train,0,leg,0,889e6b3feb762442e2d9e8d6d827ead41daac64b5f0716c579159d3a82a5a1e4
IMG0000015.jpg,train,0,hand,0,23f5a133b8376053b12b4ac838a0ebe6de04a11cf1216d0bac65f0fb0fdc665d
IMG0000016.jpg,train,0,hand,0,b9ac56e3d089b40f7e6ecadb5bf5ca65767f2d3b1424e10bcaf3cbee3ff5ea43
IMG0000017.jpg,train,0,leg,0,b73ebd57eb5b1a0a1487cf25a4d82179103620c0cd3ba15054caba90ba499dd0
IMG0000018.jpg,train,0,leg,0,3bf44851cf2916d403b1a3258d06f62c7a1ee167d9ec94f50e89244b7eb3ff9c
IMG0000019.jpg,train,1,hand,1,ec24e6aa0fee2cc1d212795386a8c96f76c2ad14691d8512b5d31794f7b646ca
IMG0000020.jpg,train,0,hand,0,cb6bb1c66c582f5968594ba8abb6d95b8e196ffe6b45bb6df23d7efbc3ef8ce1
IMG0000021.jpg,train,0,leg,0,84d873785c6fb1b7a6a252a06a63680c230bc88c921131de59991141abe7ab9a
IMG0000022.jpg,train,0,leg,0,4c0ebfb1acdc2ada5e891f2c8982958cc40d776be4bab323bdcdd5969369cdf8
IMG0000024.jpg,train,0,leg,0,cfd58b6ad23584b93ef16b65ae45ae7cd6fd9143366ffa30d119a6e9fb004e57
IMG0000025.jpg,train,1,hand,1,a959ad0f540bdf7af2b709f7a3009134f80835b0566ea2d018910ec75b05a5d2
IMG0000026.jpg,train,0,leg,0,e5f58004dcd76ca4ac54717148ea094dad8fb31d67495cd526a52baf80afadde
IMG0000027.jpg,train,0,leg,0,2fb5134743f854aa2fcfa5fe021857b460a04d37d72e33b19669906dda4d7f4e
IMG0000028.jpg,train,0,leg,0,4f4b03d9e52fc34ea4b3242ee792f60fa468dc82e30cbff3e584b93b04e1272d
IMG0000032.jpg,train,0,hand,0,ef2a0e4299765edc8254f6311eb57939ccbcd5d82df5f3fa4fec1f780bb4179c
IMG0000033.jpg,train,0,leg,0,ae7b417bf8a2c9c19722723f991b2bf78f93ac6037dc780d7df53fd2b727439b
IMG0000034.jpg,train,0,leg,0,e5e89043e817330bcc1504d484bf4a46187581e77d6a028975ddbfe5f35f9947
IMG0000035.jpg,train,0,hand,0,39d3e1d4b387fb79ca627afa4c395e20a2d46f899652393585432ff8a355090f
IMG0000036.jpg,train,0,hand,0,36ad7486dfe8225b0e425c55e0f81e1eaae35bd04225953d714617a3fbd9d340
IMG0000037.jpg,train,0,leg,0,3b0093eb3b3fb4e5af6d11d8f4fb957b8965ad04844038af8f01f1301194baae
IMG0000038.jpg,train,0,leg,0,9080cebcd9f702657f699ff1caa3fe39e5d831fefbb2cc5f78b5ff8e7b33638c
IMG0000041.jpg,train,0,leg+hip+mixed,0,5352ad9b0711510a6a051aac17fb2b9509caca8315309feb3ed462d9366cd449
IMG0000042.jpg,train,0,leg,0,6a8b879f26a702cafc483e0deae2399bfd8909b49c1640a48b95a4642165b1b1
IMG0000043.jpg,train,0,leg,0,bf3623fd0e08326c69d1bad59faf14821a01f49296b6276775bc237f2edc4632
IMG0000044.jpg,train,1,hand+shoulder+mixed,1,6239819b3427bf9f118a5ce669f65f46e4493729a68d8af966b402d2dda1a1e6
IMG0000045.jpg,train,0,hand,0,3b192dca33fa3c38dd1e8d4d4f5639b3b0e27c385c943106821abc468aa0b609
IMG0000046.jpg,train,0,hand,0,c06a40bacd178c66b91260e33a46c6aee3a8e0be5174e0957496da69bf4892c0
IMG0000048.jpg,train,0,leg,0,84b7d72254d025109a740dfc9eed559a9a180b263889b8180ef9444e25ffd9e5
IMG0000049.jpg,train,0,hand,0,6032e1ebeea7506f4b0b9ff6e9ff01053a6116e4ee0b2e530c9819ceda277d41
IMG0000050.jpg,train,0,hand,0,6d7a32e19088ebfb2855845df3c8ff8480ca61e47b2b7ab6c1fe3404d0bbfdd1
IMG0000051.jpg,train,0,leg,0,b9591d782a2329f174275fcbcebb5b66f7fc43acd0cc130e876b34abacc03d5c
IMG0000053.jpg,train,0,leg,0,3c33ac041c1d7c5ef7425ca0332a507a55c852966d47067351748bfe02b5522a
IMG0000054.jpg,train,0,leg,0,56868105affff06d8f4d52aa545addfbdc8650e1d1c843aa89a54b724d119d15
IMG0000055.jpg,train,0,leg,0,73b4cbd845a4cbef708a257612f243db58450baa832a780c738acc0dfdf00f7b
IMG0000056.jpg,train,0,leg,0,42d99fd518e1e1e2a06d8d5a0537551b46b92d154af42eaa7d855954eb5360c5
IMG0000057.jpg,train,1,hand+shoulder+mixed,1,d1b524ffca987409701b8ec1dbb9a61e2521f7a1746be4f8c3e0d2ea91da8dd9
IMG0000058.jpg,train,1,hand+shoulder+mixed,1,8d0ab0de29601a49c1237b54818e36eb3d64299b5dc50b309d67dc1a1b0a20d4
IMG0000059.jpg,train,1,hand+shoulder+mixed,1,045658d98397e12df99bb18a61d04c8ae59cd585febeb7b3974d2ad8a9647382
IMG0000060.jpg,train,0,leg,0,61796f2f77b5468e635a9fd5a60224ab5bd493f58293c0226ef0ace797010510
IMG0000061.jpg,train,0,leg,0,a5767c95549ed704a58de8354bf827f9802e993e30c1cc5beef0baf005a098de
IMG0000062.jpg,train,0,leg,0,cd0b1912af43c988cadfc6a108b71aa6e4a3f444a5f13c760e64ef95178e52c8
IMG0000064.jpg,train,0,leg,0,ded6953ada92b2bf5fcf588dddccbf3bf191d724f230341853bf2e72c5c21908
IMG0000065.jpg,train,0,shoulder,0,7e4686cb47148016a432074f007e1d554e7ecce3148f937f86e20607e40d0f8d
IMG0000066.jpg,train,0,leg,0,550723cdf3f60a8b4ad90fb54ecb61568a3289b60810f58a2fa2aa6a43c1e40e
IMG0000067.jpg,train,0,leg,0,f6344c3c61eca2cc810e9bec1bca4ec41b6eb49663cb8681f9379e65e6bf0508
IMG0000068.jpg,train,0,leg,0,3e2364701c68dbb1b839957cfa0bdc5a2a09d579a8a73125876c337418cd8f13
IMG0000070.jpg,train,0,leg,0,af0abb2babb53f37a4604a9e436cc836de346c0cd846c21d9fe2d5331bd94139
IMG0000071.jpg,train,0,leg,0,d3164db05414116ac93bc30d63a0d89e152e7a536bfa974283ea2d83bca0230d
IMG0000073.jpg,train,0,leg,0,215ad08a8995a93456602013095b0a380f73dfc3bbb18f8ce9fad74c55dbe307
IMG0000074.jpg,train,0,leg,0,774e8d6b5f05e2fcb38730ef82fbef512b29a0e398d00c889497e0aec0d1e3e3
IMG0000075.jpg,train,0,leg,0,ff612b0cb9c8d4276871551ff9bd1dca3a7adfca396fb1eeee8c1cbdd48e2266
IMG0000076.jpg,train,0,leg,0,e6ed08ce488f1d0ff6e7b552a0f6e5cb5ce0aaa64e4fd12fb1f4f0ae08407174
IMG0000077.jpg,train,0,leg,0,d67fa8cf9b595e1930dd8d98df0437da15d3e237ec1a9ab7981de1d283fcc36c
IMG0000079.jpg,train,0,leg,0,752ed6738373a47857e51b547e67cd395ec307d307a0dd587c95333843034c46
IMG0000080.jpg,train,0,hand,0,7ad10b0f87275461f8e5576c82ba18c7e45c1504ec7b7a3f44e4e78eac495ca1
IMG0000081.jpg,train,0,hand,0,c730b1e24d9e6f8af48bf5e8bbd10254516e4ea01f158a13f17ab3de56ffe23c
IMG0000082.jpg,train,0,leg,0,fdc5cc1681cd34f0b00c12dfeddf2925dfc6e477d711696422db37e289ae34fd
IMG0000083.jpg,train,0,leg,0,11ca9c5c5b575a93594687ec74b3faf845d4ca44d3cb6a32333cf435d9f55bae
IMG0000084.jpg,train,0,leg,0,7570ddf6e2a9515d553c2a3e14a6b3860b697bb704b4e6b220e8de87091a6f96
IMG0000085.jpg,train,0,leg,0,c166ad51fb9b8c9e0ca766c032166b73aabc4dd9e34ade48829e328dc2733083
IMG0000086.jpg,train,0,hand,0,1110cd661a67784df77544fd60a5e9bfa6c9c7f5bec18604a1c16ec733c508ee
IMG0000087.jpg,train,0,hand,0,dbbc083062d36c3c515d7a07e7383cb35d882b1c698ed0012f5cb3d7c529c152
IMG0000088.jpg,train,0,hand,0,b3307fa048d5355252c5b57aea9e3732c1054975423872b9fb76f95be431e3ad
IMG0000090.jpg,train,0,shoulder,0,06cf1f8efcacffe4ce82d3c2047c1809e4b2eb0282d3187dad1482409811cd13
IMG0000091.jpg,train,0,shoulder,0,4b5328211a2ca60a99fbc023a78e892a1d010b586d638ce77ad495466ba89df9
IMG0000092.jpg,train,1,leg,1,02a88a7759e7c19e765845edbf325f83e686ddc90017d00f2022c8c0ad904241
IMG0000093.jpg,train,0,leg,0,4c272927f3c6fb1e43472678542f0cbb38aab10b719aa5de2c0ca8b3084ac775
IMG0000094.jpg,train,0,leg,0,fdd4a4fb49abc29874518023734b950e34960c5f0849ceaf3d9dd091afb5e225
IMG0000095.jpg,train,0,leg,0,e9d8d6481d8ec3f5a08d2e7acde79cc3f03e45cff0c67818c66edf215c837c92
IMG0000096.jpg,train,0,leg,0,acff40d069d6ccc5ff6c531a56f3729ab3c53d5605f1f9f64217643c849ef211
IMG0000097.jpg,train,0,hip,0,9d1243a52c6632274bbd88f33ebd4387c3ac1141d87ffba6e7ebc4832c9ab864
IMG0000098.jpg,train,0,hip,0,1e0f127ccf11db4833d7b857351216b0f72ec0d605f481c12d4566fcb46f68d8
IMG0000099.jpg,train,0,hip,0,65f2457bd7df76d3b99a3b85fb3590face7c700e749507bb4567eca56a46cbf0
IMG0000100.jpg,train,1,hand+shoulder+mixed,1,c280efff17af2f0647a16ca0b749c5ac86d38da84b55a0c750966d5f08114167
IMG0000101.jpg,train,0,hand,0,9ca0d8ec7eb07fc40268191df9a302878a5e466f48f2af07af7f9ca7dca43fd9
IMG0000103.jpg,train,0,hand,0,878d1bbadca008056e955a0021ee97405d1d2c67fdaba756a999f1a80f5ff10a
IMG0000104.jpg,train,0,leg,0,aa7017da24081e158532a08abce921d999591126ad51f5d1a9000ee666b6a8a5
IMG0000107.jpg,train,0,leg,0,1eea5d1049d5fb5da0d069efd6d5e9b100b2f8b1b964d6728cfd2292436c44bf
IMG0000109.jpg,train,0,leg,0,3bcb30b4d989a8a58c7223ea4d02e402876d0a5efe37b5ffd097dc0f64a839ef
IMG0000111.jpg,train,0,hand,0,12131a09789b67c9b80bfe45e757ea14260214abeb99076e0e34a9fda26855ed
IMG0000114.jpg,train,0,leg,0,cee6909c6b21474438db365249bd7381993bcaf66d1eeda65ca554f764cbc585
IMG0000115.jpg,train,0,leg,0,b6a993749d6e683f3073732c8eeaae499ed241bbd72566bdad155e19066fb777
IMG0000116.jpg,train,0,leg,0,0a8bd4ee4d7ea65a52d4a89046ee8bb7f247e3d0b73f4c9dfb2c200611d77452
IMG0000117.jpg,train,0,leg,0,70d63d8b6a507501be29cd4dffdb368515fbc90d05f9e0d53f4f0dadee2d22d3
IMG0000118.jpg,train,0,leg,0,08def404b4b03f3c492b09d2109fcfb6361f5629650eb69b7011a9e1e11ddcb9
IMG0000119.jpg,train,0,leg,0,281deac027b5830af28bac9d17f7dce747c028e94042cbd0c765efa5d998f6f7
IMG0000120.jpg,train,0,leg,0,03d48416f3b5a6f2870d3f193301824633ea592d5ea63b7e152ada46f412e941
IMG0000122.jpg,train,0,hand,0,8634ce90c0dc5af9bd9c9f1bb202d29157f73aa12edf677b80ec34b5890e918f
IMG0000123.jpg,train,0,hand,0,a6212b8143bc0382c541629957184dc330bb966bb3fde97d189c197a57b4cabd
IMG0000124.jpg,train,0,hip,0,6f5d84e29b6021146108dcb387192cf8a3e540685e8843853ad6b5e5104baa84
IMG0000126.jpg,train,0,leg,0,25d2c94330d7a1bcb3564469937bc6ff90bceae31091411c18c05c2074625cea
IMG0000127.jpg,train,0,leg,0,27a9a3b5252a5215622745c8bcac68b491436e1feb8fbe7897c44ba3f9a7b97c
IMG0000128.jpg,train,0,leg,0,c6c1503e21f391dacd3eed8a1f3be88a6a2b19ca326e02b4f028ac8a3f818a69
IMG0000129.jpg,train,0,leg,0,f44e2ad2262ebd945c2126791047836d59dcff68762ef04957a16410aa615f28
IMG0000130.jpg,train,0,leg,0,e60314799a4c28efb08d43b4813838d9d71d2ca1713d19b97a353a0b3f1d657e
IMG0000131.jpg,train,0,leg,0,733772579d08e0fe25d7b2534b9ea9459b94d45bf5286a6b00d42e34777e38a5
IMG0000132.jpg,train,0,leg,0,54861c99b84f74862ef706b0785d22aa47ef3aa80bcfdda903a5e1d216e2e3cd
IMG0000133.jpg,train,0,leg,0,d85413522e5747767e185443fd938d24b42ab5f26a5c97860cce83a510973cfa
IMG0000134.jpg,train,0,leg,0,11844b132972b5622a0974664a7d8e559209ab82a226658ea353b3d6003443a2
IMG0000135.jpg,train,0,leg,0,f238189935c5ad3b29698c58896f72f85c7f3eb9206736d174b448acdd2c8c74
IMG0000139.jpg,train,0,leg,0,26a14b1d33335322595a75fadec729b5dba9616d6973ef806272b979892b76ef
IMG0000140.jpg,train,0,leg,0,6ee3046bfab212c02d744ff10859ac93f40e11d9bf4634e54275ed7ce3ba8c7b
IMG0000141.jpg,train,0,leg,0,ef14dcd1dcab0909e911d4a87c240d56b923fa8fcd69b0f81dd3d4d2bd0fbe30
IMG0000142.jpg,train,1,hand+shoulder+mixed,1,af3053d4e69e0017f4449b0f71786fb22e7aebb6a940274a26dd024193e1d25e
IMG0000143.jpg,train,1,hand+shoulder+mixed,1,ceb8c884501bd34a568c31d7cc352431f319f7bf78535d0f26001faebf119448
IMG0000144.jpg,train,1,hand+shoulder+mixed,1,e871c9f4c34d0a4dc63492b3f252abc00a56e8e8b5382f887f5fc4be9fd0f8cd
IMG0000146.jpg,train,0,hand,0,2b44f68b14df930d9f67328e13b7d6e1cb2e82a7babd220937581ac70a09cb5d
IMG0000147.jpg,train,0,hand+shoulder+mixed,0,9b228d445cf8cdfdb9623b06c72146ff5b22b20cd71bae4951e1812592b10f89
IMG0000148.jpg,train,0,hand+shoulder+mixed,0,053e78f3c58c63ea5e94e6949d295f7b6e88f5f273626b9b4c43613bb483958d
IMG0000149.jpg,train,0,leg,0,2cc08fea7b0c9152369feb356831b81d30c488764b29bcf4dcfe95c655296cb7
IMG0000150.jpg,train,0,leg,0,879eaf776c24b2ba59ec782bfb996b7d5daecea5edd1ef84a276c3f61effee29
IMG0000151.jpg,train,1,leg,1,4a5cfb8fe75f5875f9c026fa72f2ffebbec6fa0bad54aa15464701d143ad9728
IMG0000152.jpg,train,0,leg,0,e79d052fa46782b1426e68a641ff1a8bf2e3aa0d611159c49acafbff927a0d04
IMG0000155.jpg,train,1,hand,1,0476782b91a238139187e611aa4ae25df8641edf518f49acba4f99f64e4a5e03
IMG0000156.jpg,train,1,hand,1,7822a947b27f3f0e5d0aefa54544df9862b153f85f554a16da23354289893aca
IMG0000157.jpg,train,0,hand,0,ccdd99d27133b38d05f989c128494d5a934576490f86110e633bdd5fd38e8dc1
IMG0000158.jpg,train,0,hand,0,7cd1d16d68dfcbde8191a441f33dc0edc609a9e72c58210dcb535ac8ec058f76
IMG0000159.jpg,train,0,leg,0,9ea3bbc74d62b63eb94469239db1255314c53a84ddcb6c736bb9eca32616f800
IMG0000160.jpg,train,0,leg,0,da5d935ddf8c03ca1601dbfce143bf90cde0011ceba455f2a907d14a08762ae4
IMG0000161.jpg,train,0,hand,0,d0a1363858d6dfd186f7707ec3b53ba842389ce806496225d0f1a38b34c05fb6
IMG0000162.jpg,train,0,hand,0,ccc7dc618c00a4abfceee10264598efb6cc56c167ffb72296f52d71651f46230
IMG0000164.jpg,train,0,hand,0,ae48942c8e902b8e42b4054072a1bdad5850ae1e7194fe2568a8aceec67e782f
IMG0000165.jpg,train,0,hand,0,0b61b195ef6818265f2c7da8125959ea9d30685b2b352267d3b9e5766926ae01
IMG0000166.jpg,train,0,hand,0,44c81144fcf85e5ea6951d414e4e9e66c606edb47d50671587755631802b33c9
IMG0000168.jpg,train,0,leg+hip+mixed,0,cd1fb095e617cdf5abacc13a618c6aeb32957a25f4f1f15ea6c30c4108bc5dc4
IMG0000170.jpg,train,0,leg+hip+mixed,0,c7bce58dd5eec88a397dd11a26bb4be57febd3eb70fe093b8125a16e172091bb
IMG0000171.jpg,train,0,leg+hip+mixed,0,0a326a9ffe77c085bc61ec8f02d2ea44caa1606a30ebcdadc431ce0996533fc5
IMG0000172.jpg,train,0,leg+hip+mixed,0,3260b3d1cfab7769fe7049e65f31d410e4c49b26dc6ecf1a461bb5e1e635df40
IMG0000174.jpg,train,0,leg,0,980383d4ae88b255aafa390b75bbca523afd87ecbc53ec327459dfeea4722660
IMG0000175.jpg,train,0,leg,0,84caf136244874ed5862db3ef65aa621f6c89b134456a2687377015b32f7b332
IMG0000176.jpg,train,0,leg,0,ca59e42a2a055e76b93fa64a5c59132558c4087300e269bc9117f4bc86d2fde5
IMG0000177.jpg,train,0,leg,0,3205d8903c8c3706542e70ca319f3add5f6fc7bb62c0e84ae9f22ef52aade8f3
IMG0000178.jpg,train,0,leg,0,f2b33b2b6e37f04a19b4f8d2a6e0b9ac71e760a3108aa694a505a9aa3203fb42
IMG0000179.jpg,train,0,leg,0,f481c97738072fcf31b2c3ce15a5240d67351b2699fac2de8a372300fbced8a1
IMG0000180.jpg,train,0,leg,0,0900a92c39ed15831a07a1b05d21309083b9983960ba9d59ce4bb3e70a74696c
IMG0000181.jpg,train,0,leg,0,5d002a8c94acbc26e0c416b2da04d7db02b93faf18945715f9d20fcdcfd4d2f9
IMG0000182.jpg,train,0,leg,0,a774603e0bd94fe1ee0b485140bc03723ba033c6fe9a9058a6385b042afc5a65
IMG0000183.jpg,train,0,leg,0,c947df4d854ce9831ba81f7ebbcffb62922d31857a1aac286f95061928e352c2
IMG0000184.jpg,train,0,leg,0,9af0bf389b4035d33692259b90e9b2eed8873c491266f3666be4e960c5415970
IMG0000185.jpg,train,0,leg,0,ff7f1c50d4bf6ae971930aadf55622e5d2987f467fe8989dc1855d104d6a9a42
IMG0000186.jpg,train,0,leg,0,78f27c4e5b45d711e16f67bb76f5309a98967b992cd209dd67f00504e788d574
IMG0000187.jpg,train,0,leg,0,aaccd9cd9db8297ad92f886d2019631f32e609d9f14c6a88edee1c65187130a5
IMG0000188.jpg,train,1,hand,1,42bb5f8614696f9a7d16cafb7b31da50948a780a011e3fcd41cbdfc8e1b1a8ed
IMG0000189.jpg,train,1,hand+shoulder+mixed,1,97f6115f90f045a3703c495d358b33f6013dbe53979f667bfad615a056ce2953
IMG0000190.jpg,train,1,hand+shoulder+mixed,1,982800484a23ccf787d1d1defb81424ab99aab301de8100cf60acec8d0f11860
IMG0000191.jpg,train,0,leg,0,106ae785a941aba1fd8b89ceccbb6d3ac6e8dc65f9a028ba9d5874de99f0bc80
IMG0000192.jpg,train,0,leg,0,f060f306fdaae06d2c310f0458c437651bee8dab657a875aaa2f4323be851ad9
IMG0000193.jpg,train,0,leg,0,d846b34b42233432962d6c437c32f3f72ad2ac4a47224909fde70f17dfa88e92
IMG0000194.jpg,train,0,leg,0,34664448809cbf286c6ff96c04dfb56c195fa81258670589c228fc227fb7446f
IMG0000195.jpg,train,0,leg,0,64f5a588150091ac3282841aa486b95f60acce11fabe97f97eae6abd9f1181e1
IMG0000196.jpg,train,0,leg,0,ea297d0199b26a05215d26770bfcd77ffdd1b18dea5798ea3846bfb9f87b9506
IMG0000197.jpg,train,0,hand,0,50da2df48912871c40a95fdbb9d2cc12ab8de25bf3ba5319351a94e5edf3e10e
IMG0000198.jpg,train,0,hand,0,154f168cb462c4e064ae48d5abf8a166a367bde1de3a262a5f7fa99bb54e62b4
IMG0000200.jpg,train,0,hand,0,a47f1a96b10f11fc5d8e20f409d4fd35424567c30d9c514d8157346b90592001
IMG0000201.jpg,train,0,leg,0,64f3f768c6793668901e3d70691d37181d4c0889e2dca90dad61fa2a1b381fbe
IMG0000202.jpg,train,0,leg,0,056bb114db770614d1f97527a6d202e384d6a7fbb25a3b727974beef95a03be0
IMG0000203.jpg,train,0,hand,0,5b4bd67753658f0a4bb623a0a5716c07beaeb0bcdb8f824b7842e510be786256
IMG0000205.jpg,train,0,hand,0,0727e75249447ba088cdef602e83e940093cd9d49ec2cfda4d88f54e7712fadd
IMG0000206.jpg,train,1,hand,1,10c561ac3d955d8577c8b1540ad7a5422e5185d199536f799b6d8ff009a95829
IMG0000207.jpg,train,1,hand,1,b228b2db2df306070749ce652cb9729b5a8344a2107a5b52c816fc6e72718058
IMG0000208.jpg,train,0,leg,0,91ef13581c48d1b633c7076923f8a731ab3e0eb8014195c1507779f750beb02b
IMG0000209.jpg,train,0,leg,0,5cc2e878228a72298cb8d38d741ec94c83b4c100dccd73ef51098488fad6d0ee
IMG0000210.jpg,train,0,leg,0,bd167ce85dbc9446c96b5203719582232c2424ce15e9f8061517dd99caadf1cf
IMG0000211.jpg,train,0,leg,0,d013ffc94b226b8f4764efdaf01de28adb1746b1ebbd1e0d9436ab7bf4e244a1
IMG0000212.jpg,train,0,leg,0,3d1a38112cbed1ed86c1ea085f76e9de7c4893ec9693ae8fdc7a2ce5265bdf18
IMG0000213.jpg,train,0,leg,0,91adb0e501562257598e217030a605e6028a431bcaab3cc2f3a2a0bb7602e44b
IMG0000214.jpg,train,0,hand,0,8a7567a352457a219f0641f8160fc6a42886f0101703f8c9056b2af841f5cfb0
IMG0000215.jpg,train,0,hand,0,004645f67daa24dbcf6c20c2dc94b3962e430752ee6866a8300890ee3d145ef4
IMG0000216.jpg,train,0,leg,0,0f47747c8776ed2a35b2b0566496b791f80988db7957c5b162172576d0d7178e
IMG0000219.jpg,train,0,leg,0,9b200ae6f21f47f1a38aaedafc38e4951d3b22713638b3e00947d1b93d8b2276
IMG0000220.jpg,train,0,leg,0,bdcb650feb2c6e1cd445da691e8f69b9e33bef0f6f0e0ca08fbdd0c1c46d7a31
IMG0000221.jpg,train,0,leg,0,064fb3a0f9d889badb4d2cbd81675450efe32a953d4e88852da9fed9eab702ca
IMG0000222.jpg,train,0,leg,0,63db98356a1c59287aa5082f03d46cd30ee1d4664089b3dfb72146efbd00499b
IMG0000223.jpg,train,0,leg,0,cef76512e9731808dc47495a18e235a5c4c76229f6329ecd02287bda91327046
IMG0000225.jpg,train,0,leg,0,10e327e24d15336cbca77d65da460528382cf4dd28328e330249201e480f5cea
IMG0000226.jpg,train,0,leg,0,4540bc0bf3fa1f3f9b8dec5707c748f00fce09ee9aa7e7597e933c8daa8f6612
IMG0000227.jpg,train,0,leg,0,afff2565f9c075aa69e661f37dadf5464838781941c1b00000a32963a4e7d0fe
IMG0000228.jpg,train,0,leg,0,1a9b3a85574914b2fafa5a7126cab619ca9541d47b731e7ae36e5066fc8bbda5
IMG0000229.jpg,train,0,leg,0,d34cd7c3969f2453bdd84be562ccfc2925f891f6377a8e6a7642b58ed43fdad5
IMG0000231.jpg,train,0,leg,0,b4ed049646f1579ac1db2999774b7d1edcb12be67b7f66880c62b4b559a79d26
IMG0000232.jpg,train,0,leg,0,f2cd4c07338c451de1b8b87979d959227264e88135fd88d591755ebc40d80d12
IMG0000233.jpg,train,0,leg,0,6ca4321bfda7222fe0aff6117087e010941957e9be60605a5c1da35aa2c8aeb4
IMG0000234.jpg,train,0,leg,0,6f7b9eaf4b94a0a44ab01ef883506a5669fdcee330c347f894389dfc1b6ecb39
IMG0000236.jpg,train,0,hand,0,19ef42d546e8d2f362d900f8269ca737cdec4e9143002cca2ff45a98a070f253
IMG0000238.jpg,train,0,leg,0,4f873b46604c35478360cd70afcc17698ef095c01c67c93c0014cb509e801fc3
IMG0000240.jpg,train,0,leg,0,f9e8b0d4a1e2601ac6b1c1587d0411e95196085bd5995b2cb2b12837bfe1fe60
IMG0000241.jpg,train,0,leg,0,18a07c5ef3de428644bb75f311cb30c2b7e5285c557232af237966c9488dfa8c
IMG0000242.jpg,train,0,leg,0,16fcefc1a95891ac44f624ece905fd326dac0999d5ee2afa640ea906417e7a3d
IMG0000243.jpg,train,0,leg,0,f29fa7867eb9373bf0b4494c3d9479a4cf646609eefcbb38dcaa5967a7fb2def
IMG0000244.jpg,train,0,leg,0,96ec998e669cc6fed07d06410504aa2c41e5abd32c2c3c8229521c3e49203929
IMG0000245.jpg,train,0,leg,0,56d307fbf6d37ed6eb35177f3ca370136af99939fcbffa4a02c6358067204dfd
IMG0000246.jpg,train,0,leg,0,0030ac6fbed0f273eb31a3240becd2010d0e12d551270391bb4e90e696ede792
IMG0000247.jpg,train,0,leg,0,a7279e93a48249f698042b7f301a1a4bb89a8614d5281087dbc79a470ab86938
IMG0000248.jpg,train,0,leg,0,7ac5dacdab2fa95c4431520f6e1f0223947ece629ff069a526f4ffb6db1c372b
IMG0000249.jpg,train,0,leg,0,155f074cecc9f980c2d6ae325126fa3a481b074004e12672ccb82a1bc1505875
IMG0000250.jpg,train,0,leg,0,3141b8bf02fbe537c96edab6e4afdfcad1a1e5a95c0a41cd6ac2172d8e5cc7e1
IMG0000252.jpg,train,0,hand,0,6cebd12cf22d57f09f6bd40fddd5fdbf2aeeac7ed890b156932eb95f40ee9be0
IMG0000253.jpg,train,0,hand,0,6ed4e6943b435b766e01839713035cf1c773c0dfb7b19f6703d6984ee9c407c4
IMG0000254.jpg,train,0,leg,0,726ca6ae12824aa9d05b04221503c494023afd23dafadad1fd4c4cb35e2dfb9d
IMG0000255.jpg,train,0,leg,0,5d61c91f98f711606e1dfe2a673fa790b7f543b361b015b5dd9ddfb973630add
IMG0000256.jpg,train,0,leg,0,983a85f41a7159f20232bd5babbc057b351be9c0468fbf9b47590babbea9c4bc
IMG0000257.jpg,train,0,leg,0,ae357262544563879403787ccd9df5d222bd22b4b43c68335729b1c25f6f05dc
IMG0000258.jpg,train,0,leg,0,41049eb0f47bb2f94160b6c4b7291973ba9ecdd0aea4ee5af5270e2fc2c0fa3b
IMG0000260.jpg,train,0,hand,0,f8c7560b64c80233811d22715eb3bc01c6099524c28cfb3da7e9f5d72fb34078
IMG0000261.jpg,train,1,hand,2,36e2dac594a5cdf991ba137d4e217ba7b9bcd38cd25ab8ca8f51c760f8726e79
IMG0000264.jpg,train,0,leg,0,ea0537c0f3dea754cb3a2be91db78935ed915af9dd5a4314138e2dbc63a192cf
IMG0000265.jpg,train,0,leg,0,942d379629758837792ff9cccc07e65cf90bb3ca2d8aa7d7ddd35dc4516dbafe
IMG0000266.jpg,train,0,leg,0,4ffd2ab2f70d13c5c617272f00c04024185be09231be5e2198069e53e85b03c6
IMG0000267.jpg,train,0,leg,0,248f4a87dcc8f8aa307bf64a945b92225f8ebf89564e4d84c3c984a5fdf9be8b
IMG0000268.jpg,train,0,leg,0,85b8afdfb72be5ec844dcf1fc36f144cbb4e053e23599a36d520951e48fb7ddc
IMG0000270.jpg,train,0,hand,0,f941fe946907fa60be93658ba31cd41fb688a2a16bf74bfaf6cd60e36a96037d
IMG0000271.jpg,train,0,leg,0,97cf3aab6c1519ce2d6addc3418f3892dd390e08007bba1e5f44e7467483158b
IMG0000272.jpg,train,0,hand,0,cce337680157638a8bb0b53507b89b4497094446f6971d3ab0aa86be893f868d
IMG0000273.jpg,train,0,hand,0,5c12fa917ce85caf441748463ea6b1dcf4d8e90f709b57908dcd79aeef4ec66c
IMG0000274.jpg,train,0,hand,0,8332a4194b9a03e74ef709a1e8b8ed4fdfd36f9d2dd2a359eb2260f72284630a
IMG0000275.jpg,train,0,hip,0,a3124b5cde9f875f50056df7282d5a830fc9e99b6f881a9e96c0cccae1239995
IMG0000276.jpg,train,0,leg,0,54796a11c60ca0d6f2f68edf378088f941368d1fdcc767ced8ea53e8dc647e4a
IMG0000278.jpg,train,0,leg,0,82cbf098d25709177e47ed6127c617f13bde2021467474e7341d13372b2140a6
IMG0000279.jpg,train,0,leg,0,ff1033dd3f0dccf931831f0d224e6cfc2a5c13e6ad2eb35a44e9ad2fe6abcca3
IMG0000280.jpg,train,0,leg,0,355ce7521cfb4dedb3d049f3e8fad23e3161d907ad06d1586fbd3eb5622f69eb
IMG0000281.jpg,train,0,leg,0,b1ac101ed939df0e5ab41a1c5836f964e6b73f21859b13d4e5005f96fd10d8d5
IMG0000282.jpg,train,0,hand,0,87558eaff76130c9ad8e29c8d43ecff9f3d88c6faa65d9dd5592a6d1553fb1e3
IMG0000283.jpg,train,0,leg,0,3bed5a20f36f28253e6dc4e0076c03ef37f32da02bffb17a8136f21d2eb0b3c8
IMG0000284.jpg,train,1,hand,2,67da3d099c35003407da6e55bcfa8196e91afbee05256236208cbcb336f9e863
IMG0000285.jpg,train,0,leg,0,0b7b28954d16cef8a35bb915f12e834a1c1d57647bf1fdf5612c77c91cc1fbf5
IMG0000286.jpg,train,0,leg,0,8b5e23418f6bab0bbb00ffe1ffe707bb9a617e40f94ffc0e65797aa9b9805506
IMG0000287.jpg,train,0,leg,0,245971f88bf438bc289a0cc3330e8e80f0af1ebc5d419af226a828df7f682d71
IMG0000288.jpg,train,0,leg,0,183543dd8ce4181c7869a115c63beef50dbbd98a8d0525504175e51380993bfd
IMG0000290.jpg,train,0,leg,0,605bc99d31015e7bab110c72a225e3da7e2bee569e8311502ffb73bbe9dae716
IMG0000293.jpg,train,0,leg,0,4b6f282d0e59b2b70959dbb9fb52446c5ed404f2bf436dabfabc3028cca63cc8
IMG0000295.jpg,train,0,leg,0,0081f0e17859be446de6bbbb973b4997fc57d47db72c470e16ea25f106632e47
IMG0000296.jpg,train,0,leg,0,2d74ded5dd869b19a832548ee675834b14175162ea20adb303b58a0816c60a69
IMG0000297.jpg,train,0,leg,0,b764e806f1e0a27afd2628807c4c460af4e66a1837c5bbab2c95a7e28b82637e
IMG0000298.jpg,train,0,hip,0,229a72cfe3bceb293f0a2ae7ecee09c2f681b8c2b089112e0de5d4aedb746812
IMG0000299.jpg,train,0,leg,0,a86f684556c31a0bd803512e94deb69422b93611d45a0d8e28af06ab40236adc
IMG0000301.jpg,train,0,hand,0,cbc44fa25e4a247220fc90f3155f8047caad009cbeb1e174ed7cdcba0c42f8b0
IMG0000302.jpg,train,0,leg,0,8d8cf9cd7a3c279c868ef5144973077d393cf9f0e8c0848ddbfca6cbfe50f695
IMG0000303.jpg,train,0,leg,0,adf21bc8c7d14ff5913833410996b16822e0376bae0a6b3a86ab41cf3605febc
IMG0000304.jpg,train,0,leg,0,c73b81edf408732b9a5bc15af22577eb94119289a47c50730b13ea9c14c72cd0
IMG0000305.jpg,train,0,leg,0,6aca707a030d1aae3948e0b9d2f9977afdb7dc832a8f050b412d16d3e762723a
IMG0000307.jpg,train,1,hand,3,26c5c5ccd92bebb73eae8fea056ad8584716b1c2d50b108d70d62b0ef6c77d7e
IMG0000308.jpg,train,0,leg,0,f8cda5d5073760998d036d19381a72abc6afa28499cb62c1f2b5902b9471b48f
IMG0000309.jpg,train,0,leg,0,aacab2ebc41319f5953e6ebacd1043514b8d60cd06db496978166a5cd938245c
IMG0000311.jpg,train,0,leg,0,52a193c6c9e8eeb5c7f606190f7c51f7a1e7f2a6cfae04e00319f0ec97a781f1
IMG0000312.jpg,train,0,leg,0,90363048e3ad37658823cb4bfe299a7a1cf83c25e123263e79fa92dfb58e06ba
IMG0000313.jpg,train,0,leg,0,96f447e97e4d9b2b7517742492f7228c4ebe983c09ec8808ea25f6cff93c1d11
IMG0000314.jpg,train,0,leg,0,70c19bd26dc4074b759133113c0faa77a3b1c0bb634ae9380a478a6443781eb2
IMG0000315.jpg,train,0,hip,0,f76b0d98431109c6aa8689f2e6b200b2c4167f303e5a1a11c3b1787d21492272
IMG0000317.jpg,train,0,leg,0,57e313db3190217ee2c9036dc8b32dbe62b9061ebd048aa6148a26566ca7861d
IMG0000318.jpg,train,0,leg,0,0c7b2c3d46259024ee2ea1524901255f0eed07b51290ef66de1ebb59125b9b58
IMG0000319.jpg,train,1,hand,1,79caa2598035f887d3efbb630f59071bac5a5f44cfd2b99a78ebddd47287daa2
IMG0000320.jpg,train,0,hand,0,1e7325d4b28709cb41b638de87df424af86e379664999c494ba06747cc657703
IMG0000321.jpg,train,0,leg,0,e3c8d2271ca4e307a8f3ee1263a820d37a575e431cd560d8481e6a2cea595a77
IMG0000322.jpg,train,0,leg,0,f4d41cf063bdaf39fae3d8ea09a93e50e80e8002c6864b45bc599feb9c519f6b
IMG0000323.jpg,train,0,hip,0,72154fe20d2b8dc4937f98178b6381f89b047c7a9ea4471e725f4c694791b9e3
IMG0000324.jpg,train,0,leg,0,17c1d88c87add7d8ae522d81eb1a05f2fe3976313dedd93bcb4efe63d3174fba
IMG0000326.jpg,train,0,leg,0,caea4150499469ce590e3436241cea917e23a2eac9e54cbc744792e190825785
IMG0000327.jpg,train,0,leg,0,e74de59e5e30dba5cbe16c8eee48162b53abdd589b1d7f451ed00ea4b52c6938
IMG0000328.jpg,train,0,hip,0,c45773d838dcb963458ab78082b009948427da7a75fd47da5ccee93667b92863
IMG0000329.jpg,train,0,hip,0,6b034da336ae4194807350717437132116808daa39cb1b3865db0524ec8687ca
IMG0000330.jpg,train,0,hip,0,5d8fe89df786574231ea1da90fe94e812be8e8588060b188f6075a2bbe747e75
IMG0000331.jpg,train,0,leg,0,c6da327cc981720e7f450dde733076fa05fd11bdf836897b28938178187350d0
IMG0000332.jpg,train,0,leg,0,c51a0af6ab336ee40735463612fc2177346ed8f728c8884a3ece7c42e86cf452
IMG0000333.jpg,train,0,leg,0,c94e7e5201a567b3556561d6ff173bfdbdde8eb06084c1fabc01b101682ee742
IMG0000334.jpg,train,0,leg,0,759919b5b725cd8fe30ca224eea87d0335fd72cfb2165cb1aa7de9ada482ac2b
IMG0000335.jpg,train,0,leg,0,592ca10f0fe8badb5dc3d72b7174dc2465c6dd522888f7dc76b5cd5ce26b9252
IMG0000337.jpg,train,0,hand,0,b25c7bceedd3df7a48bf8b6ea840e3a27b8d7eef38fec48cf2d98aeda8b65160
IMG0000339.jpg,train,0,hand,0,2c87bddde42f3027f3c10745f83961a069794ecba493e6afe74cea994e5a456e
IMG0000342.jpg,train,0,leg,0,8c4f9bc3e086ee116a4455b505543bcd3dfa4684165fc4174557fb047b439576
IMG0000344.jpg,train,0,hip,0,a9e808aa40aad14ef56e6914c31d73c64ff1d04b0b23f0c0d2de0d67ded76ec6
IMG0000346.jpg,train,0,hand+shoulder+mixed,0,8454f8745403d8589e748080b420de2c62540dc49f3f593908bd16d3f8ff7980
IMG0000347.jpg,train,0,shoulder,0,238dc0e891033707ad772a94079b06d05753f5d978e361f35d9de694dcbdd030
IMG0000348.jpg,train,0,hip,0,4c25d996ca7ff12a3914483a113b438149ca7c2d300e483921283ae024c8c576
IMG0000349.jpg,train,0,leg,0,9af4bec58ad6b7600ac2d0cae68cb4238ad3c1fa6d3329b019f3359d5e6ec77e
IMG0000350.jpg,train,0,leg,0,7a4306ae372e5059e30754e5912125189fee1034ebbfd7a485e0772d81203c25
IMG0000351.jpg,train,1,hand,1,edbd53d79ec7d039d7ec34e89250ef812eac00e381dd17c7198f07cca739c441
IMG0000352.jpg,train,1,hand,1,64967fa49fea7cc5c0447acc12ec11976ceaf49d53073fa608a9ab3c94311ded
IMG0000353.jpg,train,0,leg,0,ef92e5d56b5fde3ea138ebaf4bd09b26c4d5784c47bd151a3aee6895bd96a46b
IMG0000354.jpg,train,0,leg,0,f2e732af1ea1dc20adae6e7e7d1d9c02fe0e5d7d70e2f3676078c7f1c35e9710
IMG0000355.jpg,train,0,leg,0,37d2ad3176ee90f206a385b162bb613214e47f1195685af569aa720cf085fd8e
IMG0000356.jpg,train,0,leg,0,46d14eb3640fc26853c34fb7140a3939adbb7ab975e83d1003aec5d582185c13
IMG0000357.jpg,train,0,leg,0,d99c5ad1fb04a54c3abd1cbdda26a1e16a534530ba87cd5c0296ce0a9834bfd8
IMG0000358.jpg,train,0,leg,0,c2f16c16a0b1921479c193331c21caabcd9b688c3dec70f1eebe6dc35a78d2d8
IMG0000360.jpg,train,0,hand,0,6f46aa5a6ed07d8396f0a49e06489e8ad399971ef45c240b4d75e8d5f9f48b2d
IMG0000361.jpg,train,0,leg,0,181fd7a06e35b944e597c78449c0ebde013d3902cd60bd64855d941c011317de
IMG0000362.jpg,train,0,leg,0,0d0fbc7557af906771ba46dae53063fb6e92922bbce95e5a98761870ae427362
IMG0000363.jpg,train,0,leg,0,51c31aefbebda793b444a384d309c35ff84248ae402f87abda7a20850fb8d250
IMG0000364.jpg,train,0,leg,0,0dbf49cc454b927d6271db120e5e496360da52dae44d37469f18accda49b0474
IMG0000367.jpg,train,0,hand,0,3c83b8920d6695b83dda1649aa2526b0c9235227d42076be61f98fdeccc617c9
IMG0000368.jpg,train,0,hand,0,3936436fd72bc81aa9021a097d5452d85752af6990bcbc7fc9fb7620ea104fd7
IMG0000369.jpg,train,0,hand,0,c3fc328bd7b6c4bf4c276f64b9a1d4ea7c68cd1cb0a2ee4b6cfb32639b63211e
IMG0000372.jpg,train,0,hip,0,650ad54c67808702b63848d3095585353792cd3e2f5e4a61942e9a917ccf88cd
IMG0000373.jpg,train,0,hand,0,7a83fbe2d85f9e514a65bc06ee514950ca190e931043b69caeb3f3fa5877fe96
IMG0000374.jpg,train,0,hand,0,8688d685804653694db09bd82a17886eb6b1b90b277b4aaa3f8829e36bcb4ea1
IMG0000376.jpg,train,0,leg,0,1f283b6c11973d3a987d4bed9058d465b5c7d1b3515896b382faffc25544fa03
IMG0000377.jpg,train,0,leg,0,900db00d329a38f335bed5ec20eb19667cf578d46c88d6f9f60408ecd0a8662f
IMG0000378.jpg,train,0,leg,0,b32a35ec409bd71c9ecdb769182469e067ed8d22e36619622d4be30504784bdc
IMG0000379.jpg,train,0,hand,0,1af77d08f167f07a619112524e2270b7a393f2291029dd84b7c561677c9778c6
IMG0000381.jpg,train,0,hand,0,b63100ceab206b1dce6e467bdeb92268d1b1317ad26b6268f9ec668939134087
IMG0000382.jpg,train,0,hand,0,3694ee3d9c89a53fb597301a1c17857e0e50170bc274ede6a832286c6839e895
IMG0000383.jpg,train,0,hand,0,eb7ffcb092c7053a57db6a63f5f67f7afe0ce43f1e6c26afcb5ad8b08fc04f02
IMG0000384.jpg,train,0,hand,0,faaf9c4c7b46b6dc0a7a70bc6130afb313850e009b37755c1f5dc8bf17cda60f
IMG0000386.jpg,train,0,leg,0,c81fa84c1247f625724fae95ae0fc4230f84ddfd55bd0a6dfd53747451c8da1a
IMG0000387.jpg,train,0,leg,0,e365b03aed3d43cdeb4a23d0fc7c7bbd92d172a5c75d31b15b860222428e1757
IMG0000388.jpg,train,0,hand,0,0fd2a06badbed8320c58f4eb49495ea770ee5a7feaf0a1dee0ceb258b88de139
IMG0000389.jpg,train,0,leg,0,bc24f631441887f60319b18efd0ad60ab10f547b174aca0cc42e18b855fad009
IMG0000391.jpg,train,0,leg,0,1d2dec667db25a9abfb34728ec264868a4a308c44f6c67174d6a19bb9e2686cd
IMG0000392.jpg,train,0,leg,0,d248e86bf2b21ff056cd1d7ea32255fe085d202a547b313d11928f2b8077cfa4
IMG0000393.jpg,train,0,leg,0,0da4817d02d12855676e9294904ed1a3428e71d1e9aff9c8b0690d5d0540c2fb
IMG0000395.jpg,train,0,leg+hip+mixed,0,c3a9b25cd7e7fb08f08d0e5ebf4e5aeadffd6fd915bde621afcf0cd4ed4992b2
IMG0000396.jpg,train,0,leg,0,106978a04a4e057f16fc2dce5d1ea788f41fb0e366f2136ddbf00cb0f1ff6f72
IMG0000397.jpg,train,0,leg,0,ec79dc60a9834506c313608ffd9888334c0e7c13beda7ec9a0aab8b4c3c229d2
IMG0000398.jpg,train,0,leg,0,143ea9c8356d4801b85cb64a62137747d430a5ae4bb5bfbc0875cebf7485095c
IMG0000402.jpg,train,0,leg,0,37941c4f7c63b70e3ba54619a941ef7cf979cce044d5f1c97a063f05a50e3dbe
IMG0000403.jpg,train,0,leg,0,909128cc8be74f5e8462acb02c241d8871c4c57833c0b5ed43585b3727141944
IMG0000404.jpg,train,0,leg,0,7dd129824c162d404aa9193f4e790c164ce81222984f98cb01460e51df53ae0d
IMG0000405.jpg,train,0,leg,0,216e9fbb23484c6ef604477141502cca18362c695c80dc87d14344f5af324bb4
IMG0000406.jpg,train,0,hand,0,c2725ced54805d84fe992b859f185c68d285f7e32e658dc936373fd71ddaa288
IMG0000408.jpg,train,0,hand,0,51bfe857d2986fb816c69a18f42c9e241bf02e411b00706782f7489b5e6a602b
IMG0000409.jpg,train,0,leg,0,7e936d2e7d82e9d7ba16af95b86b832094ac8aa706838621a5bbb201ac71fab0
IMG0000410.jpg,train,0,leg,0,ebd9d5e147236b5d0d25d8a15daf0d875a08fff3ba938a66a3d91b15497bccee
IMG0000411.jpg,train,0,leg,0,b7e577b78fbe0bdabecfed13c528c6dcb29b8cd0ad97252ef145881d8219db22
IMG0000412.jpg,train,0,leg,0,a37037c0f67e80e89521c1f122a45a9792619b5ece502fca14cfc14feecee229
IMG0000413.jpg,train,0,leg,0,de18366b1e5d95161885bf791d587056134aa401d4de8ae92d1687b1ea6bc2d5
IMG0000414.jpg,train,0,leg,0,aef8c985cdbe28cea03658d22e04b765116d3653e3bdb8f865c3e46f66e5ce7d
IMG0000415.jpg,train,0,leg,0,638b84214a5e22ab35e98dbefc83d9821208e30b14ec90bba7f68ebc215539dd
IMG0000417.jpg,train,0,leg,0,432d8fca161f7c09ef6a02296523ba233666c9b57c25c9d9e344a3c7a936401a
IMG0000418.jpg,train,0,leg,0,468d64180da629de1c400ddb55b8fbd697a216d7969ef9ca2620ea98d4be05a9
IMG0000419.jpg,train,0,leg,0,9ad04e1765943902eacc3a95ac09158db5900fa6cf7fe37dbbbbecf389955643
IMG0000422.jpg,train,0,hand,0,e574c26d4d1815988e3e08e18b1d106d1386cb29618e4fa76152e2e3662dc044
IMG0000424.jpg,train,0,leg,0,d7d0f1dd63a66739caeec6fa4c5cc8833b7c7619088cc0e7bce086ec39adb00d
IMG0000425.jpg,train,0,leg,0,90e4f29de9a57922fa3c23fc92f3212562566ba9515da6947c0b2b41ba5e1b60
IMG0000426.jpg,train,0,leg,0,5535b5bf5004b9a64f7900a894ce5076076412fb0b592f5f5624e2a4e045c7b6
IMG0000427.jpg,train,0,leg,0,fb227e55a9d5ccce3171bee2893fdd1757f3d3972c35cedd96dcda0b2c597c61
IMG0000428.jpg,train,0,hip,0,3de30449153f008419a7b3607fa8f905cdfef9431b2e6b5134ea470a67b7f046
IMG0000430.jpg,train,0,hip,0,bb94c08dab7c77e11c195f3e36a80cf2397cb472ac843dc4a3760643a56acdbc
IMG0000431.jpg,train,0,hand,0,3e1462659e63155c2f80d72b5959970c33f7d9145db940f7cdfe04c21df9c7f1
IMG0000432.jpg,train,0,hand,0,1e2f8938dbf612e631c4470377dad470b9517122a1f39908380ebab9ce20aa8a
IMG0000433.jpg,train,0,leg,0,200026120e1376386e64590497fe2ebf61445b50548b5ea108dacfa5ceab742b
IMG0000434.jpg,train,0,leg,0,37da9df4fbf6c5b3014fcbcbf7f0d53c731fbb4cae4214fcf15ec2bbcde89063
IMG0000435.jpg,train,0,hip,0,7be61396e112eae69ea7f76fd4035d03146873ce942e28794a74f606da0a77cb
IMG0000437.jpg,train,0,hip,0,d3411d8038b08664ba493911a5872add8741c37feab91798c12e4f2e58f9dbf6
IMG0000438.jpg,train,0,leg,0,2a4bc010d0f76741d30033ca2a8c5c1f5c265336dd4936905997974fbc8417b7
IMG0000439.jpg,train,0,hand+shoulder+mixed,0,e984ccbb10a411496d0f55de9c20aacbf4d256b17bfc2b8f63b56dbf5aa2dccf
IMG0000440.jpg,train,0,hand+shoulder+mixed,0,f2f721682f51a00eec4be796f381578ab029b98c2a640403a342d482c623ab4c
IMG0000441.jpg,train,0,shoulder,0,534f84cc07ccfd771cafa8c2e2f32b2a5b6c1331e8330e8fe775fb2fa8bfff0d
IMG0000443.jpg,train,1,leg,1,d83d3d136dde71a56edebf01b219465770232aee18590c4eca2e156e1fa1d455
IMG0000445.jpg,train,0,leg,0,dbd3c74eae22bf186f5c1776c86d753ff5ae9e20233769b03829eb83dbe805b6
IMG0000446.jpg,train,0,leg,0,12c1d7780e253f499ec74e23037a8f18fd45c76bba131e025432151f6c840502
IMG0000447.jpg,train,0,hand,0,c8bc02085d7212954d14f4d148d1bc208323dec9ad19fe9a4ccb21bc4bd348ea
IMG0000449.jpg,train,0,leg,0,7b066fd886540a6557c34d6263d509eb659b72b5038dbaf6bfa0c4af4fe6ec5c
IMG0000450.jpg,train,0,leg,0,2f51bb14087ce4edb1406690b22c6332d2d3bf3d25bce06bfa9607ab70dc4b12
IMG0000451.jpg,train,0,leg,0,6f3e23e55f9e7d2cd9e1ccf8247bc426b09f6b97b00513fa7a14052463f468fb
IMG0000452.jpg,train,0,leg,0,27f589cb582b1c997e2ff7bc4d3656d0efc5337444247e5223a8a00f5382bfe8
IMG0000453.jpg,train,1,leg+hip+mixed,1,c333cb276b882a57bbd110f6825daa285b454ea6a8ea14b596d1c8cf8bf7887f
IMG0000454.jpg,train,1,leg+hip+mixed,1,47a4c7d1d2666726d46abba9da368cae9ab50b3933aff71ebcd5931846b6543e
IMG0000455.jpg,train,1,leg+hip+mixed,1,e75846915e42f4a735541f3234bcc686d95ed3dd3e908beea08b56c004c8c34b
IMG0000456.jpg,train,1,leg+hip+mixed,1,9b897db03818214ee86cf4efed72de4026dd995617943e63a86622891c07e351
IMG0000457.jpg,train,0,leg,0,21cf51207cfc2ae0eea3dc44acbac78d6249a3a4d8730b735eb4e044304626e5
IMG0000459.jpg,train,0,leg,0,0588347793e7a0e4ef41d7f82523a77f7241ab376b6914ccaffce0d1fc35e7f6
IMG0000460.jpg,train,0,leg,0,bc85a9bd44da3c6c8fcbecb1d84e2cd072ed675e4ce8b7bc0dc6a4cd139c9198
IMG0000462.jpg,train,0,hip,0,e10da773a579c13ed83587cfa57514b0eec7e63ba43770339ce21822a9f145e0
IMG0000463.jpg,train,0,hip,0,b33d66a30bacf8688a5f8552f2165db807b49c418340638967a0a547183c281f
IMG0000464.jpg,train,0,hip,0,bb633ffed4fd64246f86ef52aeed9e199533a594b51a2b7b9bb906fdfd584efd
IMG0000466.jpg,train,1,leg,2,9af89c3eca16628577772b91b67700f9647a911224ead4496a82f21220b11ba6
IMG0000467.jpg,train,1,leg,2,457c4325c7d18da1cf7bde3e48af70413e2316ba7224127ed1f17e45563d1854
IMG0000468.jpg,train,1,leg,2,b177c585db955411ac2de6212b763433a9ff2efcf067a32451dd210f90d74bfb
IMG0000470.jpg,train,1,hand,1,153b81101396e34b19ae5860d6d96773c1e3806226ba87149e7d5f7d1fbca803
IMG0000471.jpg,train,1,leg,1,19565b7f6b0988b98adcac4aa485c40d695dadf64159fccf2c20b5f05d8dbb4e
IMG0000472.jpg,train,1,leg,1,3620c15fac5c117f9b01381d6841491cbda0de5d92fbda269f3274d953ac2694
IMG0000474.jpg,train,0,leg,0,91022b6b586c762e3d6b837e75d8211c7dbbf0837d66485b337a6bd5567a90fd
IMG0000475.jpg,train,0,leg,0,72eee7ce09f02daf96e204f4be4a8ed8fb3823d84d759348aba4746e1c471013
IMG0000476.jpg,train,0,leg,0,7b50d800b0e1e6b7fd615c86f22c9a421e232a9d087089c42467bea58afbadca
IMG0000477.jpg,train,0,hand,0,296bd0bc53a997593f400fdd33dea6a0f6d05b7b544b2ecd0135679df2db4c4c
IMG0000478.jpg,train,0,hand,0,e10d0e8f46cca5be2517e7eb8ef92fd43d79166edfb99c86ee2f4f46ef9657a8
IMG0000479.jpg,train,1,leg,2,a6cb57bd59aa9add6be75ad51db7d53610a23dd43f6b45998e3aa06f86a299df
IMG0000480.jpg,train,1,leg,1,1a5da3efe33b11ef12b8ee27c38b3f1a2afcb543793075209cf0f49f96edf2e5
IMG0000481.jpg,train,0,leg,0,a4ae29ef3af29a45d1664b6c81827840c1f61bfb59437c288e7a53466eac3ed2
IMG0000482.jpg,train,0,leg,0,b33e9e335ab8faa60e1f8669c0e16758175f93ed603b7c995832c2f4ec0d2393
IMG0000483.jpg,train,0,hip,0,f5bac3ae181f1447f76a471264646a7e72cc4d731c5884dd68c044cc62e28fc0
IMG0000484.jpg,train,0,hand,0,537254c56f13b7316678e490ebf647f415d9b848ce1872a18e6cf65c16509a64
IMG0000485.jpg,train,0,hand,0,4a026b0055e31c3f0d7b93332ced2e149b8a26189b2f3d18f19014fa8155c939
IMG0000488.jpg,train,0,leg,0,f99fb3cb75906f34b7edb12c33ce414469fde65cccadc8a3ef0a1edc2264fdbe
IMG0000489.jpg,train,0,leg,0,6e538111c95d9d83b201b96df8b406958e8c9893de8dec632f25aaaac53851c1
IMG0000490.jpg,train,0,leg,0,b97207ee69b1540b9d4c033ffed2990e623fc996e10bf35e8ca55fe6bdc14a49
IMG0000491.jpg,train,0,leg,0,a181bfea1990b239936a5735e3d5413c69d1f49c596eb545336b8e8b2aa53dec
IMG0000492.jpg,train,0,hip,0,430e1efd478928f85230585edf7cdcf9f1922031cd646e3d42398ee3c04e845c
IMG0000493.jpg,train,0,hip,0,83a223cf398d2ec9242e98b02f9ed566ee867fa0f321d50a78425d15a7269411
IMG0000494.jpg,train,0,hand,0,3e090446990233d8bbc87e355aaab9e3660deb9277012e18d42873a59989ba11
IMG0000495.jpg,train,0,hand,0,c34796a68ae3ff1a5e18c2ac5c398142eef526fd8fdb3d0db8a8863dba450607
IMG0000496.jpg,train,0,hand,0,aabe1f56dcfeca8a14c265e1208d0e64d85218fefd12db69031bf82d2448db26
IMG0000497.jpg,train,0,leg,0,631552cfcd0e2b3d12c689b9dd2f9a099497b0bf21139bc96a12f6612ac84d79
IMG0000498.jpg,train,0,leg,0,a6f509f2e1a371992a6385936740ded8b72204320e3bb32caf883e721f340a2b
IMG0000499.jpg,train,0,leg,0,e823901aa79d01e4c2b8f85c7bd0bdddf2e59cd1c30a403f8ee7650606d7aaff
IMG0000502.jpg,train,0,hip,0,f32c80f48a0af1cb91912b4d444aa67fa1580fbaf36c911bd7d904f8490ce9fd
IMG0000503.jpg,train,0,leg,0,9922a5dc4c408dad4ab3591938fd9e89e6a11fbfd14514fda279cbfced76737c
IMG0000504.jpg,train,0,leg,0,e6ef74a1d302a54ddb0dc2662dc0fe08c45fc72d9f0b3ffb4b3050d8593610cd
IMG0000505.jpg,train,0,leg,0,b8f761e87f1ef9b0c2bcb64d0274202311353945035765fdbdaacbe707ae98ce
IMG0000507.jpg,train,0,leg,0,e6d59d4f84e272c963dc3bf13a9bdf976ef8d8efe7232fa984ba6e1e80fccd77
IMG0000508.jpg,train,0,leg,0,7377a342964e8b7d5d40b062fe83762c8a16d7dd02e1173416921ee2bf04ca3b
IMG0000510.jpg,train,0,leg,0,c5aad848744ee9bb688f2c21bfe1d6f8a0fedb08a9b7e5ea5e4cfb3cd795f5d1
IMG0000511.jpg,train,0,hand,0,daa07c8724305799992fe1058c0cfd7ea6dcee738ab0c17d885f6f1adae104cd
IMG0000513.jpg,train,0,hand,0,12a35dc002d661926625d90c50dcfd395410aa63cd7e17ff50ab85f2f9c4a521
IMG0000514.jpg,train,0,hand,0,47d6b00a37264cdd847c08532c7c18b7ca1a6ce1dc90b03c8b2ef8dd9edffc04
IMG0000515.jpg,train,0,hand+shoulder+mixed,0,86bfadb8436b00671c9f5bbdf68abc70ddcc4390bc66130b6bbe68004382f6da
IMG0000516.jpg,train,0,leg,0,556e07a3f0a07d9461cb8dc98ed0e287a94e76ca3f577e09394853ab2a61c68f
IMG0000518.jpg,train,0,leg,0,36271811d8e2e18d367e9d5b293d2f226507e03eaa5bfab6563f67c796d14c76
IMG0000519.jpg,train,0,hand,0,5ab76566c754e6114d54a7015614de6e4f5e4cb9e7434825549a0bea4d865d76
IMG0000520.jpg,train,0,hand,0,441f9379aa08f1c960102b9375292eb1daa83facf83214f2e7410f7642e4d6c4
IMG0000521.jpg,train,0,hip,0,65035eb9423f07fb95a07f24f9ea12c1972fab40da13d84ce0b8ca50cdcb8fe6
IMG0000522.jpg,train,0,hip,0,b50b95687c5ecb182dfa30e72e6dd0062a0b9e648438a83c3059e62e401131e4
IMG0000523.jpg,train,0,hand,0,748363f114f59aaeefb4d2737ee5c53796b3190dec7f45bb5acc80a3b0114d41
IMG0000524.jpg,train,0,hand,0,5b4f6c6db6ccf1fa11d79df32e436ce8e78af464e142e47c519c04170e2acb6c
IMG0000525.jpg,train,0,leg,0,e821ad0dd40d81c5d7f9b986974ea64e3471cb02fa5e37c4398afa2ec8b72fd4
IMG0000526.jpg,train,0,leg,0,ed8b9c763138e559c345371adcf858d9c990eb3fec62329cae8f1c45980a9278
IMG0000527.jpg,train,0,leg,0,f6e49ecdcdfb2c8ab3d1d19acf254b6a9d602cf94d1f705be48ba74430d331bd
IMG0000529.jpg,train,0,hand+shoulder+mixed,0,bd919289ef5458859b5f2928b42c84500f688a5fd8c962e908f2dd543c6f2206
IMG0000530.jpg,train,0,hand+shoulder+mixed,0,ea163ab9ea6a7c3fa6acd8dd38831033c5f16cb844247064c4bf5847f119f9f5
IMG0000531.jpg,train,0,shoulder,0,1b3c5c79e9c776e5429a9930b6f78d68541c7c8e7563abffbaa8eeb1a18f56f1
IMG0000532.jpg,train,0,hand+hip+shoulder+mixed,0,8b7ed3fcb62f03bb7833d6bf04bef6f4ec3433c39ca6789d3079727cd0df9ebb
IMG0000533.jpg,train,0,leg,0,9e4441f2cd4b1142442e908c86c5f4c58ba9c215a486a9b7203a82fc0d53ba1b
IMG0000534.jpg,train,0,leg,0,c8cf2cc14590e1b7cea5f5c58124cbb363f7995d6ff38a95539a1ad4c108dad8
IMG0000535.jpg,train,0,hand+hip+shoulder+mixed,0,0f2cd4d6d33cb11c5bd6ee17e97c1560ab4f6ed6b9263923456efab432af0f12
IMG0000539.jpg,train,0,leg,0,4fbb52b5117813302798fa1f3e5dc0e691f726fda36e715e77329ae7145aaee7
IMG0000541.jpg,train,0,hand,0,c043aedece3152287ee0a4fcd7e293230abc4cb3fefcc8ad19503f5f681c31a2
IMG0000542.jpg,train,0,leg,0,7effe7ad63bad358a5ca972eb033d53b7aab1ef6abef8e2561ca2a4ff6b562af
IMG0000544.jpg,train,0,hand,0,34fa31caf5e840588eae9597262bb4afef881692286691968f60e8dc826bb7c1
IMG0000545.jpg,train,0,hip,0,42748795bf0b7627d4f2e33834120cadf8a20ae2b0803218250bf0a5324a7d50
IMG0000546.jpg,train,0,hip,0,4003f464727972a9f374d3ba68e8beb7540c422a77e6ec62b032d94fb2c7137a
IMG0000547.jpg,train,0,leg+hip+mixed,0,5a71d1f2a1f4e3bdb8e016fa21762ab88da6f1a25dd0223a564dc2e7b2ad0ab5
IMG0000548.jpg,train,0,leg+hip+mixed,0,86ea22391cae9b6b462e759cee6ee1ee38cdf2af7fbaefb617af83cc214e4774
IMG0000550.jpg,train,0,hip,0,906d4615c0a5f0f1a1e6c9222264d3a203037f1472a7d17f1332e6e297d30047
IMG0000551.jpg,train,0,hip,0,6e9cbfb9710410c4e11e0af38609502315696c94d2f308557d00b91d78572a15
IMG0000552.jpg,train,0,leg,0,51a6778ed91f22b15ff8885bad1e98b12d0ca21d1f9df0e00d2075d410d07345
IMG0000553.jpg,train,0,leg,0,f3aaecfe04ac2e34de4063dd462673db06ab1e425d54ad082d7f0b0238419733
IMG0000554.jpg,train,0,leg,0,7a6fa3e7768d7e8b5bdd76418f9ba405ce900896851ee69a91cc08aadc1441ac
IMG0000555.jpg,train,0,leg,0,defedcfea3e0ec3602acbbe77ab6a59eeefc31c286e9283a73e9dd322f59a056
IMG0000556.jpg,train,0,leg,0,ba3242b0139195624e55c11cee525db460b2192a0593a70755a159988b3b677a
IMG0000557.jpg,train,0,leg,0,2a598aad2d8988fd5b68de325e03d0dc5697d11556996d541b4c5fc6394ba8b0
IMG0000558.jpg,train,0,hand,0,cbfc5a54f8824cd017ddafc9d2600d072611d3968434424e36a6372c9bd06d8a
IMG0000559.jpg,train,0,hand,0,90403a33b45cf019804398860851c4803bfd7c06d870f306836470cc9d91b19c
IMG0000560.jpg,train,0,hand,0,6cebc93d9bf4f421b5ed06968243597a34fc58edea2d0946908891504bff67a8
IMG0000561.jpg,train,0,hand,0,af8dda869663da02f717ced8177ccdef30ec5b1506002e2c53e52e5658d1eee6
IMG0000562.jpg,train,0,hand,0,3f41a637fc303f0622e4c5490ceaafdbc7193aef1d6fc43fbc66196457b24e32
IMG0000565.jpg,train,0,leg,0,611b807020bf7bd38faaf0d2f7b38c501769f092ef0c3473b81588341082b39b
IMG0000567.jpg,train,0,hand,0,aa482e8f3b4aece0ca0bfb0b4967643f8afbf12ebe8c500c3b85d801feb4f808
IMG0000568.jpg,train,0,hand,0,91eb76808f3f96d352786d4f871774c03e36bc80e93ee6c622bbab992112ff43
IMG0000569.jpg,train,0,leg,0,02b04c6427242c185556f6a8e4f451e9a4b1909333df055fbd8bba34a89d8d55
IMG0000570.jpg,train,0,leg,0,cb636b64fddb627073af938bcd5bca52c1dab7c39fc377dbf4ad0a4e4b08bb44
IMG0000571.jpg,train,0,hand,0,dd97327de583a325c536f797c7da6c53b73375b381b35539d7bd514d1fe2002e
IMG0000572.jpg,train,0,hand,0,6a068ff2226fd94814fc1b1e99eb68f16bb1099b2c02c9056663873357208644
IMG0000573.jpg,train,0,leg,0,72e09e83541b36e8b1bd5f543c566a0eb2fae7c523d7351fae87eb3de9f01255
IMG0000576.jpg,train,0,hand,0,21edd7f37f427628928202948349874317ac04b1a43b3d7f92e72a2af76849e4
IMG0000577.jpg,train,0,hand,0,9a01d7dfea02d2577084aabcd89bd5cd7e93e048c17c5038436864d7edd923e1
IMG0000578.jpg,train,0,leg,0,202d8403f96056affbc77c6e2c76de2b7f6478f740e4c69da20c6ce702ed95d9
IMG0000579.jpg,train,0,leg,0,e836ecf2b951e9aca5b17c2a37fff277706ab9f86126b63e116189d201e0f780
IMG0000580.jpg,train,0,hand,0,cd5cd307b8825fb770c591206d5f360d9947d1e6613fb1b48277e5d4b16486e8
IMG0000581.jpg,train,0,hand,0,47c23f0599b0df4b72f3b0e94b6c9a01c022c4d889ea5a4fa2002d84d33ac521
IMG0000582.jpg,train,0,hand,0,dc5aef3133ed4f7a5f4066301f1ab9bd32bd6978cbc5a91906cbdc8d537a6e68
IMG0000583.jpg,train,0,leg,0,beb3c7eb3bc067d55175304ccb7144c60bd7962a9655d512851b1bbffe909f1b
IMG0000584.jpg,train,0,leg,0,0699f932e1d2b547702dde813fa9d5602ed7dcc9aa8c87c774ce7302d14dce55
IMG0000585.jpg,train,0,leg,0,bd36d6ad046c3e563a703fe2459c91e4e5299dec1489349a228b87deeab05c50
IMG0000586.jpg,train,0,leg,0,2f784c5f61c6b4573f8d50d3b4348cacc1d31a8b6e260907b9418fcb212dcaaa
IMG0000589.jpg,train,0,hand,0,2106aad8d0c1164e8b3420e7c0e7d664cca17f1908b22fe5300f1843ac0ab0d7
IMG0000590.jpg,train,0,hand,0,2c8813c421961046753edb0fe89504ce18ef067a4b9d19b939c393af5ad77024
IMG0000591.jpg,train,0,leg,0,0347d0b1403c1fdd753c9837617292880def84c9d26a3d956dafeb35030228aa
IMG0000592.jpg,train,0,leg,0,d4b0532863cf3cf8416afb263ae16e0adab65484a7871d2da25537c7536a355d
IMG0000593.jpg,train,0,leg,0,6af8c543eb5f1eb4bca88eec441de8e2b11ee698bdd3330470457ecd13864991
IMG0000594.jpg,train,0,leg,0,416f1b77b768b406c29eb9d8ba840040997339d9dacf320cf3c0bda026643de2
IMG0000595.jpg,train,0,leg,0,d12d6288547590c36a97a4be2332a477fdc4607b6ed6d4b392f808570a51f887
IMG0000596.jpg,train,0,leg,0,5b27433fe1df3d8649358a1d0b37136d45f45d82f1051ccb0b2daa438c9a3d8d
IMG0000597.jpg,train,0,hand,0,df0f8c029ae1d6d8671aaef1da6967f2f3b8fa3efb2b41e5c8d56131feaa0517
IMG0000598.jpg,train,0,hand,0,f82fbc14c1ccaf11bd2c65bf46bb36da210cbaf67e27a39ca40c3b617d6dfa89
IMG0000599.jpg,train,1,hand,1,7688f8462d691ade08134948a77b80c576305b2aed3b52e8bb8741260a6ae8f5
IMG0000600.jpg,train,1,hand,1,1acea7661cc973fb7e8e9b44a9e769f932ef8f1dc4ee210980300a65f50e50ee
IMG0000601.jpg,train,0,hand,0,3b7182227de8d1e670dc782c1ddd53da14f0a30990c5d71bc0da587436f3ff7b
IMG0000604.jpg,train,0,hand+shoulder+mixed,0,c8468529ec3425f61d62d8df8d5739722b879ec4f764c4294bb888aba523bc20
IMG0000605.jpg,train,0,hand+shoulder+mixed,0,c239790d7c2415f38b93e172f6cf5084705d05608530fcd0244f842aa5cb3781
IMG0000606.jpg,train,0,shoulder,0,df299cd603652bba1d9b7c7e54fb8b7ba66165ec5455cfcd42a5c53cdaec57c5
IMG0000607.jpg,train,0,leg,0,e06d79bb0186b86eb37ee98978775efb6a3071ac19dffe7431eb3c39cf24e9ab
IMG0000608.jpg,train,0,leg,0,3fbc7a0ab6ec77da7513479d463b4a927847af211a7f6445ca16170269c28725
IMG0000610.jpg,train,0,hand,0,f53dc13f68812bba3b133f1306234b5404ed96ee3bc002c75686611e1e25b249
IMG0000611.jpg,train,0,hand,0,f399674201236e7a4ff539d2c8d8cc22c28a1951e4c119aaa1d9c7e171112291
IMG0000612.jpg,train,0,leg,0,66dd80016f7f296274b5d43e89f5a33cd30ccab136a6ff03e52307d4e70e588b
IMG0000615.jpg,train,0,leg,0,dee0eaca8ae9b541a8d5d797c5e93cee4bc3f115f3a3410475800bf719b8b318
IMG0000616.jpg,train,0,leg,0,1c07eb08a2f4058e4e26914026e3ac6bccddf95baba5d5f5fd2069c6c60cf6f5
IMG0000617.jpg,train,0,leg,0,665967bf13c457110468b2b0df06b22cf0036d3c58271a73554bc1b06b46a587
IMG0000618.jpg,train,0,hand,0,671c47e0de465bbc8635af1ac7b9b7280f448d51d292de24e289fde9c357e608
IMG0000619.jpg,train,0,hand,0,11693c6d309568864cbfc68f6f78771c476716d8f4461438aab3114bb7cc2f42
IMG0000620.jpg,train,0,hand,0,ec89fbf05156f2a2c4696c8e6c41ec178b9af3e83f78fd3ffc5e55568353595b
IMG0000621.jpg,train,0,hand,0,fcb55c170ef3841e547abdd811980b256896dbc014f9238d2529699b1203e9a8
IMG0000623.jpg,train,0,hand+shoulder+mixed,0,efe2af9fdd2174c1ad1f0902cabfb6ca00a9b38fc4a9d39a65ba5d622b947254
IMG0000624.jpg,train,0,hand+shoulder+mixed,0,cd97051139791dbb443b5d90af26a83c8c644cb63a8d5e32c7e219afdc0af4ed
IMG0000625.jpg,train,0,hand,0,773b8ca14d30e31e0ce4a624cba8da72f2f95d3053daf6d5d1278652f20895af
IMG0000626.jpg,train,0,hand,0,6713f6ae3e8b55102813cc8ba6af1e86c556a3a8f6d859ce1e49e0b50e4ba1c4
IMG0000627.jpg,train,0,leg,0,67bfd040fa54660f8cb32de4bd8dc1dd3f5d2b6ec518437a12ff20e05a44d13e
IMG0000628.jpg,train,0,leg,0,8a9e18d0fbf7ae13389d50c1c0eb49345e1b86237bee554ca200e9991bc8446b
IMG0000629.jpg,train,0,hand,0,14d9428d35c06d4ef858bb505630efed8947d4efaaf2f7411a8cce3cd715135d
IMG0000631.jpg,train,0,leg,0,ea7fc69acae98727b0c5c1e7f0be7a1e54efd3a482359d9e8c75415be7bac7f4
IMG0000633.jpg,train,0,leg,0,a901cdbc8518de20c361b86e92e31b1b7f07271ad85e9b4db171493171b10fdb
IMG0000634.jpg,train,0,leg,0,ab7776d9bd411bd347597582a75405d2827e2145205ed9dc235e464f12a02350
IMG0000635.jpg,train,0,leg,0,a0e956cf51af9d07e680da0af8f645a2f9c94dc8a5a240ce19bc55f84645d862
IMG0000636.jpg,train,0,leg,0,0404e2f79459ce26a223def0a9633314aae7a538d5c784fc794eabec5e82e7a1
IMG0000637.jpg,train,0,leg,0,82f229f5011508e59a37bc21ccf997977d1c3cbbd994ea1480429a0c37f48f83
IMG0000639.jpg,train,0,leg,0,e27bae077115e623afcfd9f40de14beb0bfd22b1788d79c18d9c23c1cb3975e4
IMG0000640.jpg,train,0,hand,0,f2acb1a5ea8590578360bdd2001bc3114669727e06b3bc20a454cbf7684b0cb2
IMG0000641.jpg,train,0,hand,0,5b116e784bc37c7013afa7a3fb96858d21a5c060c241c628c0f9dca51f2f493a
IMG0000642.jpg,train,0,leg,0,2ec31d8b0a8190004af89c58ce4657490007a5ea0dbbd3dbe72b22036eb6dc80
IMG0000643.jpg,train,0,leg,0,027f6fd35b95c82f4f95bc990dbf2d4f2f61d87bf9d387c39f488b0265c66fb9
IMG0000644.jpg,train,0,hand,0,6b624acc8863955637b710561d58225646129f9bd73513445d93725ba795b24e
IMG0000645.jpg,train,0,hand,0,be5909b8416823eeff1e4666a25681e14c6ee0b43370412a2e95c4636dd1aa23
IMG0000646.jpg,train,0,leg,0,6212abe3a165be6fb59bc3104e253e642b8f4b1584e2345330222979a31cd4c1
IMG0000647.jpg,train,0,leg,0,8b75bb26a909154f1dd963b390d005f011b1505efcadcfe54fc53bfb6610894e
IMG0000648.jpg,train,0,leg,0,18383111a06a46b82d72644d5c678ef31fbf0a1d5a876f428025690da6d77c2f
IMG0000649.jpg,train,0,leg,0,201d08fd5ebd25aa8def19283e5f5034f550ce95e0658808d61a9638bd004025
IMG0000650.jpg,train,0,leg,0,1a18e8f542aa8a562dee0a7614d7900a8240fcc802b4146ac962640679cd52fc
IMG0000651.jpg,train,0,leg,0,70fc7a9430d9261e25c0880b5267d15579e1ae9eed7fba6c4738265d0d1b9396
IMG0000652.jpg,train,0,leg,0,7bf9001bb534078eaaa4a0d2764a2f239fe2c078ac203937c7f9e8d1d293d624
IMG0000653.jpg,train,0,leg,0,3e21f06dff6965e57884cabc8ed0bb2ce7b832d80e3ed5ae3bb476cf0ee3d3a9
IMG0000656.jpg,train,0,leg,0,9a0242b83e19fed13dc27a713040c48d5ac07334b4035046d57b45b4f53417c5
IMG0000657.jpg,train,0,hip,0,7aea934950d18b50811311687236a5555acfa895e3370982a867bc8fe4d054d5
IMG0000658.jpg,train,0,leg,0,7abef5e802d6d71fc9842981ae0dc880da1def8b363d65089a291ff5eb262ae8
IMG0000660.jpg,train,0,leg,0,f52593ea993df3f1008094dea2e95dfc2eb09cd2305244b9f223b55d5670c59b
IMG0000661.jpg,train,0,hand,0,b7a03dff5bdb93d099dc780de3b2c899feb2f20f3b2dc8852fb4281a32df3d0d
IMG0000662.jpg,train,0,hand,0,7a47d3549c72824c0398e19472e08382105ff3f84148ac5fb78305e009f61f40
IMG0000663.jpg,train,0,hand,0,2c0eba71533df19ce31178cd8a33b3de5b94c43b46e0e9ffd4501eecf4eabed5
IMG0000664.jpg,train,0,leg,0,0fc9b4e90a82d524ac8cfb926b45c54b2b5e78f5ef464c79e663c414874b73d8
IMG0000665.jpg,train,0,leg,0,7f63531d7f2d6d7f441a8167b7f7e2e3ee6123a96f6f658285bf02f9db6dd4a4
IMG0000666.jpg,train,0,leg,0,2b8ef5382bd633affee5efd6b0b1b269f0e9487e3a4c82f6d2e9b07b82f8ca99
IMG0000668.jpg,train,0,leg,0,cf32d6e26388c7a8cfec4344da10682cf278913c5124a83715901cb73fb8a46b
IMG0000669.jpg,train,0,leg,0,fda52bfadbf4580b0879af0372ef82c0bb88e9ce341f6fcd81bef60a3edad195
IMG0000671.jpg,train,1,hand,2,e62af9b1524c20b5d5196e432ecf60856746666886304253c4816c740c17c3cf
IMG0000672.jpg,train,0,hip,0,9e6252aaef2d6dea431fae950f2d9f4ca90c2493dacf9636a4f38a4002ce6522
IMG0000673.jpg,train,0,hand+shoulder+mixed,0,5351d425288c9d09e368bbca928cc1b0e3ba854bb3d911cfe217e60224e6345b
IMG0000674.jpg,train,0,hand,0,025af22a76ab294845a51006d9c85b0d5f1985375b616a7d4544910066c0e339
IMG0000676.jpg,train,0,hand+shoulder+mixed,0,9cd660d0498a20164608086f08fe02e8242bb8413b387bb63dc31004b9c01dee
IMG0000677.jpg,train,0,leg,0,212252cc3656f2c4b5c4858e5d5c379a66716e08570fffe26fa813dcc277caac
IMG0000678.jpg,train,0,leg,0,fdeeda6e7bea01f7dce91e88077b463ab2c67925f93f7e5a7cbb88f85517bb9f
IMG0000679.jpg,train,0,hip,0,2356ee6734defba5b181107246dde462a8e98770989b94fcf6238befeb62bca7
IMG0000681.jpg,train,0,hip,0,c8fae419782e6ac9f485f7a89cde8ddaf7a79a2b2f682daa2d6f852ce8d1c7dc
IMG0000682.jpg,train,0,leg,0,206e4db58c2b00368d77e87e95c4f5d696a8dbe308bb5ba1f199c982599c569c
IMG0000683.jpg,train,0,leg,0,e0a9b1ece8227145ae1335ffd565900087fdee139006641da92532ee968a5840
IMG0000684.jpg,train,0,leg,0,0d54154bb930c3a874032a7bcc4b224200c0ebc502759376b13b99a9556679c3
IMG0000685.jpg,train,0,leg,0,b017a6d4266f2e34239a5e5df8f6f18345a506c6b66d9b10a46e593ba03c0aca
IMG0000686.jpg,train,0,leg,0,66210ac2d5990d32474c035553539f1c3fdb35e0d322555f7dbde9ed802935aa
IMG0000687.jpg,train,0,leg,0,2e83c85dd26a703b793c10097e10177b74cb10637839784ab4be7b7b87bff401
IMG0000688.jpg,train,0,leg,0,81a3a51c1def105f6c4e06b780f7dcb8a1cc463a8d9fd2ee9a442acfb8eae19d
IMG0000689.jpg,train,0,leg,0,ba170d79dcce478aaddbdaf8a35286c59f5624c9aa42918cbd5550b512d6b6d4
IMG0000690.jpg,train,0,leg,0,b1ea5cebf5f359c6dd1b278d0d2f6960cc655a48783bbffadb2600e60414daa8
IMG0000691.jpg,train,0,leg,0,abb6b4f8d0103ee0fed699a8a6d6db279b20353d6e495ccbccb304ae855b23f8
IMG0000692.jpg,train,1,hand,2,1d94d4becf08f10cce33d80010fb6d12425687bdc3a1ac3d5237b2bff877fcfd
IMG0000693.jpg,train,0,leg,0,e1ed03a8e8f0b056af49fc66bbf665564624956d8539e9bc8d6550094b4c6460
IMG0000695.jpg,train,0,hand,0,2f5c7a03321c2bcb6ae8121936456c88f3b6663923ca263f31cd9b873a795012
IMG0000696.jpg,train,0,hand,0,383e5a2a970685127be38da335034886413f11ed0e1647c3274d1c43e0121dc7
IMG0000697.jpg,train,0,leg,0,e96081a396ce203048bb15b9fd4d5111676a4f50fc5f1f1836a401bbd830496c
IMG0000698.jpg,train,0,leg,0,ee49c96f07069d7aac5c306ac2b33e399e5b0db30bef0b703371fd3075d359a9
IMG0000699.jpg,train,0,leg,0,e78abc98b2f314ee3df6705c8e8c1ca261c59678bfe9c95611382fbb2d3e590e
IMG0000700.jpg,train,0,leg,0,a4737fb01097caa023119930a7a3132cf1add2cf11dea0a28c6c3b9e6f69e207
IMG0000701.jpg,train,0,hand,0,253c5a19658078d5d697443ef5bb70ce0921fd9aa787aee899d1ce9359b66fdc
IMG0000702.jpg,train,1,hand,1,73b89c55ac631b0b50711c03d44010bd240e1825dd502044b93a2eab2e24ccef
IMG0000703.jpg,train,0,leg,0,a57f6e0332719ba9bb0937789c9e3d9d26efca4da28cb8b9f5950db7f964094f
IMG0000704.jpg,train,0,leg,0,6f7bf390004ccc95fb41427417c048f6494bfc1f28ea44f179379dc168e2d9fe
IMG0000705.jpg,train,0,leg,0,844d49fb097597dcd49e1bb6b0b40d5c36441b44b8e1eadcb705e1f264c8dff6
IMG0000706.jpg,train,0,leg,0,93cb5138582a0f8d4bcb1c02cef5804f4bca33f7382ae3b983b74b4783f5dc21
IMG0000707.jpg,train,0,hip,0,15b03b7820cc798372c59906b1a1446d663118de9bfac45194ba4df4edb85024
IMG0000708.jpg,train,0,leg,0,16f232cd99a73bde481f73f0b4de21d72db401fc5e6ccfae8a0fc91639faf8c4
IMG0000709.jpg,train,0,leg,0,7ad7bc159171c5505ffb3e2ad50b72a3fb2f6b29bf45a7fcc6f5ebdbd0748da8
IMG0000710.jpg,train,0,leg,0,b309f13eae1d52e493f0fdbcd1abac276012f56de0a1c4b58af5e4c9fb2354ac
IMG0000711.jpg,train,0,leg,0,530b40d56df221cc20a062af1eefa540ed634447b0e3cf68d453d8a643c3a80c
IMG0000712.jpg,train,0,leg,0,b7744839b939c9bb3702c00ebc384f2cb7cda20a3869baaa74134455d19ab78f
IMG0000713.jpg,train,0,hand,0,c0e7f9be56876d2466d8ab17019e2524aeb199fd4403ff52bffd0d793f99dea3
IMG0000714.jpg,train,0,hand,0,ff86ad131f6c4f55882371609d823d2f3adda62ca44bc6f5fd883ea0806eb2d4
IMG0000715.jpg,train,0,leg,0,bdd6ae6f64363f219f029000960f7743b9ebf484077502834b0a787a15a7f8d4
IMG0000717.jpg,train,0,leg+hip+mixed,0,62fa71e2b8cbdd3bfb90b7a52738e807be387a7521eafde663c515f5912a48ef
IMG0000719.jpg,train,0,hand,0,0aad5e0cbac3b4915ae36e467387fc4d3ffe70030ae68de830bce5624feacc42
IMG0000720.jpg,train,0,hand,0,bd416c4672cf3ace7e5a11dbb70545b58daaf807960f6bb3e336fbd7d43ba571
IMG0000721.jpg,train,0,leg,0,4ede2ec829f5d0b073dd6906956c52759a05aa1b34cb415e64fb667f88123d97
IMG0000722.jpg,train,0,leg,0,775eddb198b95a8dbeef8f0190c5ae31b7f9c0e3ff720f97c37c970e0c28c204
IMG0000723.jpg,train,0,leg,0,4b59bff158899fc299b8a494f16fb14f6c1d9ca5c0cacb0212155e21a502b119
IMG0000726.jpg,train,0,hip,0,0da3048d33d007d6150889100fcf09094f6935187c3817c9ed19df5fbb20f286
IMG0000728.jpg,train,0,hand+hip+shoulder+mixed,0,701a489287fd7a917da947bd49c4add43a44fc1387c9d0683d1515856adae6c9
IMG0000730.jpg,train,0,leg,0,65898352090558a5ae617325bf332f7ac3092c8a4d6184f4ca5006eaddffb0aa
IMG0000733.jpg,train,0,leg,0,4dee982a1d98abbecc9f1d3eee4985e13b54f334e1ecfe43ca12fd463cc18318
IMG0000734.jpg,train,0,hip,0,1fa502029428447def9ebd629255edd0d764bdbac5efb6116234c048ca717892
IMG0000735.jpg,train,0,leg,0,c773f6d06514ff04479446ebca6f9df23155bac3609b4c04687510261fa12618
IMG0000736.jpg,train,0,leg,0,b9e380b6c156e08a45cdc663b7e0e9a24dc7da031a424b2d411c9f894843e3f0
IMG0000737.jpg,train,0,leg,0,d98c99ad89d7a22c4ff08e1198ee9730b7ccc2d2abcc0b46ec0a97476d491d3e
IMG0000738.jpg,train,0,leg,0,b70daa39bdbf4b0894cb65326c1424d20247e721188d89f8fc71f730fab801af
IMG0000739.jpg,train,0,leg,0,9233552cb9fefb9e5b82dac66cfaf44cb2806c74829e678e8e4f540412d36773
IMG0000740.jpg,train,0,leg,0,39e0f08cad728d08e4efacbef56a27f6f365d822b4319e4ac09ff27df10886aa
IMG0000741.jpg,train,0,leg,0,8da945a629b12f4943a109116c334d627713a595d981ace78703360fe7a1a8d6
IMG0000742.jpg,train,0,leg,0,a33acd3a9348583a0b63cd427c3bf38c3a9bd7b6978d333ff67766e20e3a6263
IMG0000743.jpg,train,0,leg,0,dee2f880c6b3ffaeb9d4e501e05de7b49d3f92cf6cda0317cc71184d9e53e67f
IMG0000744.jpg,train,0,leg,0,627ff71e3ec70388c523fde6f0615572b3145b6efb4a30f0f535aefa06554cb2
IMG0000745.jpg,train,0,leg,0,b5639e4228fbaa841a482a7ebe6dd7a9f8edee3b9eab02b1cfa334f23b51e327
IMG0000746.jpg,train,0,leg,0,8c85bbb54dca4ec9a519c9f7dbfed6f04fa23cf9298aca1f03e465a9a2df929e
IMG0000748.jpg,train,0,leg,0,a1a4b716663516be55a75f2be43483fcfa58b30e385aad3180a4815454ae19bd
IMG0000750.jpg,train,1,hand,1,394213b9acd66b8781efd91773b3427b5f078f07961a259b8144d1a44a70d1bf
IMG0000751.jpg,train,1,hand,1,7e90919738742ea583ca76c4dab9250929307b720532a358a021ea4bc1decd98
IMG0000752.jpg,train,0,leg,0,548d3b6c679ca8ab1e9292f975aa836ddd64304ff440aaed162f76b3cb12514e
IMG0000754.jpg,train,0,hand,0,70d36f417c949b847ad85a0142f47a54dacd334f9a7f420243fd9184ca37fe95
IMG0000755.jpg,train,0,hand,0,79d3d2e954af0151a3963e56d8815edce9261c0e7ef6b66e89a29ede5bd8ffb3
IMG0000756.jpg,train,0,leg,0,46ecb8bec77d8c74300289d594d5430f0fe8aa46827f68fff324b5659ba4e165
IMG0000757.jpg,train,0,leg,0,afc315c41a4b18fe476128f92d49453c1bdaa5cbe7d116ce2102fb25bc9f5c7b
IMG0000758.jpg,train,1,hand+shoulder+mixed,1,5102324b80a15ff3a7036ff4ab588b22ea20797727a4cf421f4be81cdfc03154
IMG0000759.jpg,train,0,hand,0,40d2943c26d78597f7b45dd19275a7b7bde8aadb24f40fbc82d1485c25e56ab1
IMG0000760.jpg,train,0,hand,0,809bb20c73d29b4ce9caaaa7deb55c377005850b9998549f8591b93d03a4df1d
IMG0000761.jpg,train,0,hand,0,6ae08f4655c31c549611ec4774dc6856edb8df8178dc940dff7248c6f75386d1
IMG0000762.jpg,train,1,hand,1,16d3b26e81824fdb2f0d55c3e14fb2b968106835d6ace6b5141ebe5fc24c26ae
IMG0000763.jpg,train,1,hand,1,ee0a867bf27e4307a9524644f105c4d4906c94f0d2b569efd65bafec6aabdacf
IMG0000764.jpg,train,0,hand+shoulder+mixed,0,1b8b5b988347f8b786a405c48c16bdf7351475533530d656578524ac25a8c0a8
IMG0000765.jpg,train,0,leg,0,83d7a56202b056d01a17dec144624a90f5e8d6a12dfcc627a9cdc2f706685abc
IMG0000766.jpg,train,0,leg,0,801245807cf275c642a50f4f31f5410bc022feaf5e9a838a7425d8114d3cff32
IMG0000768.jpg,train,0,leg,0,7f466b2c3f8659dde8f8c41efa65e22354c2edd5b6925c3e78458c3f551ff692
IMG0000769.jpg,train,0,hand+shoulder+mixed,0,5deba9ef14365ea2b3056ad878992c7a6fee69cc0e832a828511f93a8c037f7f
IMG0000770.jpg,train,0,shoulder,0,74e92b8283faee4d5d58e99a5affe3ec7804b682c4673c09b1baaf3b4484e1d6
IMG0000771.jpg,train,0,hand,0,39bcc99cb4a48df99b8330bc5dda9c2b11ee4610942ff1922659e561d7336e76
IMG0000773.jpg,train,0,leg,0,5e7280934761a4c838c74fec90e297079ceb9804483971d27860f7d74913d976
IMG0000774.jpg,train,0,leg,0,682c9f6cb64a44847aad8570687cda0e41e5f5fcac0582591bcea6865c4301bc
IMG0000775.jpg,train,0,leg,0,4c45219f471204835f48864749e68c61ef3b5f594adf958233727139f899b61f
IMG0000776.jpg,train,1,leg,1,f54a046056ec54dd3d62decdf52db00a79f25d7c3c85c12045739f3e51d86f04
IMG0000777.jpg,train,1,leg,1,78ccef185a983206be070f177b853d25c29242c3393e71e1303192f5f923f63d
IMG0000778.jpg,train,0,hip,0,7ee08ee9548e8e3e88d08320b9be7197048742a209d559f38ebe0c81df6a97a0
IMG0000779.jpg,train,0,leg,0,6c52ca27f0157fee0c34fd2fda456946f1a412d3f2746210580aae503c64c639
IMG0000780.jpg,train,0,leg,0,2f652a558895fcc2a58f7014b91b14d9770f3c45d60bf2859c208dd9d43fe5f3
IMG0000781.jpg,train,0,hip,0,539f350e824e9de4c66f87a73115126c1b6562e6bdb4764c1d34c20e595693c5
IMG0000782.jpg,train,0,hand,0,6092c44d6e1036795272e480c0454e9740341388b47eae646b70f01ff07d1593
IMG0000783.jpg,train,0,hand,0,627ba0ed916573580360af3c11785c1123d7401dcca813e2013eb234fdb2f5f9
IMG0000784.jpg,train,0,hip,0,589d5f37f62ef6cc672a3b78e23f84ca62e29e9ce5f49a89a02e5016d45886db
IMG0000785.jpg,train,0,leg,0,800e549bafc1cd4ed89722df645e8047652beedac6308022d1fd698054c7aed2
IMG0000786.jpg,train,0,leg,0,f3130121e079d16bb10320b2d980672acc9c99b15b712bb776e7df610fadf92e
IMG0000787.jpg,train,0,leg,0,941470b4d811bb5e084b8836d22d62c5f18887fc050dfbc75fcf2700f8d375d5
IMG0000788.jpg,train,0,leg,0,21a87c9f7c991783061b2e080b82e4d709a1555b37e148b51c55fe4af10dc598
IMG0000789.jpg,train,0,hip,0,e467bd2331a74603b7b7f9a2a422dd610adad2a779593484b8e5f29c3b806b43
IMG0000790.jpg,train,0,hip,0,ce2a2c06bf397429a34d523610ef639a99e68f6cb67474070c15b865dfb21545
IMG0000791.jpg,train,0,leg,0,28583f2fd223ddd8a06d62faf4e7006475b45a7b20b33cf62f08ba458d5f0a48
IMG0000795.jpg,train,0,hand+shoulder+mixed,0,ed5202338993984be0a29d513778c8eef524218422a18ffb322f3e08f537cfb7
IMG0000796.jpg,train,0,shoulder,0,8c6fc26b8493f352a2552a88e870cb51093dc9fc0171b9e0ee50b88a8073f22e
IMG0000797.jpg,train,0,leg+hip+mixed,0,ccf0b0d0811a1a106a20a0a20d4ff87a80b7f47cf5c6fc46ea435d63e145b764
IMG0000798.jpg,train,0,leg+hip+mixed,0,c804669a7ca3c3e6e42b13e1a1687964b0ee418fe4a6adb385fd610bd83dac0a
IMG0000799.jpg,train,0,hand,0,290abe74e69803768bf22675eda09ce3de59c27b7262839c8d0cbc8ae16dfd51
IMG0000800.jpg,train,0,hand,0,c1458270bce01b5bc31ffa30878b5abc377188cc9cc2840d55af1dc88077ec40
IMG0000801.jpg,train,1,hand,1,6b35552090cc79b9ca8e5a02c7c19ce4f2cfda18024807c42d03aaad4b1366ce
IMG0000802.jpg,train,0,hand,0,609a09124dcd625e160b7db16949f4c1fae2839d3aadbd83a2a2e48713a6bfbc
IMG0000803.jpg,train,0,hand,0,dbb9a3307da3f2dc4e510bef494edf928012b96f32af3f72580886e0800609ed
IMG0000804.jpg,train,1,hand,1,d971a10a6f4e909684d60a859d51ac896f305e365df6590db32dbe42c6e31688
IMG0000805.jpg,train,1,hand,1,0a49f8ad375ae8fd3c30595feec5c5d98bf11416d7ea144614dccf7a4c2c179e
IMG0000806.jpg,train,0,hand,0,7a0ab55bc52c1a9823330483c7117cbf94a1a909b8b64a0376bde5e584bd5531
IMG0000807.jpg,train,0,hand,0,0e2051b6abe835665ac648aa50c8bcda468ec132abc0da9a3a1e7d6ffd9b5a11
IMG0000811.jpg,train,0,leg+hip+mixed,0,a67a4673d5208553547b20ff81432f026d60226bb285d25f36c193c4a0fc951c
IMG0000813.jpg,train,0,leg+hip+mixed,0,f7020e347faf386ee4358cdad8c5b1f651d450f55696d159869d837286321061
IMG0000815.jpg,train,0,leg,0,75105da69047063e645ea6904273df9168fe31fc27b7d17840ca172008b28113
IMG0000816.jpg,train,0,hand,0,3b2b21a86771520e32920488d2506f7e60acfbb7e5eea6e6b6e30fbaf80403e8
IMG0000817.jpg,train,0,leg,0,c6df276cd999418ef55ee0d9b19433aad1ec1f7f8e0fbf64bd27cfcbbc15ba90
IMG0000818.jpg,train,0,hand,0,fe675517fbaddc195a36a93eab1e8ce8f463677c3996b3f9e3b0b3da43b71753
IMG0000821.jpg,train,0,leg,0,0050fae806f843d294d5b5558fc937a42424d42194749b368da0d0df229ea7a9
IMG0000822.jpg,train,1,hand+hip+mixed,1,aff37e3cd8d1b6aae1b875d7b54e5ac6936a6b97da14216e783dce6dd53aa42b
IMG0000823.jpg,train,0,hand,0,50be3872683cf69b3ab58e8d203740683e4d6a84b6ff65e8b5720f4a4f0f179f
IMG0000824.jpg,train,0,hand,0,9c7d1e285668bc976320404d5fa4fa925d2716c6fda4163d7355bbbf52090981
IMG0000825.jpg,train,0,leg,0,ba627e72a99862ecaae18fb188fb75799652416bca9bac17a72a6fac674277e3
IMG0000826.jpg,train,0,leg,0,ee0e24475a80f4020b9a6b8903c22f4fa5507a6719fae2a5b3c83bf855b0f10a
IMG0000829.jpg,train,0,hand,0,72c33edee7252504cdfd0ab6e907a0facbdc8dd1ec097cd8ddaa2b521b160d83
IMG0000830.jpg,train,0,leg,0,0166e1eeb1aa337beca6f8a2625cfa81082c63ac3a37b1c798817277f9df701f
IMG0000831.jpg,train,0,leg,0,705d7441b0253fd78e4c449892ccbd122e9e33e20a5f4d928265d6a8113d9f7e
IMG0000834.jpg,train,0,hand,0,d8890e01963cc1e9b83233c49eae50f2f4058d6c0ee0055936f8a227ce96e932
IMG0000835.jpg,train,0,hand,0,018ca72e963f80bd22922dc7c6e6449aee07963ca2f5b3cefbfa43bcc6c94cf2
IMG0000838.jpg,train,0,leg+hip+mixed,0,207f612ce8cf03d0879d5e812a01e91685e4857d57abf50338dbc1cbbf18892c
IMG0000839.jpg,train,0,leg+hip+mixed,0,60f3b710d44c0b02e52a39f335f61d9f12c82154f7375afd7964a6feceabaab0
IMG0000840.jpg,train,0,leg,0,914631c36a70e711273b9fe28b95276b9cd09129df2d05044dfb228c483cc617
IMG0000841.jpg,train,0,leg,0,35dd5c165257843bab1b26d2be9f84ed04f80f4813355cb96a9d2a22afcdc3e7
IMG0000842.jpg,train,0,leg,0,9d7d05f3b61dd92887b10aa59ecd28b97e44374d53d3d20c65b8a225bae2f611
IMG0000843.jpg,train,0,leg,0,13790588df2dcb79d76f3e7c5fdc2b5a4c41e8faad82c0a797f2fe6f5d046f48
IMG0000844.jpg,train,1,hand,1,fcf0cb67e5de8b9d831729720f8519e5e164257e0e55f845f8f5ab4f8a8f9814
IMG0000845.jpg,train,1,hand,1,7c36426ea08176c22db0a33ca7546b2b186f10ddbfc5f61deb9af61ffd9e529e
IMG0000846.jpg,train,0,hand,0,001ef2f33d751e57f30fdde4e6123869e2bb4cf8c15848df2cff981df7ab101a
IMG0000849.jpg,train,0,leg,0,bf4e82e0ad8bb2742684f271793176734fefc0825dc417d2c0bdb8e1d68d6312
IMG0000850.jpg,train,0,leg,0,ebf26f89a899da92afb0b9e42fbafc413914db18c867694e4d8736e0dd089e62
IMG0000851.jpg,train,1,hand,2,470d0c1257e0aa00edbfe5605c00dd8c09e6a018585a8c720ef0f3bbf8dcb381
IMG0000852.jpg,train,1,hand,1,81de7ef482e03aeb511cbc7ffccf3fcd0be8dd269c0c16ac6ccbb8d192dd462c
IMG0000853.jpg,train,0,hand+shoulder+mixed,0,e68538cc8a6edef213eeef334893cb2a1dcbe015799a216c2e556b6a203022a0
IMG0000854.jpg,train,0,leg,0,c5364dabafa04cc951e9b76cf02ef7ab16a372e5d96c9a137ec93fc28ef3eaec
IMG0000855.jpg,train,0,leg,0,cfd97ebc12ef4dd95ced60e781595d1671a9ce267d8f5d63dc11025e13032476
IMG0000856.jpg,train,0,leg,0,52821af877b649ecc31b28fde090ea95f2f68a69b1f1cff025967995b19afa9c
IMG0000857.jpg,train,0,hip,0,f9f0863529af9911b8d3762b947d0813fbc4145c0b0798c38dd84a2928120489
IMG0000859.jpg,train,0,leg,0,056a833c628240b0e5cf831d1f5f01439ae2b1ddfb20f3e33e974a30d5d2a5eb
IMG0000860.jpg,train,0,hand,0,2eb52909c919adc3626565b0e16d4a2f054955dcf23d9a5552aebc06a838bc46
IMG0000861.jpg,train,0,hand,0,835e3bbfa7992cc1685248bd12992a2ff1f6b4514970ac4bcb25378eda3ff81a
IMG0000863.jpg,train,0,hand,0,72887d6283d771d9bce2b0d12e66f13a34017ec8e69868112b99ab0875c3eba7
IMG0000865.jpg,train,0,hand+shoulder+mixed,0,b3749c5b17abf1d313a9b3070d0f8e235753b839d1ae127505af4f7d125f17d4
IMG0000866.jpg,train,0,hand+shoulder+mixed,0,dddfb0e13febb4df69968b8f70dc13842e1f13a64b41d67bc8fb7274e50f0e92
IMG0000867.jpg,train,0,shoulder,0,fe19319e90eb875241fd7882d853ca8da4880d69edc21ae244cc9d37017e95b1
IMG0000868.jpg,train,0,leg,0,f516f5cd1603cf39e853a56b45176e0d61e9cd13b91810cbe3db4953c33e0cd1
IMG0000869.jpg,train,0,leg,0,ab63769686e8689db82d775d336fc34b42043e2baa2bc2e447e06368e582d641
IMG0000871.jpg,train,0,leg,0,c520927b94338191404332d0f6687307edc7d5a12c0ed7072f50456657ec1527
IMG0000872.jpg,train,0,leg,0,196e76de5e840caf4be644804f1af962da876921813b3374ffa61a291f85c300
IMG0000873.jpg,train,0,leg+hip+mixed,0,f660ec15a7d798fd454f9b02d6ac1ed43b074431bb0679073d72e08c81c018b4
IMG0000874.jpg,train,0,leg+hip+mixed,0,41097768247886d359d64d2df3f6a9cbab8bf5948de0f361d18358c89d262363
IMG0000875.jpg,train,0,leg+hip+mixed,0,554393b9cec3b0f7c2363f6e0e93accad5a0a259bf634d6c3ed94f5acd5f688b
IMG0000877.jpg,train,0,leg,0,f511e6132ec0901eaa6e871538f4f2d4325787a3cdd9db752c01b063f48e169e
IMG0000879.jpg,train,0,leg,0,6789436314ad79622aa16e36fdb4371c01bf4ca0f184558a4c7b73b9adeed0c2
IMG0000880.jpg,train,0,leg,0,8653b1214230dd1d540bc77c438487efba0b9eaee7edbf236ef3c993e1b6f030
IMG0000881.jpg,train,0,leg,0,7598e710421ff9f24bdf130fa43a0dab68fe66bc33f9c2de5fe70d23a749e673
IMG0000883.jpg,train,0,hand,0,ac0e519aac8a6384ec90178dffd81db87e60916d5e5af4cf4426a5df4f321559
IMG0000884.jpg,train,0,hand,0,3f5c77e684a258a812f39722739d2e056083d7055d4d3795683ce7496431f4b9
IMG0000886.jpg,train,0,leg,0,025a76445462acd9fc33c5ed0a777a06748f80e824e1b2b4943c636a30ba90b7
IMG0000887.jpg,train,0,hand+shoulder+mixed,0,6a882d956eb31c5ca2095c43e157d7c104129d125ef9e4d614944b44213dade1
IMG0000890.jpg,train,0,hand+shoulder+mixed,0,4a39b14df83205e4cb3a3317765b46ea27263b13e358577496d9c6f30acff9bb
IMG0000891.jpg,train,0,hand,0,edcf8315a533ca8030311212d4ddb441ad822cd4d9ac75e78a01c11d6e601fc7
IMG0000894.jpg,train,0,hip,0,36a990ad5d1dd44d848c47a7bfd3da03d9f311bda867cf3aaebdbed777d497f3
IMG0000895.jpg,train,0,leg,0,6c10c6e727c612f1aa2b5dadbef6ec49b5984752388af61e803fd2cdf0bf4013
IMG0000896.jpg,train,0,leg,0,0846a4e21a9cfa67df2c12703c290f2fae2ce74d7c5b94acab69eaee3c7b8bf8
IMG0000897.jpg,train,0,leg,0,a2caee1c22b82eb5228a3e6ff7ca8efb19dcf6c93dba7ffe3fbfc70ed2986ef4
IMG0000898.jpg,train,0,leg,0,91ccc5a5187650d0c93df2d3055414f2c1b4980d91af9131ac5784c5ea0be984
IMG0000899.jpg,train,0,leg,0,ff699b02b8edfaedb2894f97fcbb35052e4c44f85e68d45a1e248b5dcc6fd1e1
IMG0000900.jpg,train,0,hand+shoulder+mixed,0,1ae424940594815ef9158da4b3f05b6d46ee91444bb64bb48fa765640317ccde
IMG0000901.jpg,train,0,hand+shoulder+mixed,0,7a5477ce23d595743d7eae2135396fbdb44b2c598c40ac437418d2628c8ff3bc
IMG0000903.jpg,train,0,hand,0,6f1dda348e14867a25ee1e17c6037afff18572b40864a720e2b13b8b1983f0e2
IMG0000904.jpg,train,0,hand,0,4f1ef9f07485e8d69aa424bc6f1651d78105d36ed54ae0f1d56a1cab3b228ec0
IMG0000905.jpg,train,0,leg,0,e7b1c8ea92347bdb038276a8348081f57e0311ccce3649f910bdcbcb6129bc2a
IMG0000906.jpg,train,0,leg,0,fec8458d971269f567b0594bb39a87c7b380011eb3bdc845937e24aa512b439d
IMG0000908.jpg,train,0,leg,0,314242601b9ee236069a838a19eb795b76108e9a03d2394d1ac91b54b31b1b7e
IMG0000909.jpg,train,0,leg,0,ea946a3b3150d37e76574c8f257c91d382927303e86b27106f72bcf838ba0817
IMG0000910.jpg,train,0,leg,0,ab4512da7f741558c86256cb222208160f00b9605b775a52ccfa8b0b2b9f7274
IMG0000913.jpg,train,0,leg,0,8b11100295738f87270a42f8f9986fee0621704f693b83b2df42b01e745aab3e
IMG0000914.jpg,train,0,hand+shoulder+mixed,0,56958cdd6a6a408ac1a9741615225131bddfd37210f4ee2a59acdca5f4244fc8
IMG0000915.jpg,train,0,leg,0,9c2887ef5e221ef0018637b28eab259300ffce9aa6b1d58e21f77689d70490f1
IMG0000916.jpg,train,0,leg,0,e8551e35bdc7617d721f41683ca73e82e94438d5baf8512cb17bde955c5228aa
IMG0000917.jpg,train,0,leg,0,baa542b3de92359846bb46f76748d2fac4a2b3e183e0971545017d64b741ecb7
IMG0000918.jpg,train,0,leg,0,2790659b8f373b285b890a08811d3606a6516f9f4486d8b152c5bda3ff435513
IMG0000919.jpg,train,0,leg,0,616e37bc776f26611b2c481405793c124cf4a1c2a0de21645fafdd4d687b5a94
IMG0000920.jpg,train,0,leg,0,525701d8c953390602874bbacefc2b073aefcb68676b44ce6721b10b6e370b3f
IMG0000921.jpg,train,0,leg,0,d522b02187e2d19f843dde0fcf8d62f240457cc2b91c6f6c70e77442887e6339
IMG0000922.jpg,train,0,leg,0,7ac63507edbd0418be7b55d285f2337f6e52b06dde7054b6e7149c11242e705c
IMG0000923.jpg,train,0,leg,0,874abab5bad2067daf62281549f067afa35f8f8cca538477a8d02a09149d392a
IMG0000924.jpg,train,0,leg,0,d413a1d377c44d3df9dc8c4176e5856fd99474623e9a97d9aa850eb60a845318
IMG0000925.jpg,train,0,leg,0,711651301f99bb4712ae08e2af331e83350f0e93e3b0d3e838768c524601fcfc
IMG0000926.jpg,train,0,hand,0,e2f55bb3c8de4b2abed7a9a8a157c77a01bafc08b90e65c6fe5c808e368c24ad
IMG0000927.jpg,train,0,hand,0,bd9e2df6686dfd7eb4deaee873f2b3510925162cfb8b36048d4b0d67d640d16c
IMG0000928.jpg,train,0,leg,0,49e57aa468d2e616468907da5f88cdc692edb444622e8f38a3cb26fdc2c6725e
IMG0000929.jpg,train,0,leg,0,b5c5e957665085afcb698b690c4efd1f27e422463140cc36f606629249a52d3b
IMG0000930.jpg,train,0,leg,0,42e51b2f72b4ef14816e7046230b9842ff08a5dcd312cec7d42ac3d13806965f
IMG0000931.jpg,train,0,leg+hip+mixed,0,2ce43e5d69a8b953f6559927d0c502c19f33e419b017a7889ed2bd391aee63d3
IMG0000932.jpg,train,0,leg+hip+mixed,0,b6484e154a40b203b3ecf6a8ba1ecd3f909696ed6fcc4edf7976826c36e3065e
IMG0000933.jpg,train,0,hand+shoulder+mixed,0,7f53c738b99e65f78d819f7539488973453e00e115e975c8e3d20f47460527af
IMG0000934.jpg,train,0,leg,0,af62f5ee72ca490d69511cb593de1ead4c37159f7120305f9d5f7d5551c72800
IMG0000935.jpg,train,0,leg,0,357251bf605d7e54fb81bc56ee3e79c59c1fea3063e65681721354a7a94b82b8
IMG0000936.jpg,train,0,leg,0,dd11bdd149ba4d434b5d4756dd17249660783e6ac2b64f9991d0b8685eb821aa
IMG0000937.jpg,train,0,leg,0,456ecf9a1eaeabf59a0827a0aa283033f0d876fe2839f8aa74037373c167f5c4
IMG0000938.jpg,train,0,hand,0,95b370cbba72d0eccaec681314373698418e7442d94722d0d33d31c2427f6925
IMG0000939.jpg,train,0,hand,0,885f8ac092ddf54cc34adadde67727b51caf74653aa984a9c79d15b930596df8
IMG0000940.jpg,train,0,leg,0,ce3747fb0ce7563a09ee5588bdaf0e74f6cf75bb70a7751c9650889274aef6fb
IMG0000941.jpg,train,0,leg,0,3dc3197eaf39d8048253c86f64ab6cd0ad99b10d65f2ece85effd5c7e0048b7e
IMG0000942.jpg,train,0,leg,0,7cf0ba004571c9baadb87dcd2d24bb813ac1679f7568cbfbaeab7e2f908407a7
IMG0000943.jpg,train,0,hip,0,d10fcaf1a1d9befdc4f51c1e307278645ab4dd1e403ecce52945f762d919bf93
IMG0000944.jpg,train,0,hip,0,06a2c1b16ee2d4d43c56c0e576e68fcad4ed1d38d39dd4f453040952e771c3d5
IMG0000945.jpg,train,0,hip,0,0e69eca0f39e6cd2669751ea7a632ded114316c1d6ceadca7911e71ea5079358
IMG0000946.jpg,train,0,leg,0,a3ae4c4ad06987e1ff7959f81d97d2d6e24c0a97e7417af73c86233563e5b14b
IMG0000947.jpg,train,0,leg,0,26a751fa1da236ea8896247d54a64b4c569e14a5bd711356c7bb07ff863a4aa1
IMG0000948.jpg,train,0,leg,0,b9be99cd83f2a0d1bf5f79e7a106ead20108824812340428dbfd1aea60a1283a
IMG0000949.jpg,train,0,leg,0,993d4f5b4d257ad07611187729fffcfaacce75eae29ba8fd0bc1d91b77508ab9
IMG0000950.jpg,train,0,leg,0,33804a24a73b39371973dd94c348d3d914a1eb10297e0a04b294bdab11ef54d1
IMG0000951.jpg,train,0,leg,0,da6e301c46cd9f0aafb2cb771addea38faa4a21d6f7ecd81709a313942e9f6ab
IMG0000952.jpg,train,0,leg,0,f950d15392f2d2e17411bdcca5ba81608c5c1b11ea3934d6e59e173a3b19354e
IMG0000953.jpg,train,0,leg,0,0ed0ea534aaaa434c2f3d6237bcfe522f874df626444af4f964c2bd81f4642a3
IMG0000954.jpg,train,0,leg,0,e888e0599193eecf2660c3afa1c2cf307b2c89ab55f74b978185ec7e6e7e0c1e
IMG0000956.jpg,train,0,leg,0,0bf1f35f652343b4ac0ff19a23433d6fc8c9183c7b47351b67dbc97dff13d8d4
IMG0000959.jpg,train,0,leg,0,efa18d86540911ba6018e7ffa70f69b582e0a093d454acc70c8b8ccb96761c5c
IMG0000961.jpg,train,0,hip,0,afcc5026a1530814aeb1458249c56d7b3ffc090b93841a888bb421ff9a7d2962
IMG0000964.jpg,train,0,leg,0,055279c72d69d0c0bc0d23aa2b9391c17e802a6b4c35b846a89349a7c7ca75f4
IMG0000965.jpg,train,0,leg,0,ca67b92bd2e40ecffba2897a70f594bbf38a02bd70ac21ea384dab4598a9737f
IMG0000966.jpg,train,0,leg,0,672de1c118188073eff56b67e6ba4f573bebec1747bdf76277c7c15cb58cb783
IMG0000967.jpg,train,0,leg,0,3448df353ca6541e354d5ea6b476f8cb03e650d27b5b950b85bbe2ca71127ef9
IMG0000968.jpg,train,0,hand+shoulder+mixed,0,e5f35f13db6a1d5d1f7a9a537b0c10b30535ae4ecf1baaa33d1e15a000d10349
IMG0000969.jpg,train,0,leg,0,834205b21958838c61546277e9e676d6445374fd671d3a0668c4039c5bcb0a7f
IMG0000970.jpg,train,0,leg,0,cab1075ac0ce54259ef5f63b825bb8a1f44e7799a89b3e33853e5087e6682be0
IMG0000972.jpg,train,0,leg,0,0191ae307348c730d4b7059a2e7f985e617d25e0841013f0e57c6b39f4d64a71
IMG0000973.jpg,train,0,leg,0,64eb987c84155accf9acc6894b7444791cef421ab08b1e740e3f1856a44d23fa
IMG0000974.jpg,train,0,leg,0,2c6a9b78158b9f58f5bf2d0b4afa377b6ab2ccb67a36c89dc3b9c02c68e20118
IMG0000975.jpg,train,0,leg,0,b61d58271e6fad66de1a4cb1a3eea06dbf3b3c2778f9fbc2b40b8632f4a9bf3a
IMG0000976.jpg,train,0,leg,0,791002d5b8831ee334b3c1fb9790486f32d113655e2af582ca85bd424bdea0c6
IMG0000978.jpg,train,0,leg+hip+mixed,0,bd2b7434ccfe25230079043c1a2603a93b4fddd30459765f02d6f9c26af47346
IMG0000979.jpg,train,0,leg,0,272f6e7e4b88187e12223ac05b401c29d2830bbe2c7c62a1af4275699c228a57
IMG0000980.jpg,train,0,leg,0,dd265b0b61fc57ca1eaa64d21947608da15d44f714b2d7a411496f1bfb8eb61f
IMG0000981.jpg,train,0,leg,0,8a2f700960d525f1c8dd77c35792756ea33e17852d6a46515933daddbb5a7ae0
IMG0000982.jpg,train,0,leg,0,8c773fe4df8c96d17642012330101d0118fdffcfc7efc4fb4ac50303da114e59
IMG0000983.jpg,train,0,hip,0,2f2dec55eebc723cedd2a2214c7f5b9f292663b623538fb20aa901d2694adb7f
IMG0000985.jpg,train,0,leg,0,720ebe0302491354373ce7fb48977cde858374b1ae925cc2a77dc8e1267d2e10
IMG0000986.jpg,train,0,leg,0,5d0a12610b14fdbc6ac8e34debfabd47a420bbac6bb25979aa7d1e5bb0a9b100
IMG0000988.jpg,train,0,leg,0,cafc0abea935375518e4b7c5731fafff86202b9007c7039759bf80cbd14dcb60
IMG0000989.jpg,train,0,leg,0,d2a348f93a216c2fedb50d5de0870e945656a75263f81326e6943d4b9eaf3c5f
IMG0000990.jpg,train,0,hand,0,925317b5882e461dae372b1e5597ec0dca092e455f60efef2920f8c2376f233a
IMG0000992.jpg,train,0,leg,0,0f90a61eeabfa7f4881e8a2693bd1127218e2de3463507fe95ac3bb5f795e056
IMG0000993.jpg,train,0,leg,0,80b400523041b2b5162fe71d8e7c03d6c4797a274eaa0cfb6ef5171507fea24b
IMG0000994.jpg,train,0,leg,0,4930758181e40b374f0026e03092976d64751edd8b4ffdc3ee4d681c9bde8ed3
IMG0000995.jpg,train,0,leg,0,545e83f5945e4214006f1d1e98faabbb2d6c2c1c285f677f0f81cf5bc46edc3f
IMG0000996.jpg,train,0,leg,0,8d828bf09585942ceb5435ee51e7f96debad74a7fa83d0d3767f1c04be48f60d
IMG0000997.jpg,train,0,leg,0,92c2f4ece2cce17f076be8e403e77bbf1accb1db22f7cd99aabb5b9ad188507c
IMG0000998.jpg,train,0,hip,0,a0ce76b82340d4aa78a1807be01f977698fd0b43f99d61521f202bb1fea1ee27
IMG0000999.jpg,train,0,hand,0,dbcfb33de1ada5a0404d736ab8fa3e23cd0c16849dbe6890b48c310654bbc45b
IMG0001000.jpg,train,0,hand,0,a07d35cc52a904475284924377ddb8521fb29d7537fe0c3732082d7776551d9e
IMG0001001.jpg,train,0,hand,0,e19f45a87267a71ebc7643dfa0ca3d59b1e76b70dec4ba211ab67416b4b2c6ce
IMG0001003.jpg,train,0,hand,0,d3979a638acf6a70562dd78a5b650e3a0e8aaf8f703c26c67e4611afbd208844
IMG0001004.jpg,train,0,hand,0,387e8b62d528d6c8c7b1261efc9de57352d081eb50ec64e82bf914ab0b6c8053
IMG0001005.jpg,train,0,hand,0,21345068d1a0f0944bb7a0463845abea596bfa380bcf96d265b073b392afcbc3
IMG0001006.jpg,train,0,hand,0,ec4a84e7c7c2e60c25d10481b1dbff0d96d0e1d6a28c57465e1767ec16b3107c
IMG0001007.jpg,train,1,hand,1,3b773f85a60e3a613fe3d813013b2bde7313be5158043ae28ae401d17c732a5d
IMG0001008.jpg,train,1,hand,1,d57ab4bb46e0f94a82c3c9e481cd6b9c722ece2f9c0c29c6cbef86501b0457c3
IMG0001009.jpg,train,0,leg,0,706fa41d8cbdb53e136c38896b9f22772a03956d8beea2f96fdaf4482de82d7b
IMG0001011.jpg,train,0,leg,0,741f84d977d445deaa035d499a502f3920334c88219849e7135579417b175394
IMG0001012.jpg,train,0,leg,0,3e5926801a994a2e9062d27b52af9c2923831bfe2eb7526dd08c9828a6b24d74
IMG0001013.jpg,train,0,leg+hip+mixed,0,eee9a821f3dc5c73703e0e8a88865f313bb6bbc8e9193f043521fe771e4876b4
IMG0001015.jpg,train,0,leg,0,88baba60f55fc7eed26b26ee75fe715f1230daddc17f084c25354a25683deaa3
IMG0001016.jpg,train,0,leg,0,9a2870dbde1192f90f1d35fae889cee8db28b6a1e0a3f34bd878d53db52e9623
IMG0001017.jpg,train,0,leg,0,f28477243091cc0d025ed0be830eb73502bbf2f1b4b49a7bf0725573ced7ec3c
IMG0001018.jpg,train,0,leg,0,4443e495213e7bd576cf6670cab7235d9fae3c4c55cfdb8ad1be513004d247b7
IMG0001019.jpg,train,0,leg,0,2c4e6eec28d2e9ab5a2857908db22c2743c0410483506f5a3ea7abd553acf641
IMG0001020.jpg,train,0,leg,0,0832e1bbfada70ecb2b44512bddd1388a5264c8ec20dfdd8778a5ebabb27f6db
IMG0001021.jpg,train,0,leg,0,4115656faffbd09dda56327dfa0412ed237f7fdd0638bfb90f0a7d25b9fce2e0
IMG0001022.jpg,train,0,leg,0,73e9dd9464f0b227ea2e76a7aca26d7db0b57ab53ae1da13c9527cfcb352df02
IMG0001024.jpg,train,0,leg,0,cc2783fc98fa83b8915e77438ea7f728d0274ea4e92cc6d59f213c526a9dbf1c
IMG0001025.jpg,train,1,hand,1,929a1b830881c4274d5b8ba3243698d01d446f03917a38276faa366bad9202ac
IMG0001026.jpg,train,1,hand,1,e44ecb7f3a035b73582aa59c6f745ef28fa4a6f2b1747d97f70fe845d3081e12
IMG0001027.jpg,train,0,leg,0,02d5ae95784b122b592ba54c176d000c8676d0427205b9ecc7d017fae03c93f5
IMG0001028.jpg,train,0,leg,0,775764483b15721ae9af00ac3905f39014b5a2d59c3cc392db6dda0028802cfa
IMG0001030.jpg,train,0,leg,0,714deecc83d68bcf3818819163fd33dab0c5d7c23ec8a9b51cc29faaa4c663e9
IMG0001032.jpg,train,0,leg,0,df9d394431be191bfbb1a6d88d6382b387dda4dfe6228b7a8471bc3f84a77954
IMG0001035.jpg,train,0,hip,0,07faf55e1ade25152431e43ec5c84679b1b87e1f58f3af015dc4fa68fe4e9cf7
IMG0001036.jpg,train,0,leg,0,2e29b5ff410787dc0e4dd2294b061bfb0637639fa908d53b1c01b8c1e20e36e7
IMG0001037.jpg,train,0,leg,0,48c8f00660532328a306a61299a2a150a540ae71bff09775cc1ba92c83e6e32d
IMG0001038.jpg,train,0,leg,0,9d544c95cbf5c2d2e911c58a51dec4ae8c22e4060fb2176da1f84b1b6ed58d58
IMG0001039.jpg,train,0,hand+shoulder+mixed,0,5a49ec105dfa8074a0ecaaf5064e614866ffbf21085261ca2f99f5a6276b72b4
IMG0001040.jpg,train,0,hand+shoulder+mixed,0,026faa371d26c4508bceb041d5eed5471108755a6a4fb04dc10771d60a0c57e7
IMG0001041.jpg,train,1,hand,1,4c2512136abfc2fe4d296db0b2a3c22de4d49e42b29ac14007b921313ba474e8
IMG0001042.jpg,train,0,hand,0,ca379be08c8e29097baa83eaecce2cd33362c8acfd6d7e16e613918682c24984
IMG0001043.jpg,train,0,leg,0,b7bfa4671bbfa53e3fdeb8a3b6e21d173ce7fc7226d4eec2f1ec68a9484c3760
IMG0001044.jpg,train,0,leg,0,09da0dc9d1a1daa19739af37de27cfe219070abd5d4733bcfcc1a4a3e62ea365
IMG0001045.jpg,train,0,shoulder,0,ddbaea07ba1dd7ae9cf0e0c042b41d46ab6feb763e29f2a505c09635d31a0bb2
IMG0001046.jpg,train,0,hand+shoulder+mixed,0,2a0d3394546156b6703603c9bfcaa424c9e053e6137862b412897532965e6275
IMG0001047.jpg,train,0,leg,0,171c666007cb9c597e785358d675d4ebcce14b4048627d8470dc5f4c57a38e7b
IMG0001049.jpg,train,0,hip,0,7d29a1665c9da1d0c592062968d4fb582b0f940862705bbafa67a868dc36ca96
IMG0001050.jpg,train,0,leg+hip+mixed,0,149fdeadbdcfc0c51ee88473d3192c7611fcebcd961c2c211ddbd04c064ad70a
IMG0001051.jpg,train,0,hip,0,f6964fd8bc30d125803e2ae765a2d399d579dd194015c2e752eb4ea052070b8b
IMG0001053.jpg,train,0,shoulder,0,d02daebdb4a109e5fa0f16f180e0512f6c41f7d7dce025f8c07251eff02ce627
IMG0001055.jpg,train,0,leg,0,b67429a281e7bed955877bc0f8fc64c6bb64bf6c3569a328b6c7cfa3fdc13b7d
IMG0001057.jpg,train,0,hip,0,798167ac2792dc51d7d4c84cf06bed9580e5ed4c9d3684b0ccff30129d9eb516
IMG0001058.jpg,train,0,shoulder,0,530e983a39f90a314842b8edc6e18dc6692366cfc9f87c7636e36f8aec8eea9c
IMG0001059.jpg,train,0,leg,0,e9117ff5b63094e5b80f50ea23133cf3d2bea6c4392fd39235bbcbb889de30ce
IMG0001060.jpg,train,0,leg,0,69b62288f8cf919e644aaae6c7571c8223565fb8fa303cafb2cc1357afface99
IMG0001061.jpg,train,0,leg,0,d014f6dc8eaa026993dd910e8ce158d94ad10b63f66842b9a9d325f7a03c2c49
IMG0001064.jpg,train,0,hand,0,336bf8b9e47efedd8be4372116572f45c491928db9e5f8a94cb66187cc0aa2b8
IMG0001066.jpg,train,0,leg,0,c3b5abc25b950bf1df2f6eb0a9f09048606136a5630c89808a51f1db7f6b02d8
IMG0001067.jpg,train,0,leg,0,d9bb30c938dc634dcf741d7257f55a043557ce33b35806e2a21e7682c76c1968
IMG0001068.jpg,train,0,hip,0,b02c0ddf16133ce6bedbcbdba4bcfb3efa0a27483e2761a4a1cc0dcc464171d7
IMG0001072.jpg,train,0,leg,0,300693b9b87cb97f74f3377a44fdf7d34d29f02a93c8757c0adc43a4abf15406
IMG0001073.jpg,train,1,hand,2,7cce8b31573678bc348927ff9d00c28de12263c9598b9a65c582e403dc999578
IMG0001074.jpg,train,0,leg,0,a86ef3b40e61303676f61c30631ccff0c8a15341e39c8394fbb97683371e04a6
IMG0001076.jpg,train,0,hand+shoulder+mixed,0,c39f8181cab06168b5f441edce8ba0e1c46a03939a7ae87398f8ef5f80a9c668
IMG0001077.jpg,train,0,hand,0,d6f4311505a208ad338762f24d4aea8963d528ea68072737775c2d6b43d097d4
IMG0001078.jpg,train,0,hand,0,e96f23312d6cb6ed28f018ddca929cc81d6ea06285ca6fa207e70e104051af6a
IMG0001080.jpg,train,0,leg,0,db52a19037b62e2560ab0b1aa361ed10b3655c59fd99fa2fe3d4bcfb84ca331a
IMG0001081.jpg,train,0,hand,0,2f55b7f99922cd58deff53d37e0a9b47de3b6f8841d51625b22c8c54fe3648bf
IMG0001082.jpg,train,0,hand,0,cee0ec7cbca9ebd430f50610a737e26fe82c1ded3434e8ec50e71b8aea96d964
IMG0001083.jpg,train,0,leg,0,411a13b36c34885f6649b1dba0210c664b9e958901adc49f1aaf6171e4511fdc
IMG0001084.jpg,train,0,leg,0,7313b0933aa25da6208370acf0abf0bbc86d4e07eb038da6c6df3735caff4eb5
IMG0001085.jpg,train,0,hand,0,b7c21cc89e04f7965bd06cc82c217616586ab64fc4af3561f75735486377227f
IMG0001086.jpg,train,0,hand,0,fa207d1137d4ae65165a07dbe61d6843d321e7634486c127539472bc1d8560bc
IMG0001089.jpg,train,0,shoulder,0,e89fb929551bdf95ebc345f57d3798eab8efdaa625935bec141118cbe52fcf95
IMG0001090.jpg,train,0,hand,0,f5a4578b478bc11be83f04b443cb87a64cd2b43e2fbc5e613a6c440a3d9ebec3
IMG0001091.jpg,train,0,hand,0,f96ed173f796a7d4193b63a414068f5935fd1a295482e0dcfcc164ba8b689fe6
IMG0001093.jpg,train,0,hip,0,481e999eb0bcc2eda462bc74f7e64a1103637dbc402967f48e622c9ef8edbf99
IMG0001094.jpg,train,0,leg,0,e08b4664829f97dab58e9486979a9fbc174daa0cefaed3bf0b5227cdb70c69e9
IMG0001095.jpg,train,0,leg,0,354545a2c09e3290895c18cc3836fcc9419e153ac906cbca9f2e1564c6a2eb55
IMG0001097.jpg,train,0,leg,0,1a07d3ea325b167d2f2c077f5e6be6126d4565b59982f0de5a2c4a6063270d12
IMG0001098.jpg,train,0,leg,0,31646cef8a3e314f126c02061a91044446f81150446fc2a5e3deeb4abc98a5f5
IMG0001099.jpg,train,0,leg,0,c9806e08cef0655b90b772581f807111c8ee4ceac85a4abfa7dd395e160cf5f2
IMG0001100.jpg,train,0,hand+shoulder+mixed,0,73a2b5dd87e43d6647ea6613f0fb676813af0a27e8db8bfa9956c52388e74480
IMG0001101.jpg,train,0,hand+shoulder+mixed,0,d91daeeb0318512cb3ac25e7ccde39aaf667235d764eaf1c29ce46ca5033fada
IMG0001102.jpg,train,0,leg,0,73734b40eeaeeeff3395f217d1ac9ae2dee6b7eec614857489f50d2050e7dfbb
IMG0001103.jpg,train,0,leg,0,ff8604f72a2c0318e316b58cdeb002a09a1d386ab1a5cdb57481cfbb8e8a6485
IMG0001104.jpg,train,0,hand,0,63499ab91fea3ff2547e457c26db158c3670a9f34ce476c45298b33cc15fdbac
IMG0001105.jpg,train,0,hand,0,12a49e59456123d41ada7573b6803345ee366dbcf550ee0890d02c9d827c61e7
IMG0001106.jpg,train,0,hand+shoulder+mixed,0,fddb20f945c2db8da7642ccdbbe2b9541c50e8c59e1be9776804d14cc950c7a1
IMG0001107.jpg,train,0,leg,0,27f451240a80b45bdeb75516cb49d0d9473607271ce27b1a49a71756c6e3361a
IMG0001108.jpg,train,0,leg,0,1d0324d15b865b6a6d06f44b3a0d057b40f53be8fd72874b460a4fb5a62604ea
IMG0001110.jpg,train,0,hand,0,b4db97ec84e59021407329dc05f4744ab6185849469cd388cdb8512e0c590657
IMG0001111.jpg,train,0,leg,0,12ceda85c2c5d69344a2c26f829581a6f644ba7df962f16191d41b28b2e51374
IMG0001113.jpg,train,0,leg,0,99bf5d54194595569c64a2d7943d81b24899ba272b79d49d8f74fc03e49d1eea
IMG0001114.jpg,train,0,leg,0,4e895f36e3a163d43dccc3686051321c6f75f8c1cef2ee0578b3f589fb6c286e
IMG0001115.jpg,train,0,leg,0,9d6ac5a5b225702add786e5658355f43b3999df5338ed0f29a8eb2adff891b52
IMG0001116.jpg,train,0,leg,0,10039ce9c8b36cacde75379f5704180c1ca724e8efa618433d4637bea01ec525
IMG0001117.jpg,train,0,leg,0,cf0b48a5bf67e8c77a225b82fd8bb762b1a1e560e772b2d46ebe1cafddf6774b
IMG0001118.jpg,train,0,leg,0,cde8c7b85c5d7fd00b44ed31f43eecf3c8bb454867a03ef3e7bf7ed2251624a8
IMG0001119.jpg,train,0,hand,0,1b8865e60dc5c086b0d18cb7a5f99565c842b7415c59c3082564527fba6b358a
IMG0001120.jpg,train,0,hand,0,01a1157bac99b2aadfa50b3e9f8d6b95fd7a3b41e3f79df6c18afba6571a969c
IMG0001121.jpg,train,0,leg,0,e9912f64f02d14091ae872424808c5b87fc25eca78d06d14d393d198b119e42c
IMG0001122.jpg,train,0,leg,0,f5087ab9bd377ca70ed5af9c0ce03f73444e79c566c9c58c6f17715dbd84c74c
IMG0001123.jpg,train,1,hand,2,59106921c851841b01ed1761cd44bbe6a94b3dc984df270f0d3b80fd697e45d8
IMG0001124.jpg,train,0,hand,0,97dfd27a99efada18360a8098837a0be4989f4189328cc0d6b5fc2f8d075b30f
IMG0001125.jpg,train,0,hand,0,c50c5717d84184e69fc8d33d8a5c4c1fd607056ffadaf441cbbe957359bb7c1e
IMG0001126.jpg,train,0,leg,0,86e90fa7670aff8f08f6ad4200973c9f0734a14094a9ba6b07d660e9a768b97e
IMG0001128.jpg,train,0,leg,0,eed5b84ab6462827b2bc24b927b528212431ce123437ea6f4f5742cf4362cb85
IMG0001129.jpg,train,0,leg,0,e48cbe5933a31dd230f95901d0e9d370fa1b822b6a63197eac13e9c85f3a699f
IMG0001131.jpg,train,0,hand,0,1bca97cc6933b72e2b83d28804130fffce84967fd9569cc896c80148f8c924e3
IMG0001132.jpg,train,0,leg,0,9827158a7935072c88c4f4433c74d9ffe12cfbd6d1bd201a1c4e75aaf41d38d0
IMG0001133.jpg,train,0,leg,0,32541c50e73379d4c064b8f6b8cacd326186f979a62368ffceb91359e3332f55
IMG0001134.jpg,train,0,leg,0,92804598b44ff21e34682a9de9d6867c0a21e30e0eb8870ed029b18ac0077fab
IMG0001135.jpg,train,0,leg,0,9d9297ea13b8f85dee75031e42f06d7a2c1bff9f8a9791fbdf8fabe4294e79b3
IMG0001136.jpg,train,0,hand,0,6fd8b90eab7555256f3a6f7377d2e0412e07dc5c944860a7b10acd19159bc8f6
IMG0001137.jpg,train,0,hand,0,b2ecf1adcbe94ad200f3360903dd86b55dc40da395f016b5b69fc6292cce99a3
IMG0001138.jpg,train,0,hand,0,ae7aab62e095c31168676e77388f0d52f87237659fd31e5048fdc78246d7b442
IMG0001139.jpg,train,0,hand,0,0e3d3d53337d5d9de1f83dfd0b6c0d42d2f3393c0ccdf9e0ed6413a88fad9161
IMG0001140.jpg,train,0,hand,0,c6e2eabb6a7a970c6130eaaee5fc97c7b920c2c10d3e09f57ef36948e5db5583
IMG0001142.jpg,train,0,hip,0,4dc61e330682dfbf9a2bbf3241f725f1e3fed772bc2c36ad9a1a8e235d8926bd
IMG0001143.jpg,train,0,leg,0,84277d7075a88bf3f9a8f8fd283e086fb651e96ac243a8b12121aaa08664554f
IMG0001144.jpg,train,0,leg,0,98a7ed314b83abfb1b2615ac5ee5d7626b42d72421e119781c51dc4ecd0eb18d
IMG0001145.jpg,train,0,leg,0,3c80ccc2447dd258d66e0550f45ee5fd5af559056b3ad6de04377b6173a17e2b
IMG0001146.jpg,train,0,leg,0,83a273face6b0224eefb2d27989cdbe3022204b870d624019b2fbd58cde6bcb5
IMG0001147.jpg,train,1,hand,1,82c480c1049e56796dd2b270c7648b1a3e1f911ff1d1902b78a3df50b58a90a3
IMG0001148.jpg,train,1,hand,1,7133b1dc748adc653ce0563c97eb6a1f7fd633f1da5e789a65fc5a4cd8ac9898
IMG0001150.jpg,train,0,leg,0,39ac75494fad2c8aabfa9fb61862097c8eac34de3c339d1bb70f5cbab465ae68
IMG0001151.jpg,train,1,hand,1,95a11d0fdfb5b296a352f70ca1dc2c4ea91f0a5474a658da9e82bd180bb3e5f0
IMG0001152.jpg,train,1,hand,1,8521d596cc5e6a30ccce088a5e9aa355ee139bf7f8b41f0561685876595ada5a
IMG0001153.jpg,train,0,hand,0,24628c80188df8c2777c449eccd87b7e703ef206180c9be9be659867fcc08f4c
IMG0001154.jpg,train,0,hand,0,c26d244b295c4ddab325d25a9fce22d1523b0186e44ab2dddd4d883ce5c6e716
IMG0001155.jpg,train,0,leg,0,9d9566b4b1e9be54bd51780aadb210713fbf666fbcd68c377b133d3a87f17170
IMG0001156.jpg,train,0,hip,0,9e5d24a8eab6d798c439f0fae3aa8446aa2752cc3a61a004fdf2f8a2a84cfdd2
IMG0001157.jpg,train,0,hip,0,e2f7126eaeb9ec10738f0e8150817b3f8e2efad8c141ffb95bcd090b09d138f6
IMG0001158.jpg,train,0,leg,0,352eb0add5ad14dcfe9a080373d344688b6d7e3578e930191f531100931f5614
IMG0001159.jpg,train,0,leg,0,a75dab1e19cd84af0dc9c62a249f9cabc130878138ff0907029e2b7671af6e5d
IMG0001160.jpg,train,0,hip,0,15794cab0c3c184131dff1a77e5eb7dc11ae56d14b4f428010d632c75fa9b67d
IMG0001161.jpg,train,0,hand,0,fadb99327dffc7a197fc9fd24733dbbb93af845e31e6a51cba99dacfd1c97f94
IMG0001162.jpg,train,0,hand,0,3243829c3d569eab9a7e1bde2df5c57cd64c1d2c3f21b02a051f33e314b37716
IMG0001164.jpg,train,0,leg,0,39702ed000db8ec3703c04e2f485d23d96bcfcf5b85376d0ca6c9e2583d0a30b
IMG0001165.jpg,train,0,hip,0,470802563abe748cbce20d780e43af583a7a2a5f1235e940d00f372555169aa5
IMG0001166.jpg,train,0,shoulder,0,c5a1c07b59a16d2f8dc4b7732ebd228e6ceb86e0d816a90a2a459cc5be5671c0
IMG0001167.jpg,train,0,leg,0,487c6787f2be47ba15c7473454e7169af0a2bd258ec1f1dd6d9141fde4d41275
IMG0001168.jpg,train,0,leg,0,422808f03a16d7ed9963ca4df7ace2c9d4f8bd82a5915007defb54d0929e532d
IMG0001170.jpg,train,0,hip,0,e079a117034d610e8c69112bc956f6300287251c7b226d3e324e7df341f87dfa
IMG0001171.jpg,train,0,hand,0,a8711924b893517aabcd723230b3c6123a2ba69a58e0fa4e4be51d2bd9fefe15
IMG0001172.jpg,train,0,hand,0,05a331d1e1d09898fc87d458fcf24e0d6b4d27c68ae78d31f81f20cc052400e5
IMG0001173.jpg,train,0,hand+shoulder+mixed,0,117ba9512f2d311c72531eb45318b666b97cf502b650bd03b9b75bdebcf759ec
IMG0001175.jpg,train,0,leg,0,bff07264eb3eff081e4a0a806a35764155fb0ee057cef871be633bf5750f9cf1
IMG0001176.jpg,train,0,leg,0,88aff3eec6f55b72d928358e190aa7d745a5505f705752f15f43fdcb98bb89bd
IMG0001177.jpg,train,0,hand+shoulder+mixed,0,f56f7f9ccba33d8ee51ee87546131f6dfa4f587ad3183f1e9e8f5dd74f513a6c
IMG0001178.jpg,train,0,shoulder,0,f9bed4f35115564e02907c5be3d94d3052bc6c39e72592f86e7d1dec38dabf3a
IMG0001179.jpg,train,0,leg,0,2dba2b61e8e4c1f183b3f5f75cecf0cbc9ba42e4e85321b1fbe7934594e321b0
IMG0001180.jpg,train,0,leg,0,d59e8db5339004ce55a6541bb61d7597b4e8a83da84e3584da23ca77c9d7a618
IMG0001181.jpg,train,0,leg,0,8cfc0de4fdfcd01a18e26938326e93c80d46f6da33369d5711f8104421e5fe29
IMG0001182.jpg,train,0,leg,0,3d49140d0a315be1fe50c74b51bc51b6daa9a99639242e86bb2ea4a2de457d30
IMG0001183.jpg,train,0,leg,0,e1d511bb38b6c7a71be985be9d7636aa56ced22740500d80e8910c56a5c0f969
IMG0001184.jpg,train,0,leg,0,5627ce928f60a30765df12638e018e32f8a41cda0a3753f8d351f9f5015e4680
IMG0001188.jpg,train,0,leg,0,5696fa94cc93de541a16144a6d0cd5b3de3c742a3c20ad512c2c3740edb9001b
IMG0001189.jpg,train,0,leg,0,03b3bf24d02e384da9243b43b1bab405f61c9f5bfe07181cc2ad71f3b17ab88c
IMG0001191.jpg,train,1,leg,1,65bdda24f0965335bdf62f9c47494903cc6dcffa3bab370adabee799bb616161
IMG0001192.jpg,train,1,leg,1,fc6c9d3758c011d7ba8e7679ae1ea2a4443f7779788039262efe301809b402f6
IMG0001195.jpg,train,0,leg,0,7ccb45665484a26af55246cf7362fbddc39dd1829f8a40ff906d7af4691a72c9
IMG0001196.jpg,train,0,leg,0,d9315d2ee1e20820c6ff95788017c67f2c189e8002fb04e4905e2f25ad1a294d
IMG0001197.jpg,train,0,hand+shoulder+mixed,0,399bc6d4512a04c33111b4a8017b1ca23117c9bacb32e6c7aea1a326b7514a38
IMG0001198.jpg,train,1,hand,1,02d9a6b4b5e8faeabacaff3bc1bf8865591273fa8b27dda4dcc852964929ab1c
IMG0001199.jpg,train,1,hand,1,caeac345b16bcdc08c914dbd7bc5a79cd7e318c60e2666a7cb4cfd61b8cf6a31
IMG0001200.jpg,train,1,hand,1,a0e120262f50db18c03a8a3ebb6a42788943cdaf4b4f77882a17ed1d93e578ec
IMG0001201.jpg,train,0,hand,0,28f4da1774f150c9f26b7178f23b2d00c4c9cb66c93f9a1899327bfa3213fd80
IMG0001202.jpg,train,0,leg,0,384b01c0fcbaf1498044277524a0faded20acea5916ecfa60d3cecace8b1febe
IMG0001203.jpg,train,0,leg,0,9f836ec628cfc789c744e0a2d8394213e80ddd44221439e7203e666b2eddc95f
IMG0001204.jpg,train,0,leg,0,da3b6c89cde4a8725c234dd69ba7645073f97422bd74d7800ec0daab181f57d0
IMG0001207.jpg,train,0,hand,0,c4a980c9af9027fb1888d81d2c6c1d36fb0a32c4db587874b3b387282890c320
IMG0001208.jpg,train,0,leg,0,bc76ce647a58414e10ca767edef143ea9831848676cec4d0c082647f9e043593
IMG0001210.jpg,train,0,hand,0,b993fa6cc6a656a0acc42518827d68581de6b6c84c268b40252740c9b258074b
IMG0001211.jpg,train,0,hand,0,43820792182c68afc4d04737f7d36a9eb0b9ef921f13bfe61b0c94665637ff22
IMG0001212.jpg,train,0,leg,0,df8dfbf85f820a5ff7417a76d1d6ff1e81312ae9c4e3b840a3f4b70f08c960b0
IMG0001213.jpg,train,0,leg,0,ceed65b7197c7dc4981d881da79b702a983b089f6f7047a5a4978359126593f4
IMG0001215.jpg,train,0,leg,0,db63bf5579ed323f54604f4dfe317786bfe09ff169fb9f76afd49840d449754a
IMG0001216.jpg,train,0,hip,0,ff289f6feae64467279cdbf0a91441c8cab3d2cf829ee34afe980959aa1e904d
IMG0001218.jpg,train,0,leg,0,626c4b992a86031ccf3756b07d988ad55d2fcd16c0a4cb1d5be9ae6ae5c95cf0
IMG0001219.jpg,train,0,hip,0,828ee010101507416eac041c7af155143e39a4eabb0e1fe680b869b5d7904dd2
IMG0001220.jpg,train,0,leg,0,dfbe69ac1247252a0cd2e18f23cad151c58f35d2f0485bc36c5d4daaebae98b7
IMG0001221.jpg,train,0,hip,0,25112163d1e2ffdbbfdc0c816e314fb816e61852c6c1115b5627a901578b5942
IMG0001222.jpg,train,0,leg,0,25624877acb20c763a3f085dd4d72730f39270e77ebd9d83bbc1affe6ec9f71a
IMG0001224.jpg,train,0,hand,0,ac95cf4edd85fb174e470c25f668fc870cb1dcca48fd1ae4b7d69d4ee576602d
IMG0001225.jpg,train,0,hand,0,3ed3bd2c71c1a35c9f8cde7c99aae0010f6f144de282ffd3c1eb1272bacaa58a
IMG0001226.jpg,train,0,hand,0,b46793a045382483a010dd4a9da447169dd34846c8ee319361de9ae704d10bb4
IMG0001227.jpg,train,0,leg,0,7c5b8d95a93f918efe2b23a78103bb0338eab5ea32847d3499b6ba6b44db48ef
IMG0001229.jpg,train,0,leg,0,0f26cbc717249f0636047b63129191e850fcef137489df93038db159c9e97ad2
IMG0001230.jpg,train,0,hip,0,43e9b15fe4fd49202f67a56cc1b28a58b97b221f571c804dff99d500343b40af
IMG0001233.jpg,train,0,hip,0,c4c676c817ba533c79af43bf51a10a60faa5339eef3894e359b0fea552c44b46
IMG0001235.jpg,train,0,hand+shoulder+mixed,0,75588bd6f77778580e367556fb40abcfa9a15ba22770a4151c20eb44cd8e911d
IMG0001236.jpg,train,1,hand,2,c26dfa46754bb9fef61e7174df51948de5e5f1bc9a3d60e2e81077df42c4de5e
IMG0001237.jpg,train,0,hand,0,13f1b67b46e8a4d79e6f53429f0cdb032e73356685b4fd5748c7d678d14df483
IMG0001238.jpg,train,0,hand,0,74b9a623d7cf8cae6b30be53071d05477deb445d06f124e5b8b758e7b06e877a
IMG0001240.jpg,train,0,leg,0,2879383eec0a6afbfefd411067c190e0c689587c22b04a0927625c6de37c25fb
IMG0001241.jpg,train,0,hand,0,b53b80c83b15aa9ebeb304a86d73852f29dc0b37406fa2f6cbfdd51855f27173
IMG0001242.jpg,train,0,leg,0,4a268bb8eb5b0299b12e75f3c31ed0db92bcbc2aa6df54b25ec584334e1412b9
IMG0001244.jpg,train,0,hip,0,b1ba7b3484e8984d47ba37a74d92071960f9f74b0ab70e0675ce26a1745894c7
IMG0001247.jpg,train,0,hand,0,5743830ddd7216137099ad419a35b50c3328b7f0211ed93ae44123dfe1aebd9b
IMG0001248.jpg,train,0,hand,0,e75c160475602662ffcda90b8fd433e0e8fd0ca81e303c7a5cb6bf905fbbf8e2
IMG0001249.jpg,train,0,hip,0,93c465291d81e1e9b7d4b3c56277dcb342a78050b03a43442ee575d7e3bafe78
IMG0001250.jpg,train,0,leg,0,993a116e0cad5c46226f69e132053fe6465bc59caac459a928dc95692a6eee28
IMG0001251.jpg,train,0,leg,0,0f2ad5e16ee1c3f2ba5bca5bd2d3f36e4c9dd2f2c1fe911a8517ecc02e25d0d4
IMG0001253.jpg,train,0,shoulder,0,551eafac484ad5843d266986372a8e7e5ae9d1a9e4320c1e9ab318b5dbbc9dd8
IMG0001254.jpg,train,0,leg,0,69c4fd22effd94e236aaf4fbd5ff6499576ee40ca86bad9308bf99a6e03da57d
IMG0001255.jpg,train,0,hand,0,b80b4688be814525c567d9c5d6406d735fdb18de8da8ec3a5a59343a9763c32c
IMG0001256.jpg,train,0,hand,0,6b6e8071748f59c3de531059410e919a110191cb8d28002486aa3ae16e513698
IMG0001257.jpg,train,0,hand,0,786b466a56e98507a16854254a437945c0d524e3d0efb03d03c0d56519235668
IMG0001258.jpg,train,0,hand,0,7f9312e39c1b58e02dd5b3aa18495b7a926bb5a2059f62e07f668b21d8cfe042
IMG0001260.jpg,train,0,leg,0,006eea9dc81ae2193103582d6c6354f3bbda7532e7fd03dab9a4e92f9a664e08
IMG0001262.jpg,train,0,shoulder,0,c073b82b8b0e1517f36c80c816e069bc66eb667605374adcb222a81b83321be9
IMG0001263.jpg,train,0,shoulder,0,22c35a44fc07596a678b18063831127db8f47a70436c0b2c7e81a362ec4f1695
IMG0001264.jpg,train,0,leg,0,cd5023a0ae48335415e755b3562bf9da5b7e18a998735a2ed5c0ac3245ca23ee
IMG0001266.jpg,train,0,leg,0,72d3726628decd4af547e3d32fb5f5aec61a217ee9dc9c2c816287b64d50b4a8
IMG0001267.jpg,train,0,leg,0,9b09fefb022195f8d8c7b56e0bbe22f60d7c32016cf6533720ff3214da7d6922
IMG0001268.jpg,train,0,leg+hip+mixed,0,62bf2b5d1dc8908c92d3e97b4daf16e61ffcf20834595b898a389ee6bc0a3617
IMG0001269.jpg,train,0,leg,0,c8c3fe230d9d7ee294f118a04c0d8a34da0c25ec2010e05c3f536f096e0bf267
IMG0001270.jpg,train,0,leg,0,9230bf3fe7f9055baaee4c00f6c34fbfa5e74fbc9febd3b516cca0823c4dcdf6
IMG0001271.jpg,train,0,hip,0,27d12ed74a266a3efdc4f9de90d1b3da5f8271d941f678bea10253794531bd03
IMG0001272.jpg,train,0,shoulder,0,615c4efdbe2bbe705f6330bc5910b1c4ee8c0b79da11792533953fd45f8a4c34
IMG0001273.jpg,train,0,shoulder,0,bae7e3d7323992efab2b9937fba46f6427e4b0fbe0445245c0b82d00a8f8beef
IMG0001277.jpg,train,0,hand,0,c43733ca09ac2759206f323b35653a6bd1e60b04896f1192223674f3c29838a7
IMG0001280.jpg,train,0,leg,0,bfec6764fa3c74a53f5638dd6ba7fcd44a606152144a36d8f363215050fc2b80
IMG0001281.jpg,train,0,leg,0,32b01a4383cbd60e11bbe49e42c40ef0c4886c4c8fdddb7c9ee618768aa79e19
IMG0001282.jpg,train,0,leg,0,11a2cf13aeedb023639f9eb88b8a81a275fce2fbd700d3da3ffa757a48885fff
IMG0001283.jpg,train,0,leg,0,2b7dcc9be1170089686592ddbe22edf96649889eafa7bd778d35bb58909dfe32
IMG0001286.jpg,train,0,hand+shoulder+mixed,0,76b9d7a3205dcc5a594ba9cd9540c70d6ffe6b92837d6cad6bb8a29c4aabec13
IMG0001287.jpg,train,0,leg,0,1319b9ec58a04995e7910521062bad7bdaa7aae17cba1ff87e5d6fc1c17692c3
IMG0001288.jpg,train,0,leg,0,58f0fb7258f4d6249b118740cf504d2e2cbb05eb90a13f9ce0365f536e9c34da
IMG0001289.jpg,train,0,leg,0,b3f7063cadff87b0c0a38a5911b21abbcc70bbcfe1a9d72926a2d00d312919df
IMG0001290.jpg,train,0,leg,0,2036f93c60dbd86223f3bfa0994bf9dbb163cc35d5e68afa7f6c0294ceeae0f1
IMG0001291.jpg,train,0,leg,0,f79ec2ff5247bcfaed0015fece5b087a8f558a8bfd1d8296513ca6a49097c1eb
IMG0001292.jpg,train,0,leg,0,389179a946dc4dd892da52dde7f853a9bc354bb7f49c48499d0ad7d70760cb17
IMG0001293.jpg,train,0,hand,0,8e0b5aea287a560752322591c451ee7bf1a706686b820cf30ce72b3564bb2d6c
IMG0001294.jpg,train,0,hand,0,a8421fa2293c9edf9d18df1136ae7514bbb3c69473a20874d3ef1b62ce02b587
IMG0001295.jpg,train,0,leg,0,ac0ad4235c877f46f5141cb51b18642f936569823197b06c9fda533042f24f3c
IMG0001296.jpg,train,0,leg,0,287072d463c8018477c22c3bdc7d3bc25d44652934f09afb39eb0fdd74da2122
IMG0001297.jpg,train,0,leg,0,42c3b87fa3bcd21eaf8a694cbc4626bc41177ffd735a870bd087ae46feb99b90
IMG0001299.jpg,train,0,leg,0,f8e617f2fb406f31ca4feab0e35709c1c2e701eccf4f37988b4c5336f0fed241
IMG0001302.jpg,train,0,hand,0,0eac57bb13b763ad6982a3771e9be7cc74f41b76c965b9c47b969046d67eb2a1
IMG0001303.jpg,train,0,leg,0,0f4fb81305bcb31bf349196154367e3a19cadd4187c4e571bc8eeb0a92b177a0
IMG0001304.jpg,train,0,leg,0,00d36851d18141c50f804b4fd2288782747e7339583b0b988cd85ce17d91ca9d
IMG0001305.jpg,train,0,leg,0,9e68f84a5a5d9358c7b8d18f253d0333e0bbc93189ea19143dd17920a1307b45
IMG0001306.jpg,train,0,leg,0,a96a699861e54bbcb518a6df3080816403ebc4d11546e86d9b9273e935d86956
IMG0001308.jpg,train,0,hand,0,08976df8bcafd9d11ad713350aae817861b4018325eb03432461087f20f57480
IMG0001309.jpg,train,0,leg,0,412300db8c5063acfceb3c2f44f23bfa2b0e54fc39e070cd25aade4944f5a699
IMG0001310.jpg,train,0,leg,0,371007a4ffc2f1d2d9548319fe7112615aa0d55a5f41147f7f259a9a4288d3b5
IMG0001312.jpg,train,0,leg,0,29507bb8aa7c46fec34466b846b4ab99c75f069f1ff0de87ec4c42a6ebfaf0eb
IMG0001313.jpg,train,0,leg,0,9f61b78baf8ebbb8b746a92ae92e8ef7523074bb58cb8be22ecfccc6e7ec9d22
IMG0001314.jpg,train,0,leg,0,b7588767c386619e4a2d5c06914794ff406d93a60dcd78243176573070a6acf7
IMG0001315.jpg,train,0,hand,0,aeb5587c8a824ce4bb414d2765cab123c45d90359a4f13d631b7507b9cf002ad
IMG0001316.jpg,train,0,hand,0,670f2f77357edfac205d2a45da812255ccd65771b18e6318290692823196c654
IMG0001317.jpg,train,0,leg,0,4ee2fd90b49efaca3910837a537d1ca70ed486d71670ac24ca08e123ad106657
IMG0001319.jpg,train,0,hand,0,9c40c342b3bf1b20dd783ce8ca0f3143e9b496f4d993bcdcdaa89707110a2976
IMG0001321.jpg,train,0,hip,0,1abd2b9746659f4097e0d7a31c173ed9019530b6e502cf0f8f8f9ab6af2f44a2
IMG0001322.jpg,train,0,leg,0,5bcceaf708f236c383270333fb8de7f76cd96349589a5f99cc1c757afe81f5a1
IMG0001324.jpg,train,0,hand,0,8525a53629a07a40dedd203fb556320c1a0c75d1c3a99ce9a41c31998139c86f
IMG0001325.jpg,train,0,leg,0,4689d4cc1e28b21715c866bc890648bbab63b4fdae0a949c3ba57754b9bb4447
IMG0001326.jpg,train,0,leg,0,c469ba217ef0dee31b11f672deb535870bea275c48e756d30fd8028c41aab847
IMG0001329.jpg,train,0,leg,0,42f35714939e8dae80750011e1bc8a08a9d995948abecf994437e112f17c80a3
IMG0001330.jpg,train,0,leg,0,b16df79987a20fece6cb984fc45b74693163f325729b62192552c7e5d06f6cc0
IMG0001331.jpg,train,0,leg,0,3220b010abaa435f2e7d8287127486046d2e9af32c22c6b8dc88f1a394187628
IMG0001333.jpg,train,0,leg,0,9eaae9d16f202246b146402b767a6855cd7c43a946ee66da4c1bd9a4f5be22b0
IMG0001334.jpg,train,0,leg+hip+mixed,0,b11bef5f9415659517de1d258f7dc110962b826a32556b4841d444512e592b42
IMG0001335.jpg,train,0,leg+hip+mixed,0,cd4c1f2eb6ca09aa265653af74d51fce5561f183ca9a0efc2562e9ffc5efe7b4
IMG0001336.jpg,train,0,leg+hip+mixed,0,986509d4bc70b41cbef1e92b154856de6c65c02d12f6eb3b3ebf35823e1d279a
IMG0001337.jpg,train,0,leg+hip+mixed,0,6f687f5addbce04ed003ded5fb14d9a52b9cc83aab3e92a7e8e0aafe2a720da4
IMG0001338.jpg,train,0,leg,0,dafd67e2ebaa8fedee36f2c7272c42ca732561e474b08c57e4a17f7cda07841d
IMG0001339.jpg,train,0,leg,0,9a43690d6a674f5dc232e2796e0d0488ab827d221d251369bde6a15493ec25ea
IMG0001340.jpg,train,0,hand,0,4e8293ea7803fae7e03c2dbbee9d790e4ca5aed25efac27105908bb08a35de0e
IMG0001341.jpg,train,0,hand,0,bccc0213e7e4c169e901791ca07d393ec2dc4f7be28c14ca7f0e7470c5d2a628
IMG0001342.jpg,train,0,hand,0,f6e6a828aa033b1fff1bac7f47a853e26394d42ce54627114cde537b99a6d894
IMG0001343.jpg,train,0,hand,0,1310db1744a7069237f70cea20d8b319e121f4cd82c9c0ca3644c52e20d0d783
IMG0001344.jpg,train,0,hand,0,ffa809da6c161f5245df8a818fb109220e51e3094bca1f658336036362e53cc2
IMG0001346.jpg,train,0,hand+shoulder+mixed,0,c2637165e507f64719974e7f9610c80dca8f51a0884746d5eeb0a786e239c043
IMG0001349.jpg,train,0,hand,0,f0f9c7a6d8508078f5113da11cbe9b5948592f4b2a51a1e042c1030420958d7c
IMG0001350.jpg,train,1,leg,1,b698a041e671bcb9194009f02b060882b90fd3e96dd3297f9542e066bed80dd6
IMG0001351.jpg,train,1,leg,1,9c5524c785eeb2cd63250a092df95bdc70249c78bbce456cddbe805829e68644
IMG0001352.jpg,train,0,hand,0,265c47ee32f83bcc21edd994a39a7d8a995458fe45b849f770fde8b21ba7de5e
IMG0001353.jpg,train,0,hand,0,3af55bf170cb196157db1bad410b6bf98b24ad84d68baac321da4c34985d6544
IMG0001355.jpg,train,0,leg,0,214f0808fbcffca1206d456a7e4eaeba1d664365d2b4feb18072fcf1933e51fa
IMG0001356.jpg,train,0,hand,0,700ab45c2886d7cbf6ff01e28dd6a7945cc59ec9fdf2d5adfac42157ae578f46
IMG0001357.jpg,train,0,hand,0,7f8472ae53d231e77bb3b9c33c2a581e596454b958d4de2759880be224a47485
IMG0001358.jpg,train,0,leg,0,e5b5a2fed4ccda2dd3808c7088685f32e572aab3757e81149ca74d12135806f4
IMG0001360.jpg,train,1,hand,1,39075e1d0153c10633f0face7dd4545252d2f939f5947302e7afcad8449d2056
IMG0001361.jpg,train,1,hand,1,6eba0b3978a1ab70f881baa0e43d69f81be3784c015f16365cee23772588b080
IMG0001362.jpg,train,1,hand,1,bcc0d0ef843c70ecc9fc5be2b5969b5a831996f8c48cda43e192505f9deb2c0d
IMG0001363.jpg,train,1,hand,1,914e6561f71d790b98f7132434c73fc3607ef641914b8fc783e6de1eccb6b36a
IMG0001364.jpg,train,1,hand,1,a05f27962dcadbc40d6553a8f02e9de8113b720c3f713fd07a27dcb5ff6a8442
IMG0001365.jpg,train,1,hand,1,ad775f331ddfee1d6943894cc6dcac2f92b73663032169ab83b47cc27ce39178
IMG0001366.jpg,train,1,hand,1,7cff38458b5af3ae684b7d0f05722d926602baa6e3cd1005b6a6547c3d3eece6
IMG0001367.jpg,train,1,hand,1,2eb6668270d7e0164acfaf4a50a422cb9c8dc8a1f6583312bbde83fa79e9ef60
IMG0001370.jpg,train,0,leg,0,40cbaf6575b4ba18fd88a03f54831370167063fbe4f07d5975d3313954dc577a
IMG0001371.jpg,train,0,hand,0,fb53ffe8554e94d8e542fd1dd147fdad57cdb514f343ec520fab71bfe2095143
IMG0001372.jpg,train,0,hand,0,8ae09b791cc0869355110fc2f06b471e272014a4635c9d02515fccd8d871fd28
IMG0001373.jpg,train,0,hand+shoulder+mixed,0,2a9f20e54b3b73f4548f3898510369b8182160e61f94e06c417e81e0db8e4991
IMG0001374.jpg,train,0,hand+shoulder+mixed,0,10e23bc3a5fd9ffafb59b682625bbbcffc3cdd7b3012b8870b8a40e28abe5858
IMG0001375.jpg,train,0,leg,0,b22e3c008ee3b413bd1f46fdad0bb413c026270f6064569422eb7e8404eaee43
IMG0001376.jpg,train,0,leg,0,988fadc02910ae1a859e68a0d521f0b88f08828f5f07c3f800d805770a3841cc
IMG0001377.jpg,train,0,leg,0,7b651321e3574c690365b15110b0941055dc88cc57a35a8f1b12b13ca57a04ed
IMG0001378.jpg,train,0,leg,0,cc5918a36ed0c8b8b7b470a88a19b46394cffea929163e528aefe1dc3b1ecc06
IMG0001379.jpg,train,0,leg,0,bfa4b0935d97b234a5675792af1ad6411d67bac2486d4b50e81d5b9371e4388e
IMG0001380.jpg,train,1,hand,1,dabc81729df41935a5e3b17ddc050f38780dde85cb71728db6033fce5f5ce27a
IMG0001381.jpg,train,1,hand,1,d37a78aa4219b64cc173d26676009a385a76c33f9c6881f8133ae04a6a55e0a3
IMG0001382.jpg,train,1,hand,1,b456bcec0f59c1f1ae73582fc157442888f19ac798178d3dbf68b5e1328fcada
IMG0001384.jpg,train,0,hip,0,2769d9de895901e8492dd6fdebb02bf8482cef29007d936a765400d1f4a81bdb
IMG0001385.jpg,train,0,hand+shoulder+mixed,0,e92d0b0ded65c76c65d600214d91253a81c3f2612b9e3de3de15bbe14538e8eb
IMG0001386.jpg,train,0,leg,0,67e8fd9a11df80b957174b30a1ed3f31fcff091f43fc041b00b4c02f442dc761
IMG0001387.jpg,train,0,leg,0,d361270f0625b6d9dfca12e7930fefea7e6480803945dcf9c549f68efe02f2f1
IMG0001388.jpg,train,0,leg,0,5a420f2a29e3fae0326f0678a080df24b055bed5d739de5de1ac8749f577f908
IMG0001389.jpg,train,0,hand,0,e584547ff42df1a367e4811480ff37cf120476fbe39ea74dabb8d212024cba09
IMG0001390.jpg,train,0,leg,0,84b3868c75d645ab1153655aff3e08360e361120938f07705bc0ff3b780f1be0
IMG0001391.jpg,train,1,hand,1,5e15cc79e9ce11b43df09e39a6cff44d097c6f065691125df3be9db892416dfa
IMG0001392.jpg,train,1,hand,1,81be1bfc6d8c4207770ebf417aeca4ebd2cf54990e9957d0b8b9cceeaf3fa3f5
IMG0001393.jpg,train,0,hip,0,eecfbe739c03ebf8cd815d8af9564de12e604a340db0fc91294ae5451e8d8586
IMG0001394.jpg,train,0,leg,0,06b6c21f2f7c2df4c770f8802b2cee1a05043b126b7178ad4804e63b7fafb435
IMG0001396.jpg,train,0,shoulder,0,3e5f0dca55d024ab9d6d6d8a472a777cfd20b3cafe76e11bf61530f34ef98e0f
IMG0001397.jpg,train,0,hand+shoulder+mixed,0,d8d856bade1c337df278042e84296a88d681602e4866953e7af145fe2b3be972
IMG0001398.jpg,train,0,shoulder,0,05af689d0e63e7bb11efa05cd41abc386aa8290f03719f9b70d16f9f59415933
IMG0001401.jpg,train,0,hip,0,b3b49ab7e4c3061a2aa2b7c1229197ed209456284bdc4546ef4028472cc948e8
IMG0001402.jpg,train,0,hip,0,8c1cade6691768d4f119dd9676b302141a261860b8539c74779d29e3ef19227f
IMG0001403.jpg,train,0,leg,0,2794e7555bb9177e23673771c991903a389a0837a2bfad473b342830ace93e4e
IMG0001404.jpg,train,0,leg,0,ffb58105793602fe7ab77fc4f88fb8a76432958333ce4a7e773a9a0dd99b0682
IMG0001405.jpg,train,0,hand,0,f8f9829b9aefbfe22319173f16d773c003ab54ce08792847424fad2b5fbab576
IMG0001406.jpg,train,0,hand,0,b2750176823298c2c3b5273ed49089e98356baa4e75dbff5e3e29b71c9d5b643
IMG0001408.jpg,train,0,leg,0,4914c88aea1c761f1d8b626e08520f89753ad105aa743fb4486477b088966445
IMG0001409.jpg,train,0,leg,0,447e9dc38211adfd32fa390a1887fdf81259a618517a1412d1d2ea47678eb59c
IMG0001410.jpg,train,1,hand,2,6be59b126c2b1266f9f4da8a4f0482656e66974588ae58d40f938ec7f7d2740a
IMG0001411.jpg,train,1,hand,1,cc409df26f0f73ace4715292e26f71f8914cbc30591c7a9f8d9a70b4ab4088eb
IMG0001412.jpg,train,0,hand,0,4b21f26d80872a705b7e9af71866257f228859f60208dd5f9dbae428cfce59ca
IMG0001414.jpg,train,0,leg,0,ab272783026ae768c162b64ab11cbe347e0f0182acf836e50e5c8e0d62b28d0b
IMG0001415.jpg,train,0,leg,0,2a0f72f2d94c031b091d7634082f92fb29b73d0ef4a2a81bdad05bd6df738d75
IMG0001416.jpg,train,0,leg,0,51ebd19e9fc336d491030e5bb2228f904e1611f74b05f66a9bf9fd45e03ed63a
IMG0001417.jpg,train,0,leg,0,0b72940af7d326e9096196ce558277d7e0646d8d29bd30e7ea0c5342bc788ebe
IMG0001418.jpg,train,0,leg,0,9306039122e5418b70daddf732c55358335502575765ab72071eb9c995b1196d
IMG0001419.jpg,train,0,hand+shoulder+mixed,0,b57d0be611fb13648c2cbe23ab62a9d2b7f43446b619e605c15c5d5fe4d94989
IMG0001420.jpg,train,0,leg,0,36b7bae83061f302cf6b5efd9acbd4a7181ebe4396fe74aabb41a9ee48651e2b
IMG0001421.jpg,train,0,leg,0,318e2b5b630dea9690070d2f77d497c51b846058e1e8b44523531fe9edaddd60
IMG0001422.jpg,train,0,hip,0,0311f32820d4035dd9c0ec0b06795fe113518bb27b10bf708b1cfbd0fb6af5e9
IMG0001424.jpg,train,0,leg,0,609c72c2304cb064a9b978c3ac68778f985288488a13065327265831ac2aa2ed
IMG0001425.jpg,train,0,leg,0,dbbb4de02927f279e2aa5d18865c98c2b81f9574749febf7934cd860309b756a
IMG0001426.jpg,train,0,leg,0,e5d0bb4d7223cd8ccb042b99394528219d44b368dcccf77754363ee8012dc289
IMG0001428.jpg,train,1,hand,2,463d0d5d2eab05df87909c95f4d59c1afff56d0a0db756b3c1a40b0db7ecb45a
IMG0001429.jpg,train,0,leg,0,81ba1e06c689261682d70d7cd733c89df119255d01bac7134cbc098dd89a2a5d
IMG0001430.jpg,train,0,leg,0,768982b796b49d12b5e617e0885257df073cfe26b7f2254579ac7cefef62730b
IMG0001431.jpg,train,0,leg,0,cd724de81df7868ab1c9c5f82f4dcab9f2a4daab125f500e66f8279c219decf4
IMG0001432.jpg,train,0,hip,0,de9ac1f205625960e28348f41b5f2d7d5f8fc6e2edf22ec212419e3a1ef93aae
IMG0001433.jpg,train,0,leg,0,c8cdd5273c94ce15b45721c44e9b811f549fe170c5fe2f639185a6d0e35da122
IMG0001434.jpg,train,0,leg,0,7d6cf94bb24a8246e451cc06c28e0edac55cd6c3814faa394113825ab35aabed
IMG0001435.jpg,train,0,leg,0,ddf6cc6bedac8b4df2dbb12950b38407dd6b14ebee5ce6498269572979a4a7ed
IMG0001437.jpg,train,0,leg,0,757cb7ec61021eb1fd827c2f06c8fc352b9477c5c42d71fe2b4e37885bca67d8
IMG0001438.jpg,train,0,leg,0,58e1ef57596e371643b9a7b95e3595c493359a21b64c735291311cc6afec36ab
IMG0001439.jpg,train,0,leg,0,cd0c2fb72b06f1674b81f352fe78017d42ebf2d8a5170281937354ba406e077a
IMG0001440.jpg,train,1,hand,1,8b28e96f0bc9e105a812769a13f635d48172a9f03c67ccc43d6d21c79ac1078c
IMG0001441.jpg,train,1,hand,1,598c135377bcc7f44a2fbb82eb8e78c96b6ffab9787b41d766cd3cf61035ad13
IMG0001442.jpg,train,0,hip,0,f4f43216753598c00c58138416e8afc2b57408caaf740a8a4bfdba5366b2f393
IMG0001443.jpg,train,0,leg,0,2a890685c46020e6fc1fb8c0ef45ffcca9b699fd9adb21a1ad935e5be0eac902
IMG0001444.jpg,train,0,leg,0,d1d94e87ef09328a8c0b8eb3fb08896114e150c55889db132732401c8996148b
IMG0001445.jpg,train,0,leg,0,8216ab3aaab7c72b4845d2eaa07087646abe1914c5cdb44b317d2daadfa67814
IMG0001446.jpg,train,0,leg,0,cd2d544c6679d513a7cef19f3b725f563a7a38db33c5edeff6738ec1202f78b9
IMG0001447.jpg,train,0,leg,0,1c8a1177c8c252f92d36189552dd0f70f084705d2f95ee7bf4528afc493ade35
IMG0001449.jpg,train,0,shoulder,0,9ffa0c708fbc7b081f7448a7675f23f2f8448420a9060641e7522c361a050f62
IMG0001450.jpg,train,0,shoulder,0,bc86bf6e562ad04803c7c4c0970b81e97a4adbe9d7949e5000ced6d319cbaac5
IMG0001452.jpg,train,0,leg,0,ee325bf980df61e7270b39fbb8642df9d0df22248a6d1439b4e98a59b7372729
IMG0001454.jpg,train,0,leg,0,82c64b8a6e8efd8dbc07a0eb35fe7a1289cd8c5c16c3a6b6ccd0fb623d5421af
IMG0001455.jpg,train,0,leg,0,6d93652011c24e081bd78e45bb24320c554bf14ce56f8cec25a7bf6b33756570
IMG0001457.jpg,train,0,shoulder,0,0f2c8d28eeb25f0123a40f3c75445a21dd996ba687b90058a7d8d22bbc1d6f9e
IMG0001458.jpg,train,0,hip,0,f117cb95efd850a1d5a0356719f4aa30122e796d7169e682b777fa4b2b728ff4
IMG0001459.jpg,train,0,hip,0,a7a5f32191c0ba9bf5ceb71f7280a075abbdb9181a53f1b5708fdfc2b5ac0f6b
IMG0001460.jpg,train,0,shoulder,0,1a190e19fbf6a4f752ff1f0714f86db4a3fbedb28782e43ce7372f15c69b036c
IMG0001461.jpg,train,0,shoulder,0,a527f45e8da1a70cec765ec175a01ea71075281593ae15fa0fd2b886384b8b46
IMG0001462.jpg,train,0,leg,0,907d8c601fb052b7df1e3cf02f6b99799a622df9ba8a61a90dfe1b2cc591c6de
IMG0001463.jpg,train,0,leg,0,d8aaada3ecca16bcea6d1a8cc899cb8ed70b3fb591c45537e4f1c49c767e91df
IMG0001465.jpg,train,0,hand,0,ffaa53fa0d321ab23fdb490120008168ca63190eddfeaca78c3d60788884eead
IMG0001466.jpg,train,0,leg,0,17951d9f176662a3e994658c70da8392ed4021c6b2ee57a703097b04cc84ed4e
IMG0001467.jpg,train,0,leg,0,aef45c9c05579ab8a04a53a5cbfe5964f703fbc0aad14e9a53fbe977774e8813
IMG0001468.jpg,train,0,leg,0,9238ae077e81d18adae851fbe8c132f028e2f29ff6aa1a3492b9abde4755f3cd
IMG0001469.jpg,train,0,hip,0,cdf345d26a867ba4a64b9efa62c7d617d3755d72c45387f4b7ee8b9b1dd9c606
IMG0001470.jpg,train,0,leg,0,4944f3a96444faa3aacdc6bd7f55bb409e1483ab13b006bc2ee4f4d34351e008
IMG0001474.jpg,train,0,leg,0,d7509a35bf27800d114ebdbd23be233d3e85d61c709181543883ffc76e7b4931
IMG0001476.jpg,train,0,leg,0,69c5c5c6744a7cb1e301a3887a90dc58fca62b11e3c5c90f72c2f4e36378358d
IMG0001477.jpg,train,0,hand+shoulder+mixed,0,dbd0f5a0c63772fe44e8a2b90dad2f3621d8c54a571d5f1b0e14caf26c077e7e
IMG0001478.jpg,train,0,shoulder,0,17c1b2ea889334aeda91affe4039e420595d7b806c62e0bb6cedd75f07d3274a
IMG0001479.jpg,train,0,leg,0,54734ae607715e52d2ba677229ddd70bafb7e18ccb73b9a6c428309e16d4317e
IMG0001480.jpg,train,0,leg,0,43269f30fdb7a978413480d832274a145983e36f1dad3bc649dc8f068bdda261
IMG0001481.jpg,train,0,leg,0,7c64a465f6a5146c9a51c10769dfc94da21dfd560db7cdcea2dfae26e88797fd
IMG0001482.jpg,train,0,leg,0,f88a72ac93129632eb8aef35dfd7372afe68ed2c2bd73234abef215f7b1407cf
IMG0001483.jpg,train,0,hip,0,cc308b22736719e0a4c0d61c87a87916bec5222be2dbb7cac8c4bee871283766
IMG0001484.jpg,train,0,leg,0,d46707fe71d04059efe2e608dc18ce23eafd36994f01772ed1bd21286d154d8a
IMG0001485.jpg,train,0,hand,0,696f1062a90626c75bcb022f4df91c0205dcc8ca0696bcd89cc8d4abe80f250c
IMG0001486.jpg,train,0,hand,0,07b2a44025250f27737b39afebb6e83d53f41fe3b4e1ddf0a37cfaa545729122
IMG0001487.jpg,train,0,leg,0,ac1ada2d52f3b297b912e09b7b00df87c66be365243adf93c5e7694cc1ecb847
IMG0001488.jpg,train,0,leg,0,4ca9bb201111aa86bd15d4187381ad2e902947112c6d36dff754ee44772f7658
IMG0001489.jpg,train,0,hip,0,5bba1356c0548c721b3ea2928f702e1539d9f458d1f484d5a42ad958aceedbf8
IMG0001490.jpg,train,0,hip,0,0b975ee6f9398959c8166fe9bf1b0b873288ec03ccfd2cb3c52d0762746458a9
IMG0001491.jpg,train,0,hand+shoulder+mixed,0,26729fe019c546087f479f772ce3eb044eb5136cb243590b5984bd992f1e9c08
IMG0001492.jpg,train,0,hand,0,91f852dd92897f5c93e84660607e818ea5426138e6763065242ad89942ec7f2b
IMG0001493.jpg,train,0,hand,0,5da7712cea94852710470aa3bf5048ffc235f4146d7c7a56e8931fa4531aad52
IMG0001494.jpg,train,1,hand,1,9eff500a44ca4c37dbe3dad715279348755aeaa840a410a2440004b05d6fa09c
IMG0001495.jpg,train,1,hand,1,d0dcd67d40bb0655ea2a352f9364695d03628c22b6cb9405c17f15b96882a737
IMG0001496.jpg,train,0,hand+shoulder+mixed,0,0c6d95c32a2a6bc2b5ff50e27c4b8663073063fa513212d4dedadc3803f0cdb9
IMG0001498.jpg,train,0,leg,0,376c819b080f0413e6fdb0af94628511948e1bd81e15c609c2162f4ae4a9b8bb
IMG0001499.jpg,train,0,hip,0,5e8cceb092fb3001f009a13c0341c076c42792be95b5c0ca59b61c233784531d
IMG0001502.jpg,train,0,leg,0,f84bf9bf347fa78c529a84f2fbbb04b194d23948122ace5fc996b16e7b023e35
IMG0001503.jpg,train,0,leg,0,4aeeab6ca9d4e9569910cbf30ba2613af4403060e4020137c13985a6e362de94
IMG0001505.jpg,train,0,leg,0,88f315825d32d819a743de72ec03f5f74d74b7951e9924ce082e1fda3953875a
IMG0001506.jpg,train,0,leg,0,ad4b8b259a5feebf0867311411264afb19d1d6b16b31f01bdbd9db0f58366f86
IMG0001507.jpg,train,0,hand+shoulder+mixed,0,92e0b0ddfc4f3f99d0629df796bd798c2058640f30662a43d32565840ac9183a
IMG0001508.jpg,train,0,leg,0,8ffd276c889958cab4ce90a271bb3f947ab12671927395ba4f2f0526bb96595b
IMG0001509.jpg,train,0,leg,0,ff72f44dba06c41695bfee6e3bdf391d520e1005e0d6452aaa2bb0ecb0591e29
IMG0001510.jpg,train,0,leg,0,5a8cd046e39f32d894cfa20ee56a676233cba642912709fe6718c2d407dcf090
IMG0001511.jpg,train,0,hand+shoulder+mixed,0,29f0c8ed91fe7045ff2617e0c25d79bef1aa1aee275078ead00c5ce63438b5be
IMG0001512.jpg,train,0,shoulder,0,4d36d4115441befd31ed99b98b45447517413bf1e1b7598a12809f7bfe4dd7b6
IMG0001513.jpg,train,0,leg,0,44b721f891f8219d30694ea5d906028a074e789d059be416e9a18e110936a634
IMG0001514.jpg,train,0,leg,0,ec9ad2f285645a9873c35cc49b39026f02f14a11171a05941c9c5b269be0384c
IMG0001515.jpg,train,0,hand,0,212f75421e51314bb3b5eb6fcb4460f3b8551d093902643c08b6f87a8173c133
IMG0001516.jpg,train,0,hand,0,4a318e9a0be9a7d3e6995b4ac85d16f316f8c3608533bdb76de6ee94206c18c0
IMG0001517.jpg,train,0,hand,0,7f3817c6cb32f995d4bae7c525c15fccac8fe3ba2b283941dee924f9902724f7
IMG0001518.jpg,train,0,hand,0,13a210644aff20507b57e1484076e436fa317cbca0a83fa1c61e919ad15f7503
IMG0001520.jpg,train,0,hand,0,23043db57f481be41aadd17bb53a25eafe2840f461a93bacafe92bbd923e5828
IMG0001521.jpg,train,0,hand,0,039565c34cd8f4a495e51665308492aae3e2b79feae982a64dbc898b353fb556
IMG0001522.jpg,train,0,hand,0,368435ff7c991f21ec5f684e88f8fbfa1325d2c6f6b677a56b1549142774e9ab
IMG0001524.jpg,train,0,hand,0,dd3033b7ae05d239349cc426a6791b2b486a8f1d567ded17a25f5b36183cac8f
IMG0001525.jpg,train,0,shoulder,0,75c693ac717ec60b5bfabfe7917870188933a0f88fa06508719cc2e9b3f9c5b4
IMG0001526.jpg,train,0,shoulder,0,fe2e59b459c3096bbf14ab2bdc86e5d4367f036508de9f121f89a7aea3a5e44f
IMG0001527.jpg,train,0,hip,0,25e79f5eeab7ea93b0cc7d0c61a93c63ceeffb585cac762e2ae1a8c48d85f879
IMG0001528.jpg,train,0,hand+shoulder+mixed,0,7c62139abc0e96e2b0cea51846386fcb92da78f231d902953a719cdf732c6df1
IMG0001529.jpg,train,0,hand+shoulder+mixed,0,111546bce2712d7539f6e984f2e02efc0af5e4b24c9a3803ffa11b0f6bdf88b2
IMG0001530.jpg,train,0,leg,0,e35411b99b65c8aff1454c18e11655377f4531dd227a3c74507e94b7f32caf83
IMG0001531.jpg,train,0,leg,0,6fa4d98398c8bc2afb98a46088713b052b8371c611ab2e9f9cc465e3558c1478
IMG0001532.jpg,train,0,hand,0,693d5cafac3051f6e6e0c50618801bcd54d21da72c0de904ae147ac0635863b3
IMG0001533.jpg,train,0,hand,0,c82a4d762fbbf2f2c74e7ff5ccf33e256eb4d8b6d2a5f43b882ac453960dd635
IMG0001534.jpg,train,0,leg,0,0b68a234d3f64dc31c4c6b5e0dedab60a863fdf6128ac0a41ac575fbd9232963
IMG0001535.jpg,train,0,leg,0,efce38cdf4aad543ece531fd36db8231b0d27db4e197538f7a6810e147561ca5
IMG0001536.jpg,train,0,leg,0,e631d11d878b2e54e7967796f07811f4ae4bc1ad0e914dfaac37f94717cda6e4
IMG0001538.jpg,train,0,leg,0,c9ca45337a30d1f0f33f29938253b859c90cd0fb33f62cb06728d877ddc51c2a
IMG0001539.jpg,train,0,leg,0,50a591379d4decaf729243a2b2f7ad2a045f329ff54709eadcda0cab26003ed9
IMG0001540.jpg,train,0,hand+shoulder+mixed,0,795945e8f50d2f46a38bbf414ced81e61f3bcf9c1c3f93f0d2831bf35bdcccff
IMG0001541.jpg,train,0,shoulder,0,ddf36509ac2acc9b02f8ff292127a9d5e0986c069fee22ac3b14b6145bcc18f4
IMG0001543.jpg,train,0,shoulder,0,ef6a3736de89a663f36bd616421ee02b95d8d9f6f56c27e26fa0f244b5434f4c
IMG0001544.jpg,train,0,hand,0,549947cdd94c6a39ba4e5a67ff3d7f7733fc1c19b46f53bda45f9ee4a7cefe54
IMG0001545.jpg,train,0,hand,0,1c4cb25280a5337720e022e7b38a0f60ec333b9a731c12080041fdf0d228ea53
IMG0001546.jpg,train,1,hand,1,52601a8ad0b4a7222c0b0a281461db6d6e505610235a1b9ac059aeb3c85f21c9
IMG0001547.jpg,train,0,leg,0,ba3de84ccdb1e4abaf9b4bb3ab1d1513e0f113c6ebe8676984daebec158ca6aa
IMG0001549.jpg,train,0,leg,0,987998d9f2461e4fae24a12220497125669c71a378caa208de879018a73cc8c5
IMG0001551.jpg,train,0,hip,0,7fa82fb3d7b2daf6836ab1ce7a997a5e1b5085bbd4c8e43f4e22141c99c38780
IMG0001552.jpg,train,0,hand,0,936a40ae14d8aa9ea538a0a3f59e708b725f6c6a03617d8512d7fcc4611a4c84
IMG0001553.jpg,train,0,hand,0,b9bfbe23f33c5c12984bcdc0335d91d7ac95706faa71c0c9f36d5555f0da27bd
IMG0001554.jpg,train,0,hip,0,1f1aefce7043fa04479a72c0d89ac0b9e7489f43a89f117beb9b5623bf11622c
IMG0001555.jpg,train,0,leg,0,d0c7ef8eb7a55190bc1c53f62adad680328c1fccd5d4b550998672edb5d0542e
IMG0001556.jpg,train,0,leg,0,6a22223f5d0c3009743af6319e7eabc054c5bd0f8169114cf8b3df14f6332269
IMG0001557.jpg,train,0,hand,0,d6f46e7bd887288fb39b1f752c68d98d941e3fb3456eed82a7eb5672eaa4c1c6
IMG0001559.jpg,train,0,hand+hip+shoulder+mixed,0,a837c1f4644e83397aec9932cc1f3538092d338d66cb33852306a27b0a0ad721
IMG0001560.jpg,train,0,leg,0,67451f9d3dc205f1a373d20c62d9859da636ae73119316a8d0ae594e6e3ecb27
IMG0001561.jpg,train,0,leg,0,58ce177a9d1fac93182f2750f3d18397f0e82b3e7643b977da13829bb0ce30e0
IMG0001563.jpg,train,0,shoulder,0,c2a0cbc952e1436e63767a0c926f78713e7b8f9b4a94433145bcf64b2a3cd5ff
IMG0001564.jpg,train,0,shoulder,0,048a20bccbe28e1128fa23bd48463e6960b0b005b0d96ce94cc0ded5d9361135
IMG0001565.jpg,train,0,hand,0,e830a7dd37584d6a52d57e9c7f04c5a0f808e898d8ac2612bbd1e19515773c1f
IMG0001567.jpg,train,0,hand,0,2b4dc172bceeeb72bdf764eb8249313bf73ff4ceab0f77b44650a4848f268f47
IMG0001570.jpg,train,1,hand,1,3c69944933161a2bdfce93fc30b9059b0ebcb2bb23dfef509774dcf8470d1f8a
IMG0001571.jpg,train,1,hand,1,0fca44e03fab5321ed9d72fe078ccc26b2476007ae757321d0d8dd4d9c8fbf25
IMG0001572.jpg,train,1,hand,1,fa8d56fc53a7ce0a113b10e54fa24edb1e62a6684b09e83bd34e1900f60233d5
IMG0001573.jpg,train,0,leg,0,dfaa1e400acafd54fc7ad9158a8eeec858326b00cbaeffefe1c5bc4b290dacc5
IMG0001574.jpg,train,0,leg,0,273b1031aad354683989bb0aa11f06accfc0abf776aaa21927d62aae309213e0
IMG0001575.jpg,train,0,leg+hip+mixed,0,e652935d61e83418b2aa25a866ffd7fb88148aef95dc8b8e92fa94161ac97b29
IMG0001576.jpg,train,0,leg,0,82c4a9b33a779cd93fffeca7276c8091f5059580269ba96587949c2fefe7de7b
IMG0001577.jpg,train,1,leg+hip+mixed,1,828064daec2be501377296516c771111059fa00fc9eaabbead6bcbe21e9d25de
IMG0001578.jpg,train,1,leg+hip+mixed,1,32220107bdc48e760008f5b95f9fd4b3160e3aa5c2309153dce5c74dfe04edb2
IMG0001579.jpg,train,0,leg,0,f685617899269703c4239a2e2e5b5a0b1cd3c4e1ce875262dc79989f506355b2
IMG0001580.jpg,train,0,leg,0,d5d3aa09fe5667b6b92bb9aa032a395d5b89f947b938f0d05aecfa4e577ed987
IMG0001581.jpg,train,0,leg,0,223f5f0c05510cd58a71d9a46e78be758dee7ec71e10511e3c30df475e825c9a
IMG0001582.jpg,train,0,leg,0,b888e694aac40be06ffdbfe91f07af01168f7b20ba6641b2721384005f96fcbd
IMG0001583.jpg,train,0,leg+hip+mixed,0,c079775f0340003dc6ed17d0cc4c63f75e231e611332b670a760a7868b5676e8
IMG0001584.jpg,train,0,leg,0,e0ce1e646c12d848d1b4d0c1412758c9264b2781480666425222ba2e58cf7330
IMG0001586.jpg,train,0,hand,0,8c8761b51441c86018b158471a0015734e3feefa78bb54b16df7179b2fdbc5d7
IMG0001587.jpg,train,0,hand,0,9982f932b6704731a7432c00b9cb5a7dff7cef3fa12fa914b60d956e63f2ae1e
IMG0001588.jpg,train,0,hand+shoulder+mixed,0,18e54a220d0a96a6fd4b84d579187aff94ed3bd3ecffd5bc80b3268e96760009
IMG0001589.jpg,train,0,leg,0,761011cf44e49446751786c0dccee48b3320e5593eac8af1de2216f4ac09dce5
IMG0001590.jpg,train,0,leg,0,93fc02e5da8db697583dce8cd406b6091003c13a778128fcdd2503d6b10f72b5
IMG0001591.jpg,train,0,leg,0,bacd0678a6213592db886208c7920ecda608fa27cd4abb770484d22239e2e80e
IMG0001593.jpg,train,0,leg,0,94bdbe850ff9e97d3fef6fbb8d4e7b5d96e26236146407316a4be513ccfac0ed
IMG0001594.jpg,train,0,hand+shoulder+mixed,0,f1241b5d8ff27df6577a45d3c5a50146ca56c78ffa8931f4739457be18970871
IMG0001595.jpg,train,0,leg,0,e3f673be14cf673db343c7d9a9dd1086b55330ee77d31446e44c305146fb0b90
IMG0001596.jpg,train,0,leg,0,838f04e8228399195ae9505bfbde7620f47982bd2fc8a505316579ea4783f249
IMG0001597.jpg,train,0,leg,0,7f74e7013812fa953e93f983879fdb71d65ebf11aad32e9b0674e434da52b4f0
IMG0001599.jpg,train,0,leg,0,9249cbf26737e388e29ffa399248de75f44563e4ec5a62e80f1758dc3e336b54
IMG0001600.jpg,train,0,hand,0,7a43cc8e0815fa6df824b18a7c2424fb6902eea44576e9fcdfaece97331ba88a
IMG0001601.jpg,train,0,hand,0,13effa324bb8461b1ce4aa1cb100e504d70a79ce603fdec5b81b669b02d42d98
IMG0001602.jpg,train,0,hand,0,7c57f54ea2eba650e0e2cda59dd826ceaa8bd9c13d5de9eaebf95f3cf33d4f3a
IMG0001603.jpg,train,0,hand+shoulder+mixed,0,be0f9d07f942f37730bc973a3331d7a47ff4c228718f948e26d57a96bb2b9567
IMG0001604.jpg,train,0,leg,0,448de9a4d3562d4a6929b993eb97af55bef67ebdce9a8c12e853face17c3b7aa
IMG0001605.jpg,train,0,leg,0,393a0de14fb8d5667c85526c3cb90c540f6d27d6ce4e35fd27c3784cad58c343
IMG0001607.jpg,train,0,leg,0,58c65201167a3ca3a4eb5b6836c3f0b7f049362edd62effc9530f3cc2cfb35c6
IMG0001608.jpg,train,0,hand+shoulder+mixed,0,9166162e0f52d9abc2027cf954e74b90816569f37fef29b1efdbaf9f17166cfb
IMG0001610.jpg,train,0,hand,0,9c98b3ae01ad58e2eec3346378960767085d8f7b9b71b81c5ca748299b791fc5
IMG0001612.jpg,train,0,leg,0,0a9bf92283276c5ab7aebbe8c0be2aa32f1d04c9c7a5b726b7a4c91c20cf5fee
IMG0001613.jpg,train,0,leg,0,e8ae030059af614f653b27d3abc7cfb9bc2a6fee7c41f53e35cfaad76d3ede09
IMG0001615.jpg,train,0,leg,0,384370236844a49512c1c97d1e4c7ae0f2034203f518636c0cbdd1b12e4dab79
IMG0001617.jpg,train,0,leg,0,d1f4d156501c3a0fd1dfa77bd26182d44b2c7ca464c636d889cff202c6e6bad3
IMG0001618.jpg,train,0,leg,0,17a81c9c3fb549df499e8d83669de6175bb8b01493e650b28808851dcce93e27
IMG0001619.jpg,train,0,leg,0,60702110fea2bebf562ba576ac68fbc2627c5cfbac0eefe9dd846d6d66408308
IMG0001620.jpg,train,0,leg,0,c4f2b8f01f0f28230e5cb0074f1b84358e83a55411727c89209749796de3649c
IMG0001621.jpg,train,0,hand,0,f5abfa885b4148a6b74cb01f676ae58eaba5c32de466fbeb5fa431fc7f755597
IMG0001622.jpg,train,0,hand,0,4eadf9a6bf009ecf7028b2f393546b6e62e50e35fffb25e069405edd1c87a43c
IMG0001624.jpg,train,0,leg,0,6ca69e4f04a7ae8fa1bda04089dfc420f85934826fef672f0983890384ead49c
IMG0001626.jpg,train,0,hand+shoulder+mixed,0,924dca3a266d67bc29fe266b935bb945c0a41d85a5d44755e1b6cbe88d004aa8
IMG0001628.jpg,train,0,hand,0,de87c9ca910ca44f0ded2d363afe0269451056c2b4778d974a835681f3b7c535
IMG0001629.jpg,train,0,leg+hip+mixed,0,ccf590adbf9f42d5f6e2c52992264d123993c3891592ef1a5732bd736000cd35
IMG0001630.jpg,train,0,leg+hip+mixed,0,8e8d58f547a08e04067cec93a34eb1f79d63ae2c165b823b276babefb0d66408
IMG0001631.jpg,train,0,leg+hip+mixed,0,e7e5cfd7110a38126ee6c0d4ec45ad9abeebc63aa57e876fc02aa35a3c141b39
IMG0001632.jpg,train,0,leg+hip+mixed,0,6b56eba1c24454843b668bfb6c2636ff7ff1d7fe76ef052dc4aa72dd01e2590c
IMG0001634.jpg,train,0,leg,0,beb1eaf96589ac9cace77106f58e001a1865e61aebdb47ec9b4f486538cc1af7
IMG0001635.jpg,train,0,leg,0,f5637461314fd34ff9f528dbb34986776c762742dc419216bfbb20e555bd20a1
IMG0001637.jpg,train,0,hand,0,4d86bd387cd6133f7984496e8d32098f0686c41127b790ca417096f3f0beaed7
IMG0001638.jpg,train,0,hand,0,0a6246bc03605fbc113152f2815a6044724f5a459151529de5ee3cdf3b3b4d4f
IMG0001639.jpg,train,1,hand,1,852aed9b85af14fdcff516d865b5ffa73f75802de6e6a4b29cb6f5f7ed60c254
IMG0001640.jpg,train,1,hand,1,88ab56c062542e2aa8630465ad8880fb0b7f6ad27f43483991a821ba671ab1cb
IMG0001641.jpg,train,0,leg,0,2d26f71729dad8a5c972729836ed625061ff7f959b32132083aa0142221f49ef
IMG0001644.jpg,train,0,leg,0,2312e5328f5d045a5cde8b87a4465ae9a2064c6fa279d1c0fe2fc86ce48c9843
IMG0001645.jpg,train,0,hand+shoulder+mixed,0,4e9ca16f00289f0aec7f68bf13a71014105305c42ffd87b13bc8a1efda44e5f7
IMG0001648.jpg,train,0,leg,0,6537aadb1a583c0773ef2bf7bfdd426bb7b82eeffa86d4d075ddc50c939289ef
IMG0001651.jpg,train,0,hip,0,343adff1b16b7275a746b2a7ef178e9f395172f36d3f456659f8b5132f1081ad
IMG0001653.jpg,train,0,leg,0,08783c5721111a2f6a968a0d3f1b1d6f6aa2bea267007652461db66388124433
IMG0001654.jpg,train,0,hip,0,c73dbb399ec40f3edc38d79b52ab3c31a6a96a1a35958afcae5825bd7faf32c2
IMG0001655.jpg,train,0,hip,0,1f00164efc1df5dd7a6edb7d48c6b138e38fbf321590db40b041df00486b08b0
IMG0001656.jpg,train,0,leg,0,3d1cb1caf64383d7227a33b3234cd76077b19754e629309e7ec9bba1a087c46c
IMG0001657.jpg,train,0,leg,0,2ee7c334e859dcbac1fd39191b651215f1587af16ba8c79efcb936b5efa95635
IMG0001658.jpg,train,0,leg,0,919feb562c1ad6bcd6e940ee423d45b999817d3c8b817217b2b1f5131e9880e2
IMG0001659.jpg,train,0,leg,0,8f9b6bf3cdb446afe6d7d80f43f4666ce71efc25dd92659003c3d2b7156618de
IMG0001661.jpg,train,0,leg,0,11e96e148bec8c49a077d11e1f364239e136f84e675ac7558388cbe91f16a9ab
IMG0001662.jpg,train,0,hand,0,dcf1833a9e292b235848182c7b5f1ec89c0efd9ff7e744ab1481badf9cb549c9
IMG0001663.jpg,train,0,hand,0,af10c344cf4a05b08d88fe185ce7cce297717fb944053661b2a699559d9d8836
IMG0001664.jpg,train,0,leg,0,9a4461fa5b6b1ac31c282efba75c2306aa31481692831c870415d1c594ccce0f
IMG0001668.jpg,train,0,hand,0,01524478619d817f33dbb52b155bddf8b6f335f2b9125a7be6ddf748ba186cee
IMG0001669.jpg,train,0,hand,0,63bc88cc2872cb430136bca4c0a3ac2c61769c5babd6660f7a8342c7832a9124
IMG0001672.jpg,train,0,leg,0,8f3a5e1bc961d1fd3885e54d05754cbf674b54400552fbbb0d47799cef9d00af
IMG0001674.jpg,train,0,hand+shoulder+mixed,0,ce28d349ede33942bb263ecbb0fbf47a0043a83f21e084e0153a8e27097b5656
IMG0001675.jpg,train,0,shoulder,0,436c92d6a1d0321fd6bdaed23fe86dc59426462657df26c582de3ae6a3d642ea
IMG0001676.jpg,train,0,shoulder,0,8135dfeec08e66a814d766aa459668b000d0433e7f2415711c1d302d3bdae45f
IMG0001678.jpg,train,0,leg,0,2bfbdb620ada3931df4f9445f5c2d288d31323f2b2a3da2fe69ec4e11dad8eb3
IMG0001679.jpg,train,0,leg,0,61029db89b936a0c0cd9ac449bc7d83922d89bbef8c01d196c62a7d2a45370aa
IMG0001680.jpg,train,0,leg,0,ccefff2c854243eab44f5cce7f3a2d4a4e2df46703e016c9df73774ee0001856
IMG0001685.jpg,train,0,hand,0,7cfac6ec5cd4516c59db6e96085f64c9f2cb39f4731c7e25784a053c212c6cd1
IMG0001686.jpg,train,0,shoulder,0,8ad610e78666f90e1449effe94d1704b4989dcf7ad35d993e5cd094d04fe43ac
IMG0001687.jpg,train,0,hand,0,76716ebbb14b1efb7898f71b53d30804ded6b8a08711a580a1e29c49c55e6094
IMG0001688.jpg,train,0,hand,0,a443803c5e7036be846df768576943d61d45be020a07cb28114c55518d132a3f
IMG0001689.jpg,train,0,leg,0,483a305070f073284be3a75ce9551cb5fcf697513b46a348aca0c26bf21b9ca2
IMG0001691.jpg,train,0,leg,0,bec4aa03a03f182e4fba0b7fef628b7b2247a5db7b60d69e31cc0b9be5bfbfc9
IMG0001692.jpg,train,0,leg,0,7d443e42c9ccac3e399f02f59edd9c02b5368b38b8089b0428e63a586ed370f0
IMG0001693.jpg,train,0,leg,0,de6f856641f5d5fdd5221ac1bf9fcd5602afc3c9a9b7aded4205fbd760ea5d3e
IMG0001694.jpg,train,0,leg,0,0f813348ab60b9bb28ad598df81bf130fc99e389243f6c9cba57f7c8cf6ba820
IMG0001695.jpg,train,0,hip,0,dfebca539bb7be1c4c4a244d003709f8ff6a10db59cba56310f5dfc20ef4515a
IMG0001696.jpg,train,0,hip,0,ce65fca51e2303847718cceca72cbd1eee9003cec39d57b7cb1bac28a0730c72
IMG0001697.jpg,train,0,hip,0,36992cef96d35c608e550cdab72aa8029e41607800a10e64ac81f9de64b1dbad
IMG0001698.jpg,train,0,leg,0,5d54070aef7de4d2416de34c516c2e14c900b5457e20718ee12360540ec08724
IMG0001699.jpg,train,0,leg,0,d0ea77e9571ea27b2c62dd794709cf96b4e474f7dfbb15ab14f78d3cf03a8cd3
IMG0001700.jpg,train,0,hand,0,82652d45d32b8f3a4548dfb695be945722dfb914645d13eed672bf3474645187
IMG0001701.jpg,train,0,hand,0,cfd4a8e8fa20b484489fdc976991f185708cffc1446bbdddbe595fb1de8b7bb0
IMG0001702.jpg,train,0,hand,0,0e4f593e32636b24fcb4871e34af11ff12fafb930536acee12ddd5f777df1acb
IMG0001703.jpg,train,0,hand,0,046553e3f29ebe063a5d7366d9a65a8ef9ce9dc1e141ba0a3b3e2c87c299db2d
IMG0001704.jpg,train,0,hand,0,6a521c320186e4cbafdb3339e8b6215de06e9e817bf8dc861fe9008fd1eaca26
IMG0001705.jpg,train,0,hand,0,f56b15792f9e113cb378afb83905c9307935fa36f7068c8a94d5700a1ef0702e
IMG0001706.jpg,train,0,hand,0,b6e24c19b3adc0f7c6d649c7d6e851f0777070bc73022f1b3081a64b8548cb28
IMG0001707.jpg,train,0,leg,0,e3f1524611b7c683093fb86a45023590086d2e76c166e4e31c2a4a93a74f0347
IMG0001710.jpg,train,1,hand+shoulder+mixed,1,e3c5dc243f6862d78ee42c01ed90050bf20f09456f49076451daead192a7e53e
IMG0001711.jpg,train,0,hand+shoulder+mixed,0,6323b57bd2eea897dd2bb07ff02d91188859fca83954f5ecdb9e01eb328680d9
IMG0001712.jpg,train,0,hand+shoulder+mixed,0,254620041de324398354f484813db7d8e44c56f22eb3d3b0462c845e8f1f0941
IMG0001714.jpg,train,0,leg,0,ebca63a65dd1abb697be164df267bf98ae58fde4c5f3d37d878096aee2c672c6
IMG0001716.jpg,train,0,shoulder,0,534deeeb70b0717d1f461367e90c73f3dd7ee0dc5873ff5a93b4f751039b96c1
IMG0001717.jpg,train,0,hand+shoulder+mixed,0,7919fd3ed9c93cb0047fd3cb307e40cd17927b7a27636e9761e79c15c994dfa8
IMG0001718.jpg,train,0,hand+shoulder+mixed,0,f7a31eab442c84cc86ed2087eaa80ee0304bdbc0666ca4ebc4b08e7989c2b0a2
IMG0001719.jpg,train,0,hand+shoulder+mixed,0,be60a257c742f51a05065bb745a3b837b3c518f30f61c06a69860d29f3171ac6
IMG0001720.jpg,train,0,hand+shoulder+mixed,0,575906e2da87e469b48e2451ad15523bffd0c2d97cc848d637d8289bb5eced63
IMG0001721.jpg,train,0,hand,0,d4b8ac3304e73ccfc76f0104f715567279df37dabfb627f77bd9028a0be3136e
IMG0001723.jpg,train,0,hand,0,d686a248ebbc3173fd76fb78102d65a5549e9a7cdd0da261ed0d2147c80d2a03
IMG0001724.jpg,train,0,leg,0,0294f57ecd8427ce4f0c07bcb2561aeaf22d07a1556fe790f3b7908dc7a5413b
IMG0001725.jpg,train,0,leg,0,56c363183627c1a76806ab1d2bbe3b378dcfdba34526dceb5cda76d38fa82f24
IMG0001727.jpg,train,0,leg,0,9f73ff318f02f788255eef1a9e91c5d4d6d1b88a65341dfb0b205fbe6b868420
IMG0001728.jpg,train,0,hand+shoulder+mixed,0,b13d7ef70500f869f2117fff6e1200a721f2da65061be6e09ccaed001e94e460
IMG0001729.jpg,train,0,hand+hip+shoulder+mixed,0,39ee1e2392cc7f6c3a37caadd60017ff037e5108adb504e092191c934d809ff6
IMG0001730.jpg,train,1,hand+hip+shoulder+mixed,2,e027d5ea74e2a25d62138af5d94f20a6a0e934db2c703c16554f6d7bdd29c46b
IMG0001731.jpg,train,1,hand+hip+shoulder+mixed,2,09c1db81e0e6d22d9c212a74e4f50cacff0bde61dcd7b64f0e39d47e6e507c50
IMG0001733.jpg,train,0,shoulder,0,7ca11ec5ca98efb0e6594d691ba7b6c9f5de5f5b5f0bcc16a46f3a66f15421e9
IMG0001735.jpg,train,0,leg,0,a8a1fa8148537b77bd7ff25e2e1c2cb9930fb86a1d3530e549915d4134d7e741
IMG0001736.jpg,train,0,leg,0,7ad3f6d626e3b997e0122ca7837cbbe1437dee25d8728c603ff2ca5830bd02dd
IMG0001737.jpg,train,0,leg,0,9b702ee923e3e5ef4c616c17764693b66db2827362f2dcd79d946d35b5766c93
IMG0001738.jpg,train,1,hand,1,ac4369a8b8543a49a5033b0b86848a80c0ba98b901597fc581f7269e8ea76dbd
IMG0001739.jpg,train,1,hand,1,67cf704c781ae21c532e19a968be35fca0a2af9ff7966d289a0e61eec1a4d55a
IMG0001740.jpg,train,0,leg,0,e0c4edae17de04896812a84fa06f4552b15e8ac73a6513c302cd3feeaa108a59
IMG0001742.jpg,train,0,leg,0,07644275bfafb6048703a38227acb944c40700d6b44823f3c39fcf7224fb6d09
IMG0001743.jpg,train,0,leg,0,153138beeaabc6b234b6ddeea00e9fff2d6463a2c4a29c8df07ebe9675550e37
IMG0001744.jpg,train,0,leg,0,07c6834e65fc2d4ea2ae332802e943e38c0e1d489a18ef50b793066f5c49f28b
IMG0001745.jpg,train,0,leg,0,cdd0f8bed6702de8c0e296f9d54b837d20c7afc4cb9fcba85cd9b676841a6755
IMG0001746.jpg,train,0,leg,0,c17211ae91054e5a2c0bfd77b140552363af79d00d35080371ad14f167f003d4
IMG0001747.jpg,train,0,leg,0,c8080fce247aafc2917b6eb255e27ec73bcf232957b1ac18c31e3c7eb39f3a9d
IMG0001748.jpg,train,0,leg,0,bb653dad0afa1b51942bb74027042ab0efbda552ed9cb6c418cb757925bde028
IMG0001749.jpg,train,0,hand,0,67e1312883614b0696cf461d03d1701fd81214b6f400b1a6cf755223f7a49836
IMG0001750.jpg,train,0,leg,0,d7896b0239d08564ca1fb106b26ce2fd347f517dadccdebf7a1f464ec76e1133
IMG0001751.jpg,train,0,leg,0,df440baccd94da4b9061bd84be04ed295b5c74775b5dc3800e503209624aec1b
IMG0001752.jpg,train,0,leg,0,127c332d400e2511e4e3eb90b37255ce07b7da331d917d2a38a66fb2aefd0080
IMG0001753.jpg,train,0,hip,0,67e4e0bb11161b9bab99f421d84cc6f33be772d9ad59687b0d8305993397b1e6
IMG0001754.jpg,train,0,hip,0,f4b5bbbb71968982de79abaaf157771d233e8035453edac32f83eb59431a9aad
IMG0001756.jpg,train,0,leg,0,c4c116c2a09acc0c5c5f9d68de855a48edd68ef519362f46b8224340d147cf5d
IMG0001757.jpg,train,0,leg,0,48d84a6072b08fd9bdd0a655e8686d646da595a4444d5edad6db6581d5ec7213
IMG0001758.jpg,train,0,leg,0,e1a8c0782b9ed062bc5ece6002f624a7f316fe87f970ad80841513a6fe01a176
IMG0001759.jpg,train,0,hand,0,58316869c5e342147501197297b1dd5393d98597c2ac4baed6028661df673311
IMG0001760.jpg,train,1,hand,2,3e9ecc4977b180827e21fd762a2b4693e586f9e1db59a7e72c4ab34f7646dc70
IMG0001762.jpg,train,1,hand,1,847ed4798d703437eefa889457f01273676cfd87cedd55f7d23a332f1abe62d6
IMG0001763.jpg,train,1,hand,1,e62067d2c3697ffde37c6380423a88383e245202b4a9111b6f6cc70d9168a88c
IMG0001764.jpg,train,0,hip,0,1f6379a5f68558d579b3f4f8d497f28f640e1009ba39ca41cae8b3c857646c18
IMG0001765.jpg,train,0,hand,0,6b8cb5fdb4b5b94d14abe185f9f3315fbec232dbe573b13c9d4554cde75c6a93
IMG0001767.jpg,train,0,leg,0,523787e5d7d8f7dfc7784c34aed9843820bdec231b279de23509fec7300dd74f
IMG0001768.jpg,train,0,hand,0,19a698c9d24fb691e48ae6cab4ee9c1dd5db88c63fd40b861996690e8a792fb2
IMG0001769.jpg,train,0,hand,0,64e4fd7d61109df29d303783e46a3f96808acf3bf38dbe143376de77604c2f27
IMG0001770.jpg,train,0,hand,0,d2bb3b8779240d142c42d20f57a5e47d344c013a3d8d8a15259e5035dadc128c
IMG0001771.jpg,train,0,leg,0,81f1a7bd6444639c8fadc612d74400ea6fb4e37095745f40b42c194952c95259
IMG0001772.jpg,train,0,leg,0,5af230590301a04632ed1baf77cef8b171ac95d94cf9f051a44c6368447a90d9
IMG0001774.jpg,train,1,leg+hip+mixed,1,218e7eef0ebc4f8c8283e61c98db45b0a8182232e991f225a10a6be291f9b422
IMG0001775.jpg,train,0,leg,0,61c887c57c9908e6995b66aea1e7eedbf26712e1a6e5f617aeae5c6e1eac889b
IMG0001776.jpg,train,0,leg,0,51175704e8b174463d28ce92b626f841043fd2d80ab8a76ea3392bcc427c1381
IMG0001778.jpg,train,0,leg,0,f2e1d2995da955b1e6b1fe9d5f75fcf5513dd3d9117aa74b334038b6f9301207
IMG0001780.jpg,train,1,hand,2,8765ec1ef8e9df76b0d6c50e4ea119e18e19b7726d0fd27871d782a810d651f7
IMG0001781.jpg,train,1,hand,1,d10d1b5003102aca1d2a118fc8c82590c4d4c6e308c14904b5da397f24c93fdd
IMG0001782.jpg,train,0,leg,0,ef23c2dfb235c10321ecfc9f51918817c5b8b59996f2df6090ef8d05196a34f7
IMG0001783.jpg,train,0,leg,0,1c4eb0cb5e0676f0006b49fab207cadd3c9fa1ffeb4e98ce9f5a2fd9442f9fb1
IMG0001785.jpg,train,0,hand,0,14c7b2d78dd76998adc043d0fa69cdb21f3b4462ee36eb3dd5b8022374c99eb5
IMG0001786.jpg,train,0,hand,0,2e9747591aed87c31caf351ab5c9e884d4ecc727d302399f22dac5a52ff258e8
IMG0001787.jpg,train,0,hand,0,80436d37d2d6ee81f9823040135ff70fc65a38710b1aacf6e1bc1a447ba635a0
IMG0001788.jpg,train,0,hand,0,950731b73c74131368633316543aa25cb0391c616fbd1d4d3ecd82f1b7b959b1
IMG0001790.jpg,train,0,leg,0,9e87208ae8e4956fee4dd9c8c6aa8d0bd336f9109440dfebdbc77fd78b00041d
IMG0001791.jpg,train,0,leg,0,6c46d03030958b20cbeae87e95376504f9adcadcfe8a0a7c6493058276834d39
IMG0001792.jpg,train,0,leg,0,8fab26f4486c04f341439be7fdd25d5bdd020543f7533a07de6de5ddc7f247a2
IMG0001793.jpg,train,0,hand,0,06765ff18e0a3cc8614a7899c1d0eaef82114a59cd7fcc64a81112979ce6ec38
IMG0001794.jpg,train,0,hand,0,6bbb662e4477898dd2641249cc6a6d7a00db7e9c2ccde26b58f90c3354513533
IMG0001795.jpg,train,0,hand,0,24d1d0fe8ebb0541fddfc55ff53d93d2a3a55316057b8c96249339af1b9a44a5
IMG0001797.jpg,train,0,leg,0,65cda933df26ce5f33350c9e4bd6ce5a3f8b5eef76a0ed309fc8b4f288afdaf2
IMG0001798.jpg,train,0,leg,0,13c5bf070206b928acd2d9d5d81f52657abebf7d1e5a40d037ee2b6ffa33c42e
IMG0001800.jpg,train,0,leg,0,8ed5b1cf9285d9e5c28432fff2f5c244d88dafdfefcbf912cd18b440aa81829c
IMG0001801.jpg,train,0,hand+shoulder+mixed,0,a9ade87aaa4535aea3c6ac07ae8abf31a92e899405c50bf99fa50100ca41c785
IMG0001805.jpg,train,1,hand,1,bcb6ad0404fee10b7e3fe13de25d032199720e5db2a34c62534fed2eccc19c94
IMG0001807.jpg,train,0,leg,0,88dea5552e3a2375e5ad30962fc3693daeaada899ce2927a164444aeca4ba09c
IMG0001809.jpg,train,0,leg,0,072da2a378e5955643f1a81e75be154b1c387daedd970af3a13471ecab0ecc7e
IMG0001810.jpg,train,0,leg,0,af33ba3245deff5a13d75e4fe3df78004c60774a1dde9e6d5ef1706275f7aed0
IMG0001811.jpg,train,0,leg,0,81908a21f90839197b10dc25782a92c90acbc4ef6df852d4791b8d33ce4c0008
IMG0001812.jpg,train,0,leg,0,90260062d9c96700f56bb781b451f45fba31560a4dae9f242e35ae2ddec1c077
IMG0001813.jpg,train,0,leg,0,b1460b767dc54a418f4fafd4223c4b9f1392a4897cc64897b214cacffb4eb7ad
IMG0001814.jpg,train,0,leg,0,e0cd3888d392d346c833b3a50db0e0c151c835e08f775847f2abd896894db329
IMG0001816.jpg,train,0,leg,0,cbb1a30730a244aa4674a4f877a97bfb2df3faae6412164122741a80adb8bbcd
IMG0001817.jpg,train,0,leg,0,7e60b826fae1134a48ff6a8a9758bcd44ee7ddcea6aa69e10d4a6858740101f6
IMG0001818.jpg,train,0,leg,0,7ab33bd91aa1dcf16b074060d6c8957a0a4319d1603839dca2e5e1bb9322f17b
IMG0001820.jpg,train,0,leg,0,8a14e7e90e38b5260ee646bf5c854b424b0ae748b9513acbe7956e0e9f5eaf76
IMG0001821.jpg,train,0,leg,0,b07ba2bcb9b8e411f0296295ff73c20041e21171c0d06d63728cfc58232d42bd
IMG0001825.jpg,train,0,hip,0,7b17e9f2433095e3d87befb887fe844f9415719310db1e3d1aa643dcc90e57d9
IMG0001827.jpg,train,0,leg,0,3eaebd46e726b06cc1eb0b4d88e4357ea3760f814eb60526f2566757047974e9
IMG0001828.jpg,train,0,leg,0,a6ac227dadf0bd651ebe2d54242cf3539e765003991f235af0ac007a31aca9a2
IMG0001829.jpg,train,0,leg,0,8765ba7c49ba4c9b0e08c155d6f4699498300825c98d55eac377170868f1c398
IMG0001830.jpg,train,0,leg,0,2136ffa79ca18e770f036d1d0a07e382cf25d3f500c72bb661253975802d19dc
IMG0001831.jpg,train,0,hand,0,814c528620ee04a2f7656590d5cd2c46276986e6fe2019896fd6acaa49b741f1
IMG0001832.jpg,train,0,hand,0,c6a8fee0bb2f08c3663f1df8a110063c6c207f792ea0af5aeaa5a69400685864
IMG0001833.jpg,train,0,hand,0,42630149754af2be3c1c3850832b06706966b0b400be0b7c8bafb6c10fd07dff
IMG0001834.jpg,train,0,hand,0,049fa42b1b4e1283a24006727b555f0d6cf5f28be063b62900295a6f266fa8bd
IMG0001836.jpg,train,0,hand,0,64bf7da19b8665bf38b71011835c78b7a0b8f1ffbaa220138030bf7c2924bd01
IMG0001837.jpg,train,0,hand,0,d18a0d5c78651af482bcec36f084ee793d7ca6e793adddd6063e7b71d906968c
IMG0001839.jpg,train,0,leg,0,c93e9e06d8a43fd9d8e059d7c60f73fbfccd8cca01d3de6c401a7647efdbefad
IMG0001841.jpg,train,0,leg,0,2677f748eeebc5afa8bb4a3e856e82aa89b5c839a30b89bef406e5e1d4c8017a
IMG0001842.jpg,train,0,leg,0,5b89ce6085e71c7a537bc4acb8d0a776ec1782978c6273cedab9080293d92e7b
IMG0001843.jpg,train,0,leg+hip+mixed,0,70d7db5d04d2b79b3c3d5e5bb073afd27b5037337cf6ae8c8e36e9449b27b485
IMG0001844.jpg,train,0,leg+hip+mixed,0,4e5b0b2c78d9590a4e939ab2cf12ff9645bf1f9e4b9ee49a6e7fdda645121dce
IMG0001845.jpg,train,0,leg+hip+mixed,0,26ce8fb0ae2a3efad15c11f9bc3a36f0fe5d1d9e095b616c3be90d47584c0b74
IMG0001846.jpg,train,0,leg+hip+mixed,0,e19cc6bed98a4eaf10ed722759638ce70a650fea41865047eab7a7f5a4f9d9ac
IMG0001847.jpg,train,0,leg,0,9ecdabe44a8476bdd3dc71a5eeec38f1a9e003b73bea73ce532db2a28fe9ba14
IMG0001848.jpg,train,0,leg,0,2beea79f2079bb43e0359661baf542a95cef90f69af9a2fecec58ac97ebc8802
IMG0001849.jpg,train,0,hand,0,d3f71103eab164060db96464f74f01b2cbc28e63c9176ae47b190285208ace09
IMG0001850.jpg,train,0,hand,0,5b0f13de6a5c8137c58658f75947aa6ba1de9b81ebe6bfbc25d1fdfba26fa68d
IMG0001851.jpg,train,0,leg+hip+mixed,0,d34e059cce72b205fb3cf4f9dc2eec6a08a5e5f2e1aef4aae3bdae5c50d687d3
IMG0001852.jpg,train,0,leg+hip+mixed,0,eccefceea37c344478712acf2294208941496d4bbac2758618e683768942095f
IMG0001853.jpg,train,0,leg+hip+mixed,0,a9b8da657326eb477986655aeaccf1b3ff45b0ddfb7416192a088d425fb27035
IMG0001854.jpg,train,0,leg+hip+mixed,0,53202649c148809dddae0953bf64f651b1f9435d6dec4f170035a3aec476400b
IMG0001855.jpg,train,0,leg+hip+mixed,0,9ba1c2e8e3cd3f238a1dd190adddf1b17768c7908707dbde442128c22af328ae
IMG0001856.jpg,train,0,hand,0,a368ef1e548e7ce1d1d1d477b2660ce18a19eb6f9ae6dd47f440e611ff503410
IMG0001857.jpg,train,0,hand,0,2630a78e6b21cb1ea8dd9ad19cab5d4801875c10d23fd25163c2dd50c7ebe551
IMG0001860.jpg,train,0,shoulder,0,79bd155ba69d92b3cac547ef5947e384271004914c49292f78f877f5ab31c2fe
IMG0001861.jpg,train,0,hip,0,f292cde49c32c75c5e8e54259a76b2769308fac5528e64ec8988e215ec246d6b
IMG0001862.jpg,train,0,hip,0,9e026bdc8af7b5b483b7bc5ea47d9d71f28654b157ae1dcfaf3bda6757590881
IMG0001864.jpg,train,0,hip,0,732d4e7477b770d8b861a4a79d8d5bdc12e31de910b40bd9590314626c527001
IMG0001866.jpg,train,0,leg,0,da907f569cca903b543f8a19df8b6b04161a12f30b2731d274747ec5691d634c
IMG0001867.jpg,train,1,leg,2,97ad78c43216d9edf0498f3584fea1d93ec76e4ef745e7c9e9622bb53d265498
IMG0001868.jpg,train,1,leg,1,3c66c0702d33f1c2fe8cc7a5b534a5d6d5a744bd2dc3a4d6524fd5a91998af7b
IMG0001869.jpg,train,1,leg,2,52f6ca86ba70bea2941d6ac5b89e4ea3fcc4d397eb3d5b210a53fcff1ed89564
IMG0001870.jpg,train,1,leg,1,7c6a9ef7a9b45ebb80cafb77c47f6a824c93abef3194926d092fdd86c95fd136
IMG0001872.jpg,train,0,leg,0,bee57e2215aa929ebdf5ffca691b99f1e20d387ec7ca106dc59a3f7aeb731dab
IMG0001874.jpg,train,0,leg,0,9e3c0ae537e77c3a9a30643f048e7f3d41bab5e1fc623696a1db059a4e9c4f2a
IMG0001875.jpg,train,0,leg,0,299afee444b1b55cdd6f7f7aeb532bda12758bd9b8144680c223e7f3fb387cf1
IMG0001877.jpg,train,0,leg,0,ae98fd2355e73e96517bbf7145a52cb8eb61ccba2805db8eff49d40c46d500a8
IMG0001878.jpg,train,0,hip,0,1f1022cefbdf34e55fbe9cef96e2e653f6ab450a3199ea6a857b03109fae5f89
IMG0001879.jpg,train,0,hip,0,6325e7a4b3d8cf6482a494650c257d209aad788cb2c2c60feafbb9ea096de891
IMG0001883.jpg,train,0,hand,0,c61a4bc8cba09cf8edb41b0eff5cb0b9c8bac241b59184b3b6b652a01651a7c7
IMG0001885.jpg,train,0,hip,0,3213c36dcec2e3c81b369e56db5b2862410e4e0a6efa774e29b033a8950c2e65
IMG0001887.jpg,train,0,leg,0,b8dbdf03806bdcdedf0eb78dc1cdf15ea41c5e3e326f4e70b9d92a2af6bb1064
IMG0001888.jpg,train,0,leg,0,e60348c410328bb5a57abea59f6cc8ef8c4636163b7adfdb0d4cba94c5c1f705
IMG0001889.jpg,train,0,leg,0,843a013d05f925375a0cbf4eccde5741f8a66284db3e78b22cd086213e545009
IMG0001890.jpg,train,0,leg,0,ae373e51521a69a2b24427419031db722dd9582bdea7b684b0f4e87e7d345133
IMG0001891.jpg,train,0,leg,0,c557932fe88349232ee94d6ad90bfe269dea2d0b9197e0f3206d6a4f9b388561
IMG0001892.jpg,train,0,leg,0,9301e623eb7d97877ad1429a7083b019d5902d6e84675a0db30a59b02947075d
IMG0001893.jpg,train,0,leg,0,924d886208e7115833a05ab57ca9d4b4bf46da8ddcee7852895981ce8bd5148a
IMG0001894.jpg,train,0,leg,0,6434bff96edc01d29783605414dd47c6f97b5a3107f272173fa3f56f6c637312
IMG0001895.jpg,train,0,leg,0,373f63e8acf2ebe52cca05373804aa74eac4df2c555c72b0c27068de33b3dbcc
IMG0001896.jpg,train,0,hip,0,53554238add4bc0a5529cee454c3b5245633202d0fc1535c68e4dbc3c04f60f3
IMG0001898.jpg,train,0,leg,0,735cf7fdbf552e6c0141c208368ef015697a75cecc837b9689f987372dfe97ff
IMG0001899.jpg,train,0,leg,0,0f64d1c4a6725fee0770c8fd45a32f8f95d11b5d226e802a8c70a45d8419b0a7
IMG0001900.jpg,train,0,hip,0,7a3742b0502b228735ff0c672340d1f6edf1271f592f12ce26331c48f1d34ec8
IMG0001901.jpg,train,0,hand,0,666748b4b4b1135fd0623679b5c977d98b0ddcdf207bea8564d07bf6663349dd
IMG0001902.jpg,train,0,hand,0,55e10ccae9586ffbcf4ee97d9c74f487501184c4531b40da179886995c5c10c0
IMG0001903.jpg,train,0,hand,0,7bcd6f6d881b7af2ee618fe8bbbc5971e35adcbce33fd061f7f02f62ac46b7f7
IMG0001904.jpg,train,0,leg,0,5acc3f8d75995e60bbcf7fda429a994bc2f1ecd57824be5174371c5429fc77eb
IMG0001906.jpg,train,0,hand+shoulder+mixed,0,3c455830cad9a3999b2d9fdaff0c6c2d54780303135a25ae382b5cba38acca84
IMG0001907.jpg,train,0,hand+shoulder+mixed,0,abd6d0d9e274941deeff180d955864e25125b1b464c656074b9bd4615e539e21
IMG0001908.jpg,train,0,hand,0,06088ec3dcb9deb29e52ac071cb2c07dbfb1f0d2a358eaefdaacee6e26075705
IMG0001909.jpg,train,0,hand,0,3419305abfa2f89a7329161faac79bca27172e82ddf4c7997d910378b0a51f5d
IMG0001910.jpg,train,0,hand,0,06054cfbabb11ec9f4fe6af6249ffc8e58eb77df1d1befbd27de685ebf976b7b
IMG0001912.jpg,train,0,hand+shoulder+mixed,0,7eb39f7811c976dc5fdf593040f7b2d70092983b7719b6601c05beb0e351f653
IMG0001913.jpg,train,0,hand+shoulder+mixed,0,2cb9d8762f7c53bc0c5017dd7d485bdd83d959d590dd492ec19053933d3c7bc9
IMG0001914.jpg,train,0,hand,0,d5c4e41027ed5545585b2a87ca8d7d9e04f06435d76ec35068dda31722bfccb2
IMG0001915.jpg,train,0,hand,0,cb344daa2dbef9b0712966e544bfa24d8462076a58f890ba8aa952f403d1d707
IMG0001916.jpg,train,1,leg+hip+mixed,1,a7c97a165804d6f912cce34da70639a984663817946b21da3d215336bb168e37
IMG0001917.jpg,train,0,leg+hip+mixed,0,27bfa9185aff8265468dd53b6aa7a2bc721273dcc99b027929ff6fb3171e2c0b
IMG0001918.jpg,train,0,hand,0,a114c1e5f945b977dc5c4750e8ba68afc0be208403eb6e788d6ef735def1cebf
IMG0001919.jpg,train,0,hand,0,751870699adce9db4d52251fa90f7e34c8180091a57c51bc2a86cd2316409ef5
IMG0001921.jpg,train,0,leg,0,0eb039640120d96a111f144aa160863e509052af7bb51d65a6c4c88970d72109
IMG0001922.jpg,train,0,leg,0,ea537e1913178fd304f61586c641495b170766427d7c4befd11394dac93d4ec5
IMG0001923.jpg,train,0,hand,0,1dea4711e38a3e84b47dd2343111f1b28fcf31f70e31e82b45bac8d5dada1f02
IMG0001924.jpg,train,0,leg,0,39f1276d427760f561197e6335c4d15df5767e98bc17f6a8e36f95def294c7b6
IMG0001925.jpg,train,0,hip,0,5c54991ad33ba851685e6983f24f19f78fd4241772c2e3dca655da3d3c1331d3
IMG0001926.jpg,train,0,shoulder,0,5c2366a1aa0ef68abec629b40a96543a0c2d531a9292b7757a023e7358439131
IMG0001927.jpg,train,0,hand,0,cb16613ebea56c4e83b8b04c45fc66dde6b4c94221663a3eee20a55d2fb148e2
IMG0001928.jpg,train,0,hand,0,d666134d34b7dd0369f38ac0e35b53d96657cc4cacd697d35478d8cae5db00e3
IMG0001929.jpg,train,0,leg,0,0b256f62dc6eb77dcf5378cb3d149ce325eafe2daf97587280ac99f02730f57c
IMG0001931.jpg,train,0,leg,0,55332cdf43ab5bcdaef86fdc7ac97336db66e0eb2fb5d6267b5fa2678d913c92
IMG0001932.jpg,train,0,leg,0,00d78f6ba99dda21e7dc0558132bb2934b826d219c496e6c88c83eda2a958b11
IMG0001933.jpg,train,1,hand,1,cab051c0c92f8ec54bfd0993e9a3e7f8f962e38fe0455c60c9dbe280581e8c89
IMG0001934.jpg,train,1,hand,1,1afcd52ca3e6905673e70f28fa5f76ec9daef10520d0d429cf98900e6db69e3a
IMG0001937.jpg,train,0,hand,0,cfee112b8217d70de76475b929274b134736086057c3df2fb86a61000b711610
IMG0001938.jpg,train,1,hand,1,ffbae8630b4958880c029e367b1a124bb78f3357b2d3e2ed7ef2518a9db3a1bf
IMG0001939.jpg,train,1,hand,1,e0260fb5564398ce171ad36d51c2e092239cfaad4cdc6e6671f468f0447b09ca
IMG0001941.jpg,train,0,hip,0,c67f9e5ac3f49e5b9177700bb9726604c13bd2803dbbd2bd8edd0353cea4b513
IMG0001942.jpg,train,0,leg+hip+mixed,0,d523a837ed33a8720cf2cad8057233aac5287eae8dc2b388003e5dacb8349dfc
IMG0001943.jpg,train,0,leg+hip+mixed,0,267a60a9b045d463e03578ea79c71a8631266afa2d932ed67320b46bbba99acc
IMG0001945.jpg,train,0,leg,0,7c430575922f8c13d09dbe24519ba51d05c46ac094996e5f1812088ed8fdd8c6
IMG0001946.jpg,train,0,hand,0,99cd2adf90c9b616cc71030f4566b59d65930d650ef38f96bd3ba519404ce9ac
IMG0001947.jpg,train,0,hand,0,63292fc8d5480a4fec86e8c104580ab61e7d158725b8b3bb4487a4f042241a8d
IMG0001948.jpg,train,1,hand,1,a061960c687d9f659153e46deaa39abe7aec0b13fdb71c41eb9baf16f139d39f
IMG0001949.jpg,train,0,hand+shoulder+mixed,0,8e9efce480377e55ea8f4c05271b31e0aed5e06d70c9d56b1ac0e4c91b0ba1d5
IMG0001950.jpg,train,0,leg,0,5ecf85a99d547260b6a88c2f514a5a8c33ac73392d0a0b2c32ddc17c660ae63e
IMG0001951.jpg,train,0,leg,0,8fdc327b66212ce28cd7249c0979d02bfb21c3e4f8e6f653d81d97fc8af05ae2
IMG0001952.jpg,train,0,shoulder,0,1d6f49144aec63f0061519456722624c709ff7d77a8bc2d7ee23a47de420d9a9
IMG0001953.jpg,train,0,hand,0,994dd2ed57783bff54ca14999883768690168928e452bfa3f533f4e023199ee8
IMG0001954.jpg,train,0,hand,0,789b44511819145b69505c76b1c3d1c8947cda15c36c146a7c8a564455366222
IMG0001955.jpg,train,0,hand+shoulder+mixed,0,0ff90da0f1b7dda4d2e59e7b20e79ba5c2c12177e0accd5fd881dffb0dd05753
IMG0001956.jpg,train,0,hand+shoulder+mixed,0,21f3807bcaa2dee1a9a841f8283c85407f0cf930aa26d2ba74042dbeb57352a3
IMG0001957.jpg,train,0,leg,0,ce637818ea3ed0faede20a97e703c073b7607ea1bab86f15cd6ff0b64c1fc785
IMG0001958.jpg,train,0,leg,0,0366795f658a3982c2e41d0555d3897f49262cac0705416628b4c9bc4955681b
IMG0001959.jpg,train,0,leg,0,e0c4ba45769c816c70e288d4a2dcdf495664e64be484c0f03d472f59afca8ad2
IMG0001960.jpg,train,0,leg,0,59c84432e3f33d9364d244b6b36430acc569948c676e4cc9cd7d34a241301b76
IMG0001961.jpg,train,0,leg,0,b8886c9539d5f23b8199df4a227847e815c168889c3e3f6662d1b1ef376fdde8
IMG0001962.jpg,train,0,leg+hip+mixed,0,604b1270260e04ee0c2445b3f987b268e31034cebf17fab5dd5c2e1d2619dd2c
IMG0001963.jpg,train,0,hand+shoulder+mixed,0,04767105d71f4fc98804f0343eaa2dace20b90f596efdacd59a343d0be784dc5
IMG0001964.jpg,train,1,hand+shoulder+mixed,1,3cb02fe7107a7c7f051d8fdcd7b81dc761ac66a8d85ac714ebc2b38429964dd2
IMG0001965.jpg,train,1,hand+shoulder+mixed,1,4675306b52c0861f79d04cf71973a7f427d3ae9392ae37c420624dbd26315ae3
IMG0001966.jpg,train,0,leg,0,3f9bc0ee04749f990a0a5c3f497309d678cf3f678602868d699bf05e738cbc89
IMG0001967.jpg,train,0,leg,0,fc0c356c45938329eb0f57f8bd39344fc57b9adb46ba6d4b3085e8c71400bccf
IMG0001969.jpg,train,0,hand,0,9bb8199692418b67bbffa338ec997971d09f5afbcc69d59eb162196446d04529
IMG0001970.jpg,train,1,hand,1,7d230a08e156f7d8314b8d66ceb36758e58cc2f9c82c738d10f6ea65d08cc92e
IMG0001971.jpg,train,1,hand,1,e1e49e4747e7a5c98341402aa772dfb637eed6fa40094b5045f8171855546193
IMG0001973.jpg,train,0,leg,0,06f75bdc77779838e9edd97ad203a9b79591ae1cd2ef1ff6e1e2ad917ca3d0e0
IMG0001974.jpg,train,0,leg,0,4d87cc676a139edff8fbc70a8157df5accddd8535bc9b9d01934b2423a587fd3
IMG0001975.jpg,train,0,leg,0,651c7b936774a21567039c5a449fd20c0f19d284750a18b92e69746517c5d860
IMG0001976.jpg,train,0,leg,0,91b9b2a432b3f4ad1e7ea0b86bc036f9018273c684d2a4e32c2b5c53ebc6a8be
IMG0001977.jpg,train,0,hand,0,8dc57f24c732db80811e3c78da1f8ac582bbb3c0031f217c3aec0f2b0ac31844
IMG0001978.jpg,train,0,hand,0,2443ed88e11c16325b5ccde1cc7d190bef2424a2e14d47565c0b7fe008d26f63
IMG0001979.jpg,train,0,leg,0,c085c4c7aecce1187a034c3db1eb0d1de043b1c3d715ee3dcb26f8cc26b0c6ff
IMG0001980.jpg,train,1,leg,1,aaf501265034f37251f0d3e48529d757bccb5c95b143d12231a954a65979bb61
IMG0001981.jpg,train,1,leg,1,5f064d766d308281c80ce3b99b4c7308b29837acdd88643bac4b7420c9c2e9fb
IMG0001982.jpg,train,0,leg,0,750c954c4d31549edb888679275a9581bf9cb4c22fdda35573a162a70632c909
IMG0001983.jpg,train,0,leg,0,97e4fc19b6d7a4f2a7eb2d8fe27ed726e1cb99f7547cb0baaec406a04344da71
IMG0001984.jpg,train,0,leg,0,97c86e844d3f74c875ebd93e239f4d5c02580fd4e36cf2eb5c87fa64739f8358
IMG0001987.jpg,train,0,hand+shoulder+mixed,0,4170618b095664ed522f11f0fd2b17e5650bdc35e3a54c2e0dff9a04bf0825b3
IMG0001988.jpg,train,0,hip,0,b78521446ae580a918d12cc1e4d3ef8ea3935f6960808bd8954ea19d9d7406fc
IMG0001989.jpg,train,0,hip,0,506b0e740d3a6191c51d297b025e5a0c1c695f3072d8442ce4a62f145cbaf71e
IMG0001990.jpg,train,0,hand+shoulder+mixed,0,947db9c678a303c728d2ffb67c3c830ec7efe0ad250e22d05d2ccf892875b282
IMG0001992.jpg,train,0,leg,0,c01ad59f6fdefb5c7a3e3b6c034db32e857ce2d82c11c49a898e1df424f7d739
IMG0001993.jpg,train,0,leg,0,0a31317bc6dd7e9916b9046094a9de4a2cec3306bee6d0f66a88f8643df84491
IMG0001994.jpg,train,0,hip,0,b2cced34b7ccf2dd6e5cb5619e9e89dfd8e84b84a01720b53f53dc5f314c68b4
IMG0001996.jpg,train,0,hand,0,d1ebfec99c04387a1aeec73b924fcb0ee8fb0db20c1fee57dde5bd1b6bad4069
IMG0001997.jpg,train,0,hand,0,a94eddf6b0f170fcfe2831f5b6c8f0cf576fc93ad835b08e234f0fce29a2a263
IMG0001999.jpg,train,0,leg,0,c219a7d67eefda670483487a9f0cf3ea84eb2a7a775af906b8d16f99e9367edb
IMG0002000.jpg,train,0,leg,0,d088cc807d628c5f3aec3a90028ae4f11df998e220fe27580c2df72dcdbc01ba
IMG0002001.jpg,train,0,hand,0,8900b9f4ca4f21bd61c7010cd48b6f25165c4b1fac5290de250aede1db4926ea
IMG0002002.jpg,train,0,hand,0,42d9b9f67d5a7d6eb2df6c5883d8ff46a26a072cf1bb366eddfd351d71c644e5
IMG0002003.jpg,train,0,hand,0,db6cdfba0ca7807d6e8a89871c0629e6ce983aaf564a80c2fc1e56568b4d6e3f
IMG0002004.jpg,train,0,hand,0,ae567524c197c9fc0890e001440b91231f2053784973722291dab81e0613277b
IMG0002005.jpg,train,0,shoulder,0,7a1c7d90d2e1c15726e9459f62fc0f6be264a0cd469fd61a729e440964ccf119
IMG0002006.jpg,train,0,leg,0,b1d930c26b00d780243817d533dd18e9ac5e7a3d6d6ed5b36f494d7527c0e3d2
IMG0002010.jpg,train,0,hand,0,1e1b6bda6a6df8f7d00efc663e374c187835287e11e3e553f747838df4b1ff56
IMG0002011.jpg,train,0,hand,0,ef5a21eacdffab752dfa4903e904946ce52ca48fd3f8ca4a6bde393e1b06c625
IMG0002012.jpg,train,0,hand,0,507feeb45063cdac8d40a782ecb5b8ae100ee0b70e3dd4480275c8c139f2cc18
IMG0002015.jpg,train,0,hip,0,d430b7a0223802c285c2b94c6f1c4863587e1e77232342a1565b5c30b05b264d
IMG0002016.jpg,train,0,leg,0,9e28650471b69acd254865bbf8e8382666bea95a2c59fac4d441342a5185ec32
IMG0002017.jpg,train,0,leg,0,d98d2b73d6cb03c1d6678deb97b23b66e1eab649f434d1714d54eccd9ee06930
IMG0002019.jpg,train,0,leg,0,f074c48746ffb20b2ea6fa9937d2b3ac399350d902d266e7cb0fd58975ebae09
IMG0002020.jpg,train,1,hand,1,f6e3e4b105ef06215bf86de7c320126d229839a5d8443a6ace3bcfaf0a0774a5
IMG0002021.jpg,train,1,hand,1,8e635168b3bd079696c3bedba4bffa81e6e6a86517a35bfadc74da3f7ccb4584
IMG0002022.jpg,train,0,hip,0,3e790f4edb7defa6ee786415cbec1e38fd18c592375e1e6206d4241dd48f97fd
IMG0002023.jpg,train,0,shoulder,0,2a550d3f0e1032c34be9c401e843d13ce963d5e1f005a1cb4089f22ab322a96c
IMG0002024.jpg,train,0,leg,0,d1589fe86441f9b397d8c38d4bf59e14779a1bb64011c21cd672eb6870962a2b
IMG0002027.jpg,train,0,hip,0,3f6de788a7110d2b548be00a4d5865fdb01f33a7c56671de247689a31da65f98
IMG0002029.jpg,train,0,leg,0,c96f3c9cd926e7405d5f46e012b89dc465c11c1cbbf3b49af1d251cc5002e714
IMG0002030.jpg,train,0,leg,0,83e2efe1c1cc0b4d3b7ccdd15d546475bdf92cec086f4383cb603337b7e7b56b
IMG0002031.jpg,train,0,leg,0,70263da5e7129ef09b144d944ef2f15428df64c522f0efde7ec1bf051e7dc186
IMG0002032.jpg,train,0,leg,0,7086d76910d7b45cd996eb72d41c1893f1c5fb895be4293925f1b75b8c18af60
IMG0002034.jpg,train,0,hand,0,5a55598e5c3aa735b02d5eb9858df5bd2fae15b9197e68d04d58fa5eaaf52d6a
IMG0002035.jpg,train,0,hand,0,4599f5f237bc7e99018748d459c325648526428f1f09d088d87dd91b7ea84512
IMG0002036.jpg,train,1,leg,2,0897fbf7c8bf80eadde0a32cd7ab752457ab5843515377dbeb470d5c2e7af6a8
IMG0002037.jpg,train,1,leg,2,fba422cfffbbaa8b9675f719122b5ec052d813d780b30174236682e607e03a46
IMG0002039.jpg,train,0,hand,0,4d440d74116c083974aef4a271910b7bf1001517760d374f1db482c1ccf41a6b
IMG0002043.jpg,train,0,leg,0,70872a07cbac36f089afdb162830299beed72d2a743c12000cc5b42f6e33a228
IMG0002044.jpg,train,0,leg,0,0f0e366851401f65073eea0dcb7bcce6721c73244be149485b824e9515595acb
IMG0002045.jpg,train,0,leg,0,e0ccab9d20c5b6088daa5cb1e93b3151cea22f580bf03dd9e56a622b3a1d818a
IMG0002046.jpg,train,0,leg,0,0db5a19f92b05b34ad1c7abf0fbff15cb5a9e6083c54255a2b8de00c2ea02e50
IMG0002047.jpg,train,0,leg,0,ac76c413a534680bd133ae330e8d0dc769418113f1789fa6da277b94188096b9
IMG0002048.jpg,train,0,leg,0,5b5d0788ae1de5cd57d7955bb0792497c664191f159866920dec87154b056011
IMG0002049.jpg,train,0,leg,0,21165d74ec739b1a6e605182badeff86aca1ce3a2264634c876b6ddf4116b8cc
IMG0002051.jpg,train,0,leg,0,a67920e6370a2fe349302ef2b678d77a958163ac700e8f49314de6e031e41076
IMG0002052.jpg,train,0,leg,0,9a8fd03c726d9a614429987ef2d5219ce056baebf30957b7925d26acfcf79c7a
IMG0002054.jpg,train,0,leg,0,8dfbe328bb2701d7c75955b4799e89f7c1e46fdc009757a6b17e06c32b7901cd
IMG0002055.jpg,train,0,leg,0,b9ab275ad3aa8e11ea29a65ee724745812d5d5fccc1e7c4f6b74927c5ba3fc66
IMG0002057.jpg,train,0,leg,0,0888e22f7b16ebf28ee305d72b6bf03d7e84745aafa8c49d00dceef9b6a6db66
IMG0002059.jpg,train,0,leg,0,7c78c48f19c1e5acc24251d7f037c530859be3418c564377ff63c71822dd2700
IMG0002060.jpg,train,0,leg,0,0b95c764b7d19e0d66f09e4c523d9512e11dbffa2382d056fe1c927cc83df1f3
IMG0002061.jpg,train,0,leg,0,685613d2be3a2d108d874ed5554ce957523995288a382695e20072fb743032d5
IMG0002062.jpg,train,0,leg,0,1ed2fe0a4898b0b8ee43e38dc19a0dd60e3fb14567e3f5b5d5d8bf446350928a
IMG0002064.jpg,train,0,hand,0,34ef286991cac03ce97bab74316011882a08343a3cc1b53ea1cf93dd95618ba2
IMG0002066.jpg,train,0,hand,0,c0164999834a42b76dafdf2faa5c2f06f57154dcb73dc6752c961a55857dac0b
IMG0002067.jpg,train,0,leg,0,79344e365fd951bf773b9977220049d68af975368cf3476488e981aa3ba99b7a
IMG0002068.jpg,train,0,leg,0,5d423bd0b47877bb63b4ac152c08108e2a3fca1378afb3b5bb6d02eecab12598
IMG0002069.jpg,train,0,hand,0,906086acd471bd32f044737d84ce94963b0168daddca1e7c2025d1c0b5855dfb
IMG0002070.jpg,train,0,hand,0,cc62ccb030143ae4df598135c2af013d35d79f57bcdbe322d3104575a37e578b
IMG0002071.jpg,train,0,hip,0,6da54627f87e0609b2e1912daaa9a57790bc54d1d603a1da97837ba378fa5e1b
IMG0002072.jpg,train,0,hand,0,f7450c6b711d2aec76c2ca0ac5dca7b506c4083d616bcbe29760a8144595bc4d
IMG0002073.jpg,train,0,leg,0,19482db6f59928f3fa9830abbc3ee21402961a8cff9c06ce2e700b280229a867
IMG0002074.jpg,train,0,leg,0,2677477fa3d4d148c44260f509ddef3adce5934844bf3c1a5e56ad5924e5f6a1
IMG0002075.jpg,train,0,hand,0,8727039b3d9001aabaebaac314244a06e44eaaff7785168577905f4376938f13
IMG0002076.jpg,train,0,hand,0,f6141417df1843e28cd76a8a16abbc87c2db535746d230543da9bb2b826c44b7
IMG0002077.jpg,train,0,hand+shoulder+mixed,0,093e0d0ada77fac4732709d9f61c12d2cafac6476a3dfb1ae78124ddd76a745e
IMG0002079.jpg,train,0,leg,0,b5b687f1f2d648e0310de81e8c7a47e6dc08e07faef56d6facaa83d52bb3c817
IMG0002080.jpg,train,0,hip,0,c9bd25bef3dc5bc05e7e2055b188d80a3a44a3adceebd4c540d9916f25381d58
IMG0002081.jpg,train,0,hip,0,e1a48e4e6f65d9cc27fd0e9ebbe00bea0a65656c31451f71170ca849bedfd343
IMG0002083.jpg,train,0,leg,0,153e1c47e78c4bca6dbc76ecf47b4554b8e3eaf80211facd8bcdfb76a62d7dfd
IMG0002084.jpg,train,0,hip,0,d0f82a3934552e48f903010cafe8cb9cb07e4a32dd8aaaa0d5043f0afc7a9be1
IMG0002085.jpg,train,1,hand,1,179fc5e9d9aa2ecd96605cae479b177e55c9202a56f5d27194dc5d87eb64c0c0
IMG0002086.jpg,train,1,hand,2,e5ca91500b4746ec7f5a7b79e5f85694a8d158a5c03e9d3d1edbe99a8c389252
IMG0002087.jpg,train,0,hand,0,80d3c09a7830cc5051531f14c1909b343959a69bea05ad7e863a3b35033f4fa0
IMG0002088.jpg,train,0,hand,0,a322c0d5ca26dc1092fcd9ecbeed82e8c345a4021488c38b5d96311d3c5ec25a
IMG0002089.jpg,train,0,leg,0,85deebcedaee0696c5c3977c8f376b2c757b4fb28ba51d4d38a150ab838d88cd
IMG0002090.jpg,train,0,leg,0,8bae3436087854f798c5d61e38ac316ec3ef89bac3f8f72ba179b0d8c07509c2
IMG0002091.jpg,train,0,leg,0,af022efa74344c225029e77c29371b2a1c8a0ef60b3950bd2b4bf8fb138b2596
IMG0002092.jpg,train,0,leg,0,94912322c0cac9407f13f827f4250f42365c6aa68b2c74131473eb7536e7abae
IMG0002095.jpg,train,0,leg,0,06c2501a9f4409e9ae069af8a79eba5ad4faf4c9f79dbd3c85840bba7950babd
IMG0002097.jpg,train,0,hand,0,de7af8e3efb709e35dd3c76d011edde996d1545ddff9494f92a4c1fe9ec0ae86
IMG0002098.jpg,train,0,hand,0,26a54f2e924965f50bbe47592b2033937d6e4b97b5eb4cd612ab4b459a612420
IMG0002099.jpg,train,0,hand,0,1099ea6cdc023bf4b9d9451e1b3d3d764ae34bd6f6cef06e369186756076ff2c
IMG0002100.jpg,train,0,hand,0,0e591964f4d49aa0aa9ddce8919c316ab91243c827f0c338914bf845c24f62e2
IMG0002101.jpg,train,0,hand,0,921d5833d439214a93812eff73a4228ecf98c752465b6269ecef271de63b3727
IMG0002102.jpg,train,0,hand,0,08d8f9fdf9b5b2b5eba4b3b36aad09606927f0c1e633e96bb769afbc87fd4a87
IMG0002103.jpg,train,0,hand,0,4b1f1a03a2cbb73389afaa9255698171d190171b0b2d8e1261615ef8cc22553f
IMG0002104.jpg,train,0,hand,0,d9774a35fb42a08eaa8f732b6036016258ac4a0ae48019f6a57e1e33c30ee4ff
IMG0002105.jpg,train,1,hand,1,10a6e95336b1c475d01fd8f7725e90a2cfe953be91786e811a32579728ce7a90
IMG0002106.jpg,train,1,hand,1,53849b40fe71fba372152a705fb648112f359e21f034a4e5448239352a004b8b
IMG0002107.jpg,train,0,leg,0,4c04a9211f25d8e2e2e0a62e3357480eef3fb9fc5c236b37e3df21f02f146575
IMG0002109.jpg,train,0,hand,0,922d172d9e6242e74a3f546fc83af04024c7c779547be50d1cb9b1f7785df1d3
IMG0002110.jpg,train,0,hand,0,ef3aedc2c0c5daa1ca4f3636fae288271ada5eda49ada7d41dfdeeb3e9e5bade
IMG0002111.jpg,train,0,leg,0,9ec39cb0c4c07e5d19a1795c7be7a096b6e387a930b5e5801ac2e16fe629f04b
IMG0002112.jpg,train,0,leg,0,59c14846195def201fce0a7720845a9f3d8fa00fa4d4419d27df602537b4870f
IMG0002113.jpg,train,0,leg,0,89b05f07a32eb23350d32d63001af9a54ede4eca8666c82fd7ccc5e1357296e6
IMG0002114.jpg,train,0,leg,0,45742933b6baa14138becd07e70054730691e22a0a08b3472d47adf6e63d1a61
IMG0002115.jpg,train,0,leg,0,5b1c43d116095ea688fb074e38bb25126d68ddb97d441604a82bea7815483c2a
IMG0002116.jpg,train,0,hand+hip+shoulder+mixed,0,e63792b5af814108e8cd142c4de4abc37a60017b8b90152527d518a7c64b17c8
IMG0002117.jpg,train,0,hand+hip+shoulder+mixed,0,8d9634d1324286232d5b5526ef6b1d8d6fe2020de8169a9c54a28e3b80d71e62
IMG0002118.jpg,train,0,hand+shoulder+mixed,0,b8bba6af68d6b925e0015b90dd7dd6fdd537811d7b82ba600b4d44fd5215b18e
IMG0002119.jpg,train,0,leg,0,9495ceb5659ce144c79942dd5ded5e761e20d994a2cda4656a59942cbb72d24b
IMG0002120.jpg,train,0,leg,0,78d2f53c72488a98f24938b7207d98d808cda52b29a7e8e6a1abc307473b35b7
IMG0002122.jpg,train,1,leg,1,259af531808bd102fd56cd6717feef30f359375d186f4e298730835ade833d9c
IMG0002123.jpg,train,1,leg,1,931b8a3be72d57d1ee77e703631098dea5f18c23290049072050383706fbf864
IMG0002125.jpg,train,0,hand+shoulder+mixed,0,fc763ea4d04520155af2a0c0bf4979393df2f98c13741b6e9295cd2c956132ca
IMG0002126.jpg,train,1,hand,1,2e9d5d23f7d74edcedefd0afe732a524b198ef7a05c115952ef3f62d325948f2
IMG0002127.jpg,train,1,hand,1,dce6eed3e0e680c895887fc9660668570e715f33139b44a02316f99a6d666d7f
IMG0002128.jpg,train,0,hand+shoulder+mixed,0,3794c845836c86b6232e3f4c48c7fcd5315e03e5a6fa0f9261acc162755e0297
IMG0002129.jpg,train,0,leg,0,38247f95cbb38f7e67f5fa7d62f8f5d2e7e65e8ea98e084e00b2f0c963eeac03
IMG0002130.jpg,train,0,leg,0,9c07d539e35296b164014cde40e484553a9669c51166f4050449ae879be93b77
IMG0002131.jpg,train,0,hand,0,8d435e58792a33b4a1ba35c591c80c44bad1acdd04054bcb7e53dfd3283b6004
IMG0002132.jpg,train,0,hand,0,038f079d5e466f4aae49c50a6f8ed70afbaa38a4e2de3f0f4ec0d9a92082c82f
IMG0002133.jpg,train,0,leg,0,d5e4c251c1ff0edda4f2f0097cdcb6fadf5f7ef0b2328e9d5c41f45380303be3
IMG0002134.jpg,train,0,leg,0,e6ff7507150dac8741d234ba6206ac84bea555a4015a27fd58f0794b7eb5da65
IMG0002135.jpg,train,0,leg,0,bd3f7d3616b99270842fa9154340632666db66e62cd1d0409c10160e955d8c62
IMG0002136.jpg,train,0,hand,0,ec860b21941acd6cd6a0da46c79d722e72c4f0389e8432c00a0b492b0a0f7cc9
IMG0002137.jpg,train,0,leg,0,63a069d969a9a6288319b5f8d34f2c5790442accdd4d85bfcf1bdcfdbbb4f3e4
IMG0002138.jpg,train,0,leg,0,6ae473ea713cea633b208782f2164ad1f2c2f60d767fb9f86a2934f8007c63ea
IMG0002140.jpg,train,0,leg,0,0b1834ddc3be427e63634c3d5f9d63284811dc1166abec33ae7313b70c128569
IMG0002143.jpg,train,0,leg,0,17f767b5906699a838221e9e945784bf3726e7341a466d02974a97e2e9b29a80
IMG0002146.jpg,train,0,leg,0,c6944a4508f7aba58dd2e7a093c323689bf668017890ff2a9dfe791647abe106
IMG0002147.jpg,train,0,leg,0,7e5f4fbf0e271afb29135ef83cb23ffaf933dc008f28ce1d4dbda9e86873c5d7
IMG0002148.jpg,train,1,hand,1,3b00825e63dc41802b2f9440d6abf28bc9405d178ba5775efd0f25bff1de4a2e
IMG0002150.jpg,train,0,hand,0,c4c6293d0b79024d32e2dc0f91246f41412ad03681e7dc12ac7adb67848b1fb0
IMG0002151.jpg,train,0,hand,0,0a86d8421e5f631100ae08292088f3a1d793a71afc00c9ddcc3bf11c93ed5dda
IMG0002153.jpg,train,0,hand,0,b7f7d674b4625ca1f5931c2e35fb24b9affe3560857ba11f2f5c734561e91e99
IMG0002154.jpg,train,0,hand,0,c885681883c2c78ad6eba51a5cb6f5eaac6711b66fd2c2a201f8510098fbc327
IMG0002155.jpg,train,0,leg,0,4581629cc4a82d7291ceacd7911979f32b7af1ff79e2acbc652c5503aacb3fc2
IMG0002156.jpg,train,0,hand,0,8e7276d053a597a4e0621d6f2ee5b22bf6647b011d6456814e1f713fae526597
IMG0002157.jpg,train,0,hand,0,60125ea7888f4a8579e14afa13b9dbae392895d50c3f0a505b373aee029ea745
IMG0002158.jpg,train,0,hand,0,5d2a7dd5d3ca5003259134d791dc32a0df5692fcd463fb30227e51b1cb465494
IMG0002159.jpg,train,0,hand,0,265f1b8dbe0be4b88cc29a59925cd65857937ceeb61d400b8cef06d1913005a9
IMG0002160.jpg,train,0,leg,0,d74f4822d7a03e2f146aa330830ee8e47ed1c891c0033f66ac6316a9035eb74c
IMG0002161.jpg,train,0,leg,0,6ea8b75c0325f533fed5663fd8e12deb7f8c03b3a6b6603d70801cf95fc4902d
IMG0002162.jpg,train,0,leg,0,ee611fcaf4b24df6344b426e9fe7d8d43652cac1c13425726d939e244abf31d2
IMG0002163.jpg,train,0,leg,0,ac7fd3f509586d1844d079ccffe1f21a3982e72ec2f78ec5c29a49293649e031
IMG0002164.jpg,train,0,leg,0,d8a00ebec713e78e8bc1be63a2ca9d135118f3679d8f075e97d1e014e301682e
IMG0002167.jpg,train,0,hand,0,686808e7f6049930d09223b4abe9582dfad873b52dec78bfa646e3596f4d9e99
IMG0002168.jpg,train,0,hand,0,c45a44f347420d51cd218e3914ce52c03f28e1a380102c09fa460f07bad58bcc
IMG0002169.jpg,train,0,hand+shoulder+mixed,0,e4e3c2bf7f1027490fcc2e53b6736f715370d7d9b91dd7e67df21f390335ee5b
IMG0002170.jpg,train,0,leg,0,ef6fb358b535f5204e70ffd81ae79d46c9324a711312a2359fce2662abc4d7bd
IMG0002172.jpg,train,0,leg,0,6006f2004279289cb430f19b76bf59e8dd96ba2822cc3717a375a89415268ee8
IMG0002173.jpg,train,0,leg+hip+mixed,0,8059ad55b5bdda58a9fa7aadcf8d2c0cc44a6bce4b1ba685692a2c7f872e1965
IMG0002174.jpg,train,0,leg,0,1636f00b7127c3263df49ab5570241f0c50b4bd643c21aafc8c76dda7d9de8b2
IMG0002175.jpg,train,0,leg,0,b1167e5ab9ef4d8971ccb4153c4ee8be5046900c1ff5acb6b6cb0ed9104e479f
IMG0002176.jpg,train,0,leg+hip+mixed,0,aec75d35d6b6f1a54fec8e7c3d9aeed31555b4546b20528f880a6461579561d4
IMG0002177.jpg,train,0,hand,0,b7844effc526578fbdfce27d9377ba8a43e945be5477fa7e61ccac0532dfe48d
IMG0002179.jpg,train,0,leg,0,3a04d7b7af8ffaef8b7ddb644a61d769f39459bb9d3cff7f6e5c9b2dd6ea01dc
IMG0002180.jpg,train,1,hip,1,c4b4d2c4b01b59e46b73ec5b678c505229cc54bf7da575483097c2ea7eb60753
IMG0002181.jpg,train,1,hand,2,d22e9cef7b700afbd0f47359ba680ebe8e14668aae76c3fbc7c208b4c7d4baa9
IMG0002182.jpg,train,0,leg,0,7297f1679f222cebf73d2c62962e4969781cd9d7e3fefe80ae03c6a066026d1d
IMG0002183.jpg,train,0,leg,0,455ceb3bf419de81ed8afe87ee433772f9b247ed8a1e2f75ece53162c2b175a3
IMG0002184.jpg,train,0,leg,0,93341772bb3049c9c8857c227a68a61162b8e0507126d8d6bfe470ecfd9bc7b5
IMG0002186.jpg,train,0,leg,0,40f91b5bd6fb7c935513c283c67b58dc58dc8ce9b271193fa3b0466938425e6a
IMG0002187.jpg,train,0,leg,0,5b85a9f5c76d52bc6ebce4916fb2d352578cc471d3f355899d7d956d6ac86e31
IMG0002188.jpg,train,0,leg,0,01bc09c341b006dbc75efd5aee285941fc1e0f392131297b8b3df8546dbafd31
IMG0002189.jpg,train,0,hand,0,7ad9c329b0a3944e36210b70900e75661fa8d0b0279e2059c19c74bce69e1942
IMG0002190.jpg,train,0,leg,0,b0d65639503544d5e2cf5d2ce3284c797f6b85428eb811b822285bc2d26fe71e
IMG0002192.jpg,train,0,leg,0,0f3efe3aafe8733e1b3927ff64ec9daa333b870f49ae97fe07a18caec859accf
IMG0002193.jpg,train,0,hand,0,d64f798a47e99f0d1bc6b298014c149c49429f1606c066243517d8fba54d5b88
IMG0002195.jpg,train,0,leg,0,74e05bf66d1a72a20e3f5f31dfea0c7e6191fcaca8554770c6bd274f04eea3b7
IMG0002196.jpg,train,0,leg,0,17016fa7085c6a441e5e56be342ea97474845ee39efd6c7facd7a0b815124c97
IMG0002197.jpg,train,0,hip,0,e67d258d10c6d7519f40af428403f2a78ab3944cf50aa29fd6e3c2abf9cdbafb
IMG0002198.jpg,train,0,hand+shoulder+mixed,0,927bb2c49399d2b7ed70cd3317c491f052ea5bd7695168b5b9d1a38de273c7cf
IMG0002199.jpg,train,0,leg,0,24d08f3b8c847685c61c81a356dff1b84e306f5245ff3ca1fa5c02c679bb4d00
IMG0002200.jpg,train,0,leg,0,32cb8e0a010c1180e6c3816da32e1d02aa4ea6a4ca0a50faf9106eb7ad6ef125
IMG0002202.jpg,train,0,leg,0,14a93dd2a05e8bb02e006351db563a77d75fe6976f2eff4bc0939b98832703fd
IMG0002203.jpg,train,0,leg,0,d834276793d9701f935c0ade6082824bfeec9f2b88f2e32892d493f0605306ad
IMG0002204.jpg,train,0,leg,0,59df222c941d21b77757b6634c329262ec401de01d3c5fdcf52c64917e6d39c1
IMG0002205.jpg,train,0,hand,0,75a96fb43b544ca6b71c5aeafc7414a2365c6ef9917182c561b51e237dbb7088
IMG0002207.jpg,train,0,leg,0,e600dbada355ddcdf0ff1fe2e4dde90f7dc46e7c57d1a36932ec795ebf9d64f4
IMG0002208.jpg,train,1,hand,2,4397cc2459ab7557f2b680e97b31873264a11efb7d2d171869a829dda4ceaa00
IMG0002209.jpg,train,0,hand,0,b46722888df32367565bd3a7585c34a1dbd7638ec49a15cbcb02c1118f6a0d21
IMG0002210.jpg,train,0,hand+shoulder+mixed,0,28a8d53cb9ec0945dd3bb2e034aefd997e9b5777742ed72e3400c01ac4a4bfc9
IMG0002211.jpg,train,0,leg,0,2f3f5e91c98b413d36c88a207066e82dd5431faf55cd41505a56772ee4f3d683
IMG0002212.jpg,train,0,hand,0,c9634137c61468d26e67e44921806058f6c511193bdf99eb568f48603a2628df
IMG0002214.jpg,train,0,leg,0,5d5391dec7c4d20340c024f7e44ed38c2b52eadd2145284b8ef6a3b3749f8f5c
IMG0002216.jpg,train,0,hand+shoulder+mixed,0,fca08425443e70cc3b30927946a1d2acd724f4d4338836e46cd7d12329f2a42c
IMG0002219.jpg,train,0,hand,0,4f86b8a361b04b99105b0d37788ffa4ff91cca6dffe9cf975a07ff8a7da2b41c
IMG0002220.jpg,train,0,leg,0,61648ac53d7d83694ffc873737329e75dd94e7d705ad058e8ca6f3b3cc586a67
IMG0002221.jpg,train,0,leg,0,b65a8fe31610ac2d36a25c8e36d23cb0a1a38c228303727ef3bd32433cf935e2
IMG0002223.jpg,train,0,hand,0,9db40609b475899497e9e7db41d8ebc5843bfffc9213f775666f1b06478433f4
IMG0002224.jpg,train,0,hand+shoulder+mixed,0,f61b7f4b1861d4b2abfd64bf498cd0b911269ae53237560b0b8c2dc124c15274
IMG0002225.jpg,train,1,hand,2,aecb760a673a85cbdc64804f3e7afecfc1022554985eebf14d6a10b96c37adde
IMG0002226.jpg,train,0,hand,0,2a46b0de1242209fac6c026817a020687dd573c23bef4cb537efbbdaa285277d
IMG0002227.jpg,train,0,leg,0,b2a55e1a370ed69374bd3b258493aa1c3f2dd183a05856348a0d06932c3204a2
IMG0002228.jpg,train,0,leg,0,cdb67c0a063f110d6457cefdd7b266a5eda0b71f23a63c5cd55f121753bdada4
IMG0002229.jpg,train,0,leg,0,811092b2f3a19d4e106e3753db5da75efa8b5e8f6ccd7552cfa18f7595a3f243
IMG0002230.jpg,train,0,hand,0,83c2c4cbad8ea6b3f820dcc1d13d4bfcf42275c9d85ac95b998379545f8392b7
IMG0002231.jpg,train,0,leg,0,8aa7feb8a4126f723993fb7056a0cc5650eb03faddeda04d0953c9013c41796c
IMG0002232.jpg,train,0,leg,0,173d285048af6a268a6c9aecce9f47da87a4da7635efd494cfad19595b1aea6a
IMG0002233.jpg,train,0,leg,0,2b72aa30753aa13a2a1b532ed7e83d42298885ed6392f8993393485cde4d0e4c
IMG0002234.jpg,train,0,leg,0,e476b8af176baa783ae9d1f97a70c81c866ea4aec9e5060f956feb73e8273613
IMG0002235.jpg,train,0,leg,0,9237b9e4b737cd6be540368806cb9533cf9c827412aa41a0fbf7693f0b46f892
IMG0002236.jpg,train,0,shoulder,0,46d8d27dfb8fa3c7298de3a94a4f493cecb2fa7a1d43c7d3adc5711524d4d8d2
IMG0002238.jpg,train,0,leg,0,5e2303977d4ec0af9054d5b1a441c6cdce3ce58ec57e4056dcb1b4d5523ba086
IMG0002239.jpg,train,0,leg,0,2a7bf0470f5ee0e2396d2d11596ec0d98dacba381c4a91f7198a44aa28fa4e74
IMG0002240.jpg,train,0,leg,0,0fd5fce6fdc4598d40c64dac508e1a9e6986fe5a31648dff2d017095e6e30bd6
IMG0002241.jpg,train,0,leg,0,fbc7d7e46d118d68261b74c47c5205a0acd6292fdd53fa2cd6c4ebcab441ffbf
IMG0002242.jpg,train,0,hand,0,c7303afb3cdb9981e4a5ef1131ae3301e700b4d13d5277b16fff964d0c8ec888
IMG0002243.jpg,train,0,leg,0,aa8226cb7b5c7660cafe53ecc6a5de0ca7d42ba32c5493f6058507b24ba417db
IMG0002244.jpg,train,0,hip,0,831d50262b43fa187bd31a6f662c7074e4ebf35ad406669890a71205cb1b3e64
IMG0002245.jpg,train,0,leg,0,d115b9f5dddcfd27d3fc7ec9b4c667a00dc5d9c43bbf3c61d7d22e02a68a63f9
IMG0002246.jpg,train,0,hip,0,e2a3819df0fa049d2e32ed7ef8466bfe89389975016647d7687135c532133089
IMG0002248.jpg,train,0,hip,0,868bd6ac90f4fa4b4b257285dbe88e41eae9230dea560a2b0bad437f94d990e5
IMG0002249.jpg,train,0,leg,0,801c17d92739c19d5823321a9df09158340097bcb5e551104da8f9cf2156416b
IMG0002251.jpg,train,0,leg,0,619195c56576f016e9f965a4246cc31dbff04e2ec3b1b8d46670f79ea2424a1a
IMG0002252.jpg,train,0,leg,0,619b75d21a53f18e72c4e968a3006ff60292bee93397247fe98690156c7fb73b
IMG0002253.jpg,train,0,leg,0,a7a7eaa4ee95aa965feaf1468308b5f866560ea91d756e805f13687ee47ea311
IMG0002254.jpg,train,0,leg,0,b5abcc184860b1af72f2036c0acb8f09fced01d2a078374fd77ff59b39b1173d
IMG0002255.jpg,train,0,hip,0,6f684ab242af6c8bff7e4526bd5e697d572b0be3c8d99a447575aa298372d09c
IMG0002256.jpg,train,0,leg,0,b193924fc3d50a1b4031273ff38fac45bd38ada37a2aff8dacafb34e94094201
IMG0002257.jpg,train,0,leg,0,4557f52c47444c5e6eb58748808c1dd704186d0286c191caed486d8db4d6f504
IMG0002259.jpg,train,0,hand,0,60327375699805107862a4cae84d746ff0b1f4a4f6cf01ef637566cbae651d53
IMG0002260.jpg,train,0,hip,0,536cab911e826ce6e1b4ad7996b72c758c734036117835e8f119f938876bb3de
IMG0002261.jpg,train,0,hand,0,3bb8fc2137e1e59b26d76887db235012c91bd32dc40aff795792c89007583563
IMG0002263.jpg,train,0,hand,0,89a647337958270374cc5a7de587c67f727ed09259908da0d412ae9354a946c3
IMG0002264.jpg,train,0,leg,0,22a14762a47b515d91e57dba279d9826509354773f3dc75901578b363b463b6d
IMG0002265.jpg,train,1,hand,2,6017e5a45bf96a584738df82903b163864a98d588c6874cc2cc215801ec2c47a
IMG0002266.jpg,train,0,hand,0,32a94e22ef8121ae4bbcd6ceefaa93fa3f61564680a5316311a87a732d00664c
IMG0002268.jpg,train,0,hand,0,3ae6eb0918500bc43aa49553d4bda82002f7b1702dbe2edf101f73cc0e83e584
IMG0002269.jpg,train,0,leg,0,142d2154a75242c81c14ed7c382341a4ecbe5e7c8e447f1a2ae1e62e8da9071d
IMG0002270.jpg,train,0,leg,0,20e016a4742a423d396f9a8036bffa80bf211d642ac5d50913604e1e87c130c3
IMG0002272.jpg,train,1,hand,2,0a04fe5e12595f3f40a3eb6ea5498a812a27a1f505e90bbd004ea135930c29d3
IMG0002273.jpg,train,0,hand,0,d0f98af860d2f6e632b0baceefed68c5de2c25c27c7ff116bbc0c8898aef4926
IMG0002274.jpg,train,1,hand,2,0760abfc711dbbe8d9d3c409f74812f6da19e15bbeefa095cd08f6c63064058f
IMG0002276.jpg,train,0,leg,0,ca0f4207aaaea14d166578b38de5a12fc6b693c4add13ab02ba388db3229482e
IMG0002278.jpg,train,0,hip,0,ff3ac74d0b8930b76f57c5c6ac6c9a7107a832d34ad51e40f7bf73e8d4fd1054
IMG0002281.jpg,train,0,hand+shoulder+mixed,0,6c31a5a1ffdfd7fc925c01f6b6b53df276fb637afff24ede8071f849e2b5a1c8
IMG0002282.jpg,train,0,hand,0,ce10442fe5c8ce72f4d1a15cdafe2d1415d7eda5afc3a1cf1c517d2d69c4dc8c
IMG0002283.jpg,train,0,hand,0,70ca863434c4df1e3c49e742d97f88b83ba70c2da94c34e53f9843a7727d8424
IMG0002284.jpg,train,0,hand,0,1914f26a682b851b3cbfae0569ccb9edc23c36ea39be2adbda28c2fa335919ee
IMG0002286.jpg,train,0,leg,0,32051dc1ab65ce6e1feeee726e43bda4c22ff6bf95c16a3482867c6425480c47
IMG0002287.jpg,train,1,hand,2,f01882c2013c16805481721446b540f7248c55bc2a531aa3d59202260e1c83cd
IMG0002288.jpg,train,0,leg,0,69c796b3f35a840f7c4b8b4a17781eeddfdcbc605d3e95f096bbff205941c74b
IMG0002290.jpg,train,0,hand,0,59e87dc80e4565e4394b58b1471f7401a4928516badcfeb906590b56231b4bd4
IMG0002298.jpg,train,1,hand,2,5c9aefedc114e5503d938ca16770aac6a7b438db3baef9b03f5408411f631753
IMG0002301.jpg,train,1,leg,2,76baaf1c29c10783d327c1e216f00ed41e48e713af5c02ad303d939c9e526118
IMG0002302.jpg,train,1,shoulder,1,8660c423345006367e4c44194b07a8085165ab839d79b26e968a7b75793b1c72
IMG0002303.jpg,train,1,shoulder,1,f98f9a96128890a0d52d8659f80fc118f84a0790380b610554c79917d95750d0
IMG0002304.jpg,train,1,shoulder,1,6a62cbb73c79384a0dd648fc4436442c6c1a2e15324d1e5263e9ee7d6da38599
IMG0002305.jpg,train,1,shoulder,1,74f37b88d1ba65014457e2e11f3d9bcef61159cfa968455f62c6c5ee4e174885
IMG0002306.jpg,train,1,shoulder,1,394295ce034cfd6f6884dac6debb67e0af43f4c4852d27aff7fc3d28b238b1b3
IMG0002307.jpg,train,1,leg,1,358d21ed40077cb097338bf3ba1ea4aee4a834f2d23539ad51a6c813dddb6aa2
IMG0002308.jpg,train,1,leg,1,449b0bcbb318c1eaf2bc4eb5ade89e1472e2770bc7396e1a6a33329e81db8d30
IMG0002309.jpg,train,1,hand,1,86c2e58b1e37bfc246b0ffc86e33a1623e652d09495833ae3b427c60b698be3e
IMG0002310.jpg,train,1,hand,1,ed7a06ce099d40e422ec3765e51a886c72fd5a74cba2914361787154a096bda5
IMG0002311.jpg,train,1,hand,1,ee3a9e8b0dfa07076c19d7431c40d65d168f32e6fcf6d3305ee0adfc47e800d2
IMG0002312.jpg,train,1,hand,1,c41b519de8166ab409d2f0ff3a0f97dfe3f353cbea03a5430244d8cfa10a6f48
IMG0002313.jpg,train,1,hand,1,86be1f47726415d7df626ece5928007ae35bee8356ec4a9ef1d716353281b570
IMG0002314.jpg,train,1,hand,1,51b401d4de9698f1ef763f880b82275d49ab660410b9847e6f37c68e58b505f4
IMG0002315.jpg,train,1,hand,1,429f46a8929f549c02e35bc2449c4b6b095b4febbda264175819be59741c7c86
IMG0002316.jpg,train,1,hand+shoulder+mixed,1,fe9ad06ce3fca4b961a87a6dd92ff662fac65874d252c4dd5adc006c5476523f
IMG0002317.jpg,train,1,hand,1,b8b3746fa3971ff5168110b083dc0ceeb9e27ce7ccafedf04bc7f2bd57467bc1
IMG0002318.jpg,train,1,hand+hip+mixed,2,1547b60fd57aa6a0bffcfd246b551263da46229d6e7d248a2cdf60e8ea832f61
IMG0002319.jpg,train,1,hand+hip+shoulder+mixed,2,463732fe1a6de5ceb39a816e6bf36f680215ee6e813705eaa9f680440f15eb56
IMG0002320.jpg,train,1,leg,1,c7d71eef5bc1fa886615e43434f152baa0d09198bc83f0da4cae5fce1050af08
IMG0002321.jpg,train,1,leg,2,901cfaf1db8a6d37729ef89a62bb412454e3931a814720c8ab66bbcc5a2af00f
IMG0002322.jpg,train,1,leg,1,25f8a6c1503b09f0bc2d81f433b45cfa5eeb5657606840407ce4d42cdc69bc36
IMG0002323.jpg,train,1,hand+shoulder+mixed,2,864f70d37e829d2cebbe14a007d78d6ad61a92e7d1e79e9f2b3f81a19ed63685
IMG0002324.jpg,train,1,hand+shoulder+mixed,1,0c3c08b449bbd2ded7dca540a4f3469b990a9a84c30f1246b2f97a3f63886d86
IMG0002325.jpg,train,1,hand+shoulder+mixed,2,1610701ca81c7d8a031b93c1ccf92bd72bbedc5637e161f04e28561b53967e03
IMG0002326.jpg,train,1,hand+shoulder+mixed,1,cf2daae4d18bbf1b28a146243ccfa250f571900be252b4d36a5614b524e3a0c1
IMG0002327.jpg,train,1,hand,2,3339f9ac8b6c5b0358ad15a2443f4700d5f01530d0854d094c79acca661a08af
IMG0002328.jpg,train,1,hand,2,9739f32912b0036a90b59ead675a1c4f6d0aff5178233724e95c26d12af75ce0
IMG0002329.jpg,train,1,hand,2,3bfc7e294fd41666a648f06a9d5bef999058a31706fd853b8dd1e369e958bbaf
IMG0002330.jpg,train,1,hand,1,8cbd63a99f1bec922c60671caf44dfbc4c3577e524f24efed7a997ae0b51fb9c
IMG0002331.jpg,train,1,hand,1,8b6ff3529d3fae77c6d1acd922d334b71cddc6c367900adcec8449726a3b2f99
IMG0002332.jpg,train,1,hand,1,f58b7147ad81786f931a7d0eef51a6f78def9a91842257832c5ac4134c5daba2
IMG0002333.jpg,train,1,hand,1,2568b8de2d1878dd70ccd97e2ca8ed4371ec380e5769619c5ebfc8276dcf0065
IMG0002334.jpg,train,1,hand,1,72ea791099f1f88f7bd3e9436d66362c01777521433b7a7bc262a4e96a3f738e
IMG0002335.jpg,train,1,hand,1,2ccac0274301f85bbed1dae08d1f7c7c65a1413153061a0535f7496737232672
IMG0002336.jpg,train,1,hand,1,0638ea943c6055ac2dd79fda1adb33ce6d8b8fff9d82594b5c9b348111e70cd4
IMG0002337.jpg,train,1,hip,1,3a50f28416e5a1abcd5e610a331366183b138ebd4c2ef81bb70d394b899a9e03
IMG0002338.jpg,train,1,leg+hip+mixed,1,d7cbd1aa0d581f9d9650b26a99fa699defe087cd4edbb61041d31e0dab826c8d
IMG0002339.jpg,train,1,leg+hip+mixed,2,35889546c889fea819f8b7624f58fa95f8cc3524d055406df4a7bc589cf8fbc9
IMG0002340.jpg,train,1,leg+hip+mixed,1,47df0169a7324f6881aa856c2e1b4eeac7c961e0d27c7fe540002c76dfd78fdf
IMG0002341.jpg,train,1,leg+hip+mixed,1,4a09d0c1be4bf9bafffcc3afd57cfd36e378bfd0dd225f81f1d904e3cd9605f6
IMG0002342.jpg,train,1,leg,1,3ff4b3b728db75ca7bb2a6645889d4fb4c14b1faf4cd723f0e9ebcbe6d61c4dc
IMG0002343.jpg,train,1,leg,2,f29e950ce5c7f4dff0d149a3a861ea6f37d81cc386ad427e1d8a75a89a96b832
IMG0002344.jpg,train,1,leg,3,a22b1747b03eb16cf37d091f4e22d7e6f80e320ab9318fd4fb7963b6a067a0ec
IMG0002345.jpg,train,1,leg,3,217a7f7502664048e2eec5f1d9fcd37cd4d2942776c2e6a20ad26f3899ce54ee
IMG0002346.jpg,train,1,leg,1,a34a64295af1a25c1d8f81bbcaa76dc27671b294c801e889776deb201eb7741c
IMG0002347.jpg,train,1,leg,1,527bde99b9f42a3d03488593cb3ec4062be7496319724beb5f49487a461526f0
IMG0002348.jpg,train,1,leg,1,8c31a791d9826c1f280e3651b95329eac4627ed2c46339d5a6a6dbfb261bcb9e
IMG0002349.jpg,train,1,hand,1,0b231d6b3abf982cb7879b0300fb33226195f8f573fb820736d65f28860eb1b6
IMG0002350.jpg,train,1,hand,1,2adf3949ac33049ad693acbd79847bb0159f855c8928c78216df155d2091380e
IMG0002351.jpg,train,1,hand+shoulder+mixed,1,85f743310234e6bf145bd1450c332446c72f7fcb74f86a4f98e1c8e64e0e0581
IMG0002352.jpg,train,1,hand,1,0bf2b17db494d3b1f7b05c7baf795b96631a67b523a1a2a6a9bad7436745a917
IMG0002353.jpg,train,1,hand,1,1b76ae8be4f700c3cba39562e1abb08ae87d5bdd597b8ebd724a87670cf5aa14
IMG0002354.jpg,train,1,hand,1,222950b6b07e9f10582abe8c968d2b068da9d4e0a447901725ba2fae3df08705
IMG0002355.jpg,train,1,hand,1,05002899d860d3dd4c953c10f33a7210e6f3e744927736e2d2e7bb469fd40319
IMG0002356.jpg,train,1,hand,1,f277d7825baed391d4935849c49d07f5c320fa7e7e243369b8a894876ba4660a
IMG0002357.jpg,train,1,hand,1,93636f1f4e896b01f364e7b855ddc493283db8a420a78db5f9217a01b3cdcbe5
IMG0002358.jpg,train,1,hand,1,db48147f4c5d6025935a473659ffaceaf0977b1dd8eae0eb986debaf9cb48f3a
IMG0002359.jpg,train,1,hand,1,818fcf2c095fdcea62a645cca9c024c6530a5855321c3967d08fb71bc0a9f83a
IMG0002360.jpg,train,1,hand,1,6228742e716bb31d160c91ca9c4e8914db3e6978665400518473039758c500d3
IMG0002361.jpg,train,1,hand,1,73893978a9ae94053d7d6aceb7f7425aeeb3a35f5bd4f0c0f2bfd90b882bd647
IMG0002362.jpg,train,1,hand,1,f7dce8ede59b568c3602674784d471b442935ffd352d17642c4a012d1d3ffc7a
IMG0002363.jpg,train,1,hand,1,da789b5b084eee4043a4a368e904d9eba4dfe758057acce49ebcf13b58b19b52
IMG0002364.jpg,train,1,hand,1,220fa2aa287f91ba1f21fa87c18d9bebc041639962f23784e6edcde59595064e
IMG0002365.jpg,train,1,hand,1,47b3daf2b366df63670d06f4aaf47e8f65d90b14f4e2d880a8ab3ad6f296fca4
IMG0002366.jpg,train,1,leg+hip+mixed,1,0f7d55bddaab5e77ef89464779a5f66fd992c6abedffee583aa7d65c3bc0426a
IMG0002367.jpg,train,1,leg+hip+mixed,1,e53f85a5e433f0ac3995ed286f7496288ff58f5e4c5cf68b283be18a22bb27ba
IMG0002368.jpg,train,1,leg,1,583e640ce95a30d1bcde29a415ab6c6ea161591e074096a4ff1ff3bc490b222c
IMG0002369.jpg,train,1,leg,1,69155610b7e66faf0d57d332be4583148718b4031480edea7f26d4481769b949
IMG0002370.jpg,train,1,leg+hip+mixed,1,52857ecaeac133ba0c76cd8d5a839fa999ef5b50f55812d1c992a4901d272636
IMG0002371.jpg,train,1,leg,2,354168d8dad7042b444461a58139c21a3d59dd847c80db9fe46f1a415a829966
IMG0002372.jpg,train,1,leg,1,128ec13e9153d17987be97fb58843cedc8017bc137abca43c88e338767ee3ac7
IMG0002373.jpg,train,1,leg,2,d0991e798390f266a0a0c3a8eae733c1c8531fe63946724cbc7f946744a2cd8b
IMG0002374.jpg,train,1,leg,1,96a93ffdf2557664b1240666fa04deee0b26138f5fa2959310c8d60c10cf44b0
IMG0002375.jpg,train,1,hand+shoulder+mixed,2,30b6743b8e79c2524adb191ea4a5d0b4a6709ad996fd38bd79a271dc7f643ad5
IMG0002376.jpg,train,1,hand,1,2fab3ebaae785ba38aedbacd2e62dd521a926ee6012258e8a4a377b895c7fde0
IMG0002377.jpg,train,1,hand,1,b60833e047fae9c9e2f7b8962578d61bd96a94ab545ca0765cbe199cdb7d48a2
IMG0002378.jpg,train,1,leg,2,9fc33e1d3345efac11675a2f69eb82ab938e977630f1ad35a92ee18916f2ddce
IMG0002380.jpg,train,1,hand,2,25a64cd5b349588201b0b403278015dbe731b86c7899cb3eee258a7ac23b9d96
IMG0002381.jpg,train,1,hand,2,55dfcbd930703e1d77fc0c0dfc8939dfc89042f7f143337bdd0fde883238d982
IMG0002382.jpg,train,1,hand,3,52a8cc0dc9f7f96977ac506bd17362c10299da7ae250b00c90e6795b6cdcf2bf
IMG0002383.jpg,train,1,leg,1,090c3852bdef364ae91a92b6a6748595fc2dd2da853eef37dfb890841c04eaa9
IMG0002384.jpg,train,1,leg,2,1e6f8b3e393fdd987c10fc6335baf439a067b21a9011ea9d74ad0e8bc69e72b7
IMG0002385.jpg,train,1,hand+shoulder+mixed,2,3a90936cda27264b6745638b3e68afdc10e721623ab13e6bc1b3c078ca4147b3
IMG0002386.jpg,train,1,hand,1,1476ce49f16914b8c5ed5168a72952f802182eb2509526b23e25f4ede6caa330
IMG0002387.jpg,train,1,leg+hip+mixed,1,fe8c202e6f327149ea064b4a67fc0cb64c1302f254cf12ab8dd47b05b1db2116
IMG0002388.jpg,train,1,hand,2,260ae721f30069e400296fffbcc477a63ba4ab69150e70aebb9911ef84d40101
IMG0002389.jpg,train,1,leg,1,517a5ad2c5862af7eebb2d354cd0e809fc7ba64bd895a82b515df5a1f55189de
IMG0002390.jpg,train,1,leg,1,b4129901143411ae4f8d500349092c00c72d800feab7dafed1a4dc04293fe429
IMG0002391.jpg,train,1,leg,2,f6f9b2c3b4f05823932dd09cf5f96a4234bcedc1cff5200d5d94a894228e5003
IMG0002392.jpg,train,1,hand,2,e4589d0838285dcb80ba50ec3f2ca43f1a1790bfaf1a2d211180a81b3a09e3b9
IMG0002393.jpg,train,1,hand,2,916acbdd12a41ac1459a3faa72fe1de1aa519bcb2fdf49baad2c667f1a193931
IMG0002394.jpg,train,1,hand,2,f68796206dcea5d886689b140e4bfbbae36313fb49d96804f60423df82edc832
IMG0002395.jpg,train,1,hand,4,d1dba2cf60ba3e28b4a24a95dd163da2ae19eb80c6c9cdaf4b49a7991db5e097
IMG0002396.jpg,train,1,hand,1,1e89602658f654ec822c01cee3564d4566e97dcb862fef3444f56460b1e57fe0
IMG0002397.jpg,train,1,hand,2,d716f2900e6388efddbdb05d586b99155409bc78ff0f05ada283cbab694c35ec
IMG0002398.jpg,train,1,hand,2,097de788f50d6db9c904df53f123e74279d83a9e513b5bae2eaca68e9b702bdd
IMG0002399.jpg,train,1,leg,1,c96a901157e305c1016ecde3389cd048e2281a7aaa9d5e929dd1a57abcda8e27
IMG0002400.jpg,train,1,leg,1,67e058760f01b636d111a8b1a079ef69f31050dfb1471bab9d4015477488357a
IMG0002401.jpg,train,1,leg,2,c6fed0241bafafceb5c70a07d2b3a0a9f6d9d2d01087762a458330164680d1cf
IMG0002402.jpg,train,1,hand,2,42165e6633032ddc128b0d947ecb0d966b3d2c70d15febf21764206299cf7088
IMG0002403.jpg,train,1,leg,2,1a5360ae3ced16ce4379e9d24f1034352153680432c8f6576b7181a98b96ab98
IMG0002404.jpg,train,1,leg,2,7ae69c12cffa2f653a2f4ba4d288534c72aed34619839d9b797dce3c2da8451e
IMG0002405.jpg,train,1,hand,2,49f8a4c474e60ec35a02d570c8922d4918f317be1baedcdb90c30eac6c722d69
IMG0002406.jpg,train,1,leg,1,a3faa6e3c0a18612989dcb9d31fb72b5000529f66b7ead5ca0c4b582775f2054
IMG0002407.jpg,train,1,leg,1,d59587e7a4b394f898eabf580cd3ef305c99e84e01ff98c093be9bd6e651f651
IMG0002408.jpg,train,1,hand,1,f2c5f6ed1fc690796b7ba05e0172afe9f763a4c7e0f5719add55cc9d4b290d5b
IMG0002409.jpg,train,1,hand,1,780166c0852a0e5423261677c469c193dc74b8efd1af5af86951e3c604d529c1
IMG0002410.jpg,train,1,hand,2,44fee5e3e7861b0b7a61e8e3c0766eb7dc0c202ffce521a476fca4069c792975
IMG0002411.jpg,train,1,hand,2,ef1c9393bc80e5fa4bb3e8627c905d1f2458e77512395efb1a3d5d6eb88007e1
IMG0002412.jpg,train,1,hand,2,6416fd6472fb61c8930421176a914139d6b7104a0d87c63dc6188f5453d5c868
IMG0002413.jpg,train,1,hand,2,b8ec8564e67e109e9ca25acb05fa70988cdb78c285d64d4fe8cd500818a0b433
IMG0002414.jpg,train,1,hand,2,86f99e430873f564b927274cb4a10747ba5673b3c4cdb5329460c5d204f81170
IMG0002415.jpg,train,1,hand,1,6f8696f8b896bf7a57f8d0c28bfb58ea6e14773c6eca8db03ff46e13cba73718
IMG0002416.jpg,train,1,hand,1,f1ea3ff74bde7b631991f2b81486dbd1d7379dc5cef19ea6f4d0771e73112266
IMG0002417.jpg,train,1,leg,2,40078e66c43f2be39501b556e6d23736908f7baebb95ca732970ef1eefd248b3
IMG0002418.jpg,train,1,leg,2,1ccd43a49ff688e4a6f838537546f0e813eb5da4b1bc34f365ea827e1f8448ed
IMG0002419.jpg,train,1,hand,1,75a306dfa3b3910e697a3f91763237b80d470c0961f7caf1f1e93a614989cc1a
IMG0002420.jpg,train,1,hand,1,7a6c5ed83f47bf16acff9d126d8db30e4eb8560ccedf7a5c06044e8177f39583
IMG0002421.jpg,train,1,hand,3,4fbca5a296bc8cc3647bb642b03bf523520d2871da3a28e9c41f29759d66e28d
IMG0002422.jpg,train,1,hand,4,c1c57e3935ef44a7bd918d56a93d9d5c8f2593f2c5290bc5ab0ab7522e469e96
IMG0002423.jpg,train,1,hand,1,e65e44c9e392bb79f13c227797cfcbe60e62377a378434101947f23935422275
IMG0002424.jpg,train,1,leg,2,bc07af5bdb45d4fe4bf722a1895bf7bcd9e23bbc2311cc023f9c2bfbbcf4830e
IMG0002425.jpg,train,1,hand,2,3730acc759266cbfe1b625b9cbff054d6d1839e701231f5b72c6fe5edf5be1dd
IMG0002426.jpg,train,1,leg,1,9311bbbbc40d4b4670b2b7d52b891da9bada95788141d0aaec4c0fc7b0a5ea3c
IMG0002427.jpg,train,1,hand+leg+mixed,1,4edb8cefb1c45cb19e9657b8d3b43a4d5f62e6a26bf066bd06ba93959129483d
IMG0002428.jpg,train,1,leg,1,e338931a168b091ec24eadc011417fea9912db26bf3ba14389d108681a63ec2d
IMG0002429.jpg,train,1,leg,1,5fa1c1a89a5152557cc8c105b15416e0e319cedc6a5abe7bdc3709a7db5e30ad
IMG0002430.jpg,train,1,leg,1,78c9ff9ed8e43159e5c4172bea073a18cef898aa189ff3709b203eb500d13bc2
IMG0002431.jpg,train,1,leg,1,7642315fcce4229f190ebf40d72a507749d785daf75578932a1b39e606100f5c
IMG0002432.jpg,train,1,leg,2,9725da6eb557dbf5bba7d1bf0335a2cf6daa9c3874d2bea14ac7aac9b63f8040
IMG0002433.jpg,train,1,leg,1,0ca318dd3bfe2c12449789e16a2a5ff15558425add323e57686a78d1d2a185c3
IMG0002434.jpg,train,1,leg,1,72ce1f5719e150351dc1e6881dc1d556b3f2f4defe131991b8bf02891d62398b
IMG0002435.jpg,train,1,leg,1,ca9e108e900776eb099150c2eff4dc144db58a1bb935167650cd6518f0e933f8
IMG0002436.jpg,train,1,leg,1,de5243d84026cb231b66b816f544d0684be8111880a576c8f1ac58901ee7c3d6
IMG0002437.jpg,train,1,leg,1,06efadf6728f23c16d2ff7c2537bda89ef53ee6e86bd380464ee44f87129fa8d
IMG0002438.jpg,train,1,leg,1,d96c6c15ef078785bc2fcb321eef7fa96627a5cc4627f6362a03458d0d5fb8ee
IMG0002439.jpg,train,1,leg,2,cd9f63b3a8574d9c5dd1d65ec75a86fe838fba61b4950b1634f4a1e5a1330ecf
IMG0002440.jpg,train,1,leg,2,4cb524b85e190c6317f09263caeb181d3f9d936e574c6acecb5607db15257c18
IMG0002441.jpg,train,1,hand,2,def3350ca9b2020a05c53da0f70852757145c5559e22b2d19d38adff202f637c
IMG0002442.jpg,train,1,hand,1,7dcc019a32f48530914261aa60d618f3cb0e11e8cfce3241779753f41696abd7
IMG0002443.jpg,train,1,leg,3,44c0ed4202b141dd0b52e2df40f7dcb9660be35ce61d151223d51e67224c1487
IMG0002444.jpg,train,1,leg,2,a4f5dc64615426492aa03fd4718cb592bd1841e3f72fa2b6693f888636234db1
IMG0002445.jpg,train,1,hand,2,0b81fed589383f9a3df51de396d765e93b02104129e198a2d92a82b7fb0b20f2
IMG0002446.jpg,train,1,hand,3,7b2cdfc19cd1d75cc23cc5c1cec66cc62ce308b2f7d6d479c9dd7d7f37498935
IMG0002447.jpg,train,1,leg+hip+mixed,1,e2d7c8676dc25ceb37c7148e9d96afb174b03d6abcfcd313262dbfdafe5affbb
IMG0002448.jpg,train,1,leg+hip+mixed,1,0c01e2a531c2033857efb8c2798aabfd7b0641e8b136f36eecbccc18cc7b94fe
IMG0002449.jpg,train,1,leg+hip+mixed,1,4afa990073406e9084e52991e84e4c4972443a1601affad282d08288ba3ab3dc
IMG0002450.jpg,train,1,hand,1,9a75c3dfba876824148a56241c29bbf48a20c6987a243fdec36cae06b6372771
IMG0002451.jpg,train,1,leg,1,6dd796aa1262a63a40b366cc224f9538802160ae3f0cdead4ec61b134b0e8f3a
IMG0002452.jpg,train,1,leg,1,40f7311eca7da46ba51427c5a281303e59164ee7c6ea72bc5c7c2d9dac46daab
IMG0002453.jpg,train,1,leg,3,4e81d53c7b6c0eb1a3a9706844662c11939161d2003b963afd58c0667756b38e
IMG0002454.jpg,train,1,leg,2,7d8adfdaf7b6f3d93cee67cc9948a4f9fcbbf7a3704dfbeb98d32cb373915de4
IMG0002455.jpg,train,1,leg,1,348e1d3142b8780483177e00b93a35f3228284dc4257b10b3443d5c1286dd803
IMG0002456.jpg,train,1,leg+hip+mixed,1,bdc38c070223165ee2a6b28e558847f1c07af320f13fd0817d865a4e390e9b17
IMG0002457.jpg,train,1,leg+hip+mixed,1,4621877952fc382204fb4250f7c1413267b53b9a2f3854ea23803362dbcb83ab
IMG0002458.jpg,train,1,leg,3,317b471922430cf4d2e521fea2bcebb50628626f1a1ffb53bbb5222ad17b3800
IMG0002459.jpg,train,1,leg,1,22765e1f2f6cb265ef66b7d5cd8d15667b50cbf5b3ba69be824a45dc0de8df02
IMG0002460.jpg,train,1,hand+shoulder+mixed,1,b0cbfb16b26dc5c16a8a3f92a990f0c391398343ec300a8c143d8521882461d0
IMG0002461.jpg,train,1,hand+shoulder+mixed,1,ecbd1a9323d4659f96b2faff5316f02ce4511b9ded1c73abc129821bc988de64
IMG0002462.jpg,train,1,leg+hip+mixed,1,634c6c25abd3ae0146bf6ec24903aa80906545b83d5dfcbae8ec26d05240c216
IMG0002463.jpg,train,1,hand,2,d86af31930357a16da13dd96eb9cd77282c1e5566600632aaeef4495548f3293
IMG0002464.jpg,train,1,hand,1,5013a7c6b9e0f1bbf2b5d52010c0f44b352bf470de0f0d3d3a8cd9ac50a9f9c0
IMG0002465.jpg,train,1,hand,1,8288373c2b2860e3a1e253dd735ccc64831ee683d14f03e7178c5cf70dbf1a87
IMG0002466.jpg,train,1,hand,1,03b6edfa77473a3b0792b0d65aa744799e553c97962c29e43a7f914e9d609f04
IMG0002467.jpg,train,1,hand,2,0b2e8c7ad659da395021070e1e1c129e342a40fec4bd5420b1180d28926da065
IMG0002468.jpg,train,1,hand,1,aadfe21b8c49deff24c83f2b4b4133c949be4a19a1c60aad74fa7986622813dc
IMG0002469.jpg,train,1,hand,1,de602b47d380a65f8a3ffffde31feb178eda17d56c474a46815ae19e1fe54206
IMG0002470.jpg,train,1,hand,1,7b2ecf2d2b8681c62ffed046bb33d92fd2ba6a88731dd67c099b8afd8d604c9c
IMG0002471.jpg,train,1,leg,3,08f17bb6a5d19e5db843aa4bf1c56df1912ebf8b845984b53d4f5b5a515c03bd
IMG0002472.jpg,train,1,leg,1,540e4fc409395742a44e2acec8c552c6e663448d7b04032440b72cdeb323eaa6
IMG0002473.jpg,train,1,leg,2,a92151f8851c5c815c946483b271f8626710ab33accb941279d39b9aad1aacfe
IMG0002474.jpg,train,1,leg,3,1eee8e6bd86f5abf7d025a60e184598491a0d252cecad174b2b0232d491a2642
IMG0002475.jpg,train,1,leg,2,0f0c2e8114b4a21d98708b97473c41956d4240eb8d2606d2e6649f1939693f38
IMG0002476.jpg,train,1,leg,2,ac7ca8bb8859bc7b7bf15f5991ae4937d17afcfcf8814a0e21f389a6f8419523
IMG0002477.jpg,train,1,leg,1,bad1d469f5cfd60c64ba946be3f53892d5821003ef877bd24540b090a0c4f716
IMG0002478.jpg,train,1,hand+leg+hip+mixed,1,da3768d32a566aa401ad9ca8415c2e9a320441d2b9b50bf4fc016fccfacf2208
IMG0002479.jpg,train,1,hand+shoulder+mixed,1,2e9cc5809a8de9daa5377b6fd8d7d63a3f214e54c42d700dad8002aefe69d9b0
IMG0002480.jpg,train,1,hand,1,0125d7929125d0017a2f958061b490b5359847bddcd45c3fa3e1cf5b497a2181
IMG0002481.jpg,train,1,hand,1,9493ba2d2208014fe703d9b7ed7e8c23c09850212deeea4912cf892aa2a3e9c5
IMG0002482.jpg,train,1,hand,1,155688f3d7311bf0e7dd66a56ff2b2448ee2565fcd97636db5146ef467855862
IMG0002483.jpg,train,1,hand,2,bb7d1f262284ecf6f019c5fe9c337cac12f1e95132a1872f38e9bb47117d9387
IMG0002484.jpg,train,1,hand,2,5207dbf0cd7cfd6c1116cdd571f4e59d070ecbb04f8c814b83e75a1163d47584
IMG0002485.jpg,train,1,hand,1,d117c10b41b62f9798b88b2afdb0cb793a2a411d45846d6ddc116fe1e50a5b77
IMG0002486.jpg,train,1,hand,2,6ed3493c7881261097d092aac224d53badbc1b81916ab14e943ede412cfae093
IMG0002487.jpg,train,1,hand,1,21bce98d7e3d8be0ed2564881022192e3c054c6b02757bb382e5f731c91f429e
IMG0002488.jpg,train,1,hand+shoulder+mixed,1,c50665f51be3c247a9b82aad897c26f154a174144999b3d5ef06f8bb7942bb63
IMG0002489.jpg,train,1,leg,1,336e1f9c76e2368ee2f85476c630c6ef22608a7f8d49e565bc16623d065bdde7
IMG0002490.jpg,train,1,leg,1,e28fd1c351c7a5d06eb253c6e12bfdad792c8e8f1a3581b3333ee40e2a19f4ab
IMG0002491.jpg,train,1,hand,1,f60026d84c491b69d6df8b1fbb17f69d77778f06bb16420163155e581cb56283
IMG0002492.jpg,train,1,hand,1,5333047ea6884dbf26e50f55104d0ec7511bf7af9028637671a5307d9a4ccbcf
IMG0002493.jpg,train,1,hand,1,6fc07a014bd6ad0d0abad305c71b40110d2eca55cf789a9167f312b47a025834
IMG0002494.jpg,train,1,hand,1,ff8af4c5d7f2668f504bcc1ed0892898572fb0be46a096ef410433a915e1b4b3
IMG0002495.jpg,train,1,hand,1,f61ff60cd450a3dca1c31cc342036a0c18fa9d868307230ee77287cf331ac788
IMG0002496.jpg,train,1,hand,1,970dfb122325c23bfdf7e345d3ca702170253e99ac26835851567c4d4bf68d5f
IMG0002497.jpg,train,1,hand,1,bc9839aae12de3683504a537a8f88f7cd2363dd312283515bd79dff6ec8e69ec
IMG0002498.jpg,train,1,hand,1,90cdc51d63c1827272dc95936aada6a0c43b3a5f73e03caf55ac3d5c13e4f9da
IMG0002499.jpg,train,1,hand,1,a6afe27d987579d94fd93cd9ee6c90adf135b0c737018b32259bfed1906d6529
IMG0002500.jpg,train,1,hand,1,da7a623975be2cb5e8185702c7d2216693cc63a0105791c26a673b2ad10a3611
IMG0002501.jpg,train,1,hand,1,9ef065db68331d16809ce368ae366ecf3a6fca6addea78b335840d70baef75c3
IMG0002502.jpg,train,1,hand,1,2594bfae1ce2b49180b9ba32ec00d785fd442877e0f60515386d7cdea817ed7a
IMG0002503.jpg,train,1,hand+shoulder+mixed,1,f22c4e5bb58a4b315677a0217ebfd2307d808c9ab59cd9e17c8441fb2dd82998
IMG0002504.jpg,train,1,hand+shoulder+mixed,1,ead54de7459fe893a145e95e1cbf36b5e372966953e2b0d7547a8a7eb40fa9db
IMG0002505.jpg,train,1,hand,2,6d784218809a9148236ee9dc1a6833c239afb95f6d410a74cde91671609c5f53
IMG0002506.jpg,train,1,leg,2,c0141800019e7621fa5d713b4bcb8c5637a384566077e37a204644ef6ffc734a
IMG0002507.jpg,train,1,leg,1,fe077b4cb52f9689d3bc78b1c548d2220ea2663ce9aad6b3af090632c31b67e0
IMG0002508.jpg,train,1,hand,4,a058f1860e899e049d2229d34b705c6bb58a179d919ab9252f2dd6d05531a7ab
IMG0002509.jpg,train,1,hip,1,dc8909c61df0ed82d303069be4a560a09fdd3e1646dad42a36809a047721aad1
IMG0002510.jpg,train,1,leg+hip+mixed,1,5b91139e251d99bc61aba3960631f69bc1c086e4e7f54bf1bfe9421fb4b28809
IMG0002511.jpg,train,1,leg+hip+mixed,1,f367c40dedc8eb913f0330e786b464a489b96c59b8285e8cc312ce8632bce287
IMG0002512.jpg,train,1,hand,1,b655fbb6a8903c4336f600dc1dd4d71ae619e2de3e83d8c1d4e7faae6109fd3c
IMG0002513.jpg,train,1,leg,2,231b9cbc682be6b520d5044d0851a813aa489720867b35f4f98eb2c3fdfc951e
IMG0002514.jpg,train,1,leg,2,f23783893fb11ee7d5e2413a892c58a175706f65ca3301824c87a6da7810afb3
IMG0002515.jpg,train,1,leg,1,b85bfda0bfd7370e7f5d4f048aa4939d2da773190cd74aec49fefce1c6062a6f
IMG0002516.jpg,train,1,hand,1,a6e1b12f45f8ca92e82119d331c3cd1b33c3246f48580a3f3a1fc9eb8edab3af
IMG0002517.jpg,train,1,hand,1,12dfe92ba8df61447f3efe55265e92fe7b377f2c8500cd990e5f0e65eb2be11d
IMG0002518.jpg,train,1,hand,1,dd84f8ed50f9f961289c2e553919f475f451e5b86f659afac644152fa5d3b420
IMG0002519.jpg,train,1,hand,1,c0997ed7d72aafa3801c4ba909d733ac3ff03460130efc3e9de1cdf1f3548b26
IMG0002520.jpg,train,1,leg,2,95e89f8cf1be062595d984d27a19e961a71f57a62249708890c5540c0c1f76e3
IMG0002521.jpg,train,1,leg,2,b0119e5b3a501cc4e43c426bd37b2ed01dd3d33a9f240a3a4bf69c392d12b139
IMG0002522.jpg,train,1,leg,1,03b5b1e0d1a467b04cb6c2cd775795f26ba2c9b4df192a9cc723f8519730323e
IMG0002523.jpg,train,1,leg,2,ffc93ba6c698ea256fcdaca9235487a1f915ca3b70f604d8ea49434659d30caa
IMG0002524.jpg,train,1,hand,2,c634f5db55b7e1cb31ee30d59899bd5817f64eb4a8cf78479171fef7cfcf9ebf
IMG0002525.jpg,train,1,hand,1,0df2b37fa8506f8c451e945443e8ed74295e2d82bef0ce25deb4f2803fe59d5c
IMG0002526.jpg,train,1,leg,3,e4ba855dde71f63589a8f38209b24b4e13d196b5d04e1e77073c520a45fce319
IMG0002527.jpg,train,1,leg,1,fe6ee20939067ef670d6014ff9f9d37b51319f9eea95a3dd354079eae93c12ce
IMG0002528.jpg,train,1,leg,1,59fe3a529b726740db0627eea5b875d424b07436e998cb63fc6bcd2f1c5d1112
IMG0002529.jpg,train,1,hand,1,c3e51338bf03404f0c95d20b979ad0ad6fb85d6bf64628d1359bf898feef14f3
IMG0002530.jpg,train,1,hand,1,5a6ecc774c520c45e7efbc87935f37c09536b4ee526f29aa30ceb60e22696214
IMG0002531.jpg,train,1,hand,1,1641990a4a21b1420fb7ee145743d3696d9f1571641b97fda60213471210b0ea
IMG0002532.jpg,train,1,hand,1,2afc38d8f49bee99e94db865c31691aee5af19e19a48c78cfe10771ab423048b
IMG0002533.jpg,train,1,leg,1,f41875fda422d72251dc27caedb8acbbe22ef8bf1d69d5b5b77490abda937f31
IMG0002534.jpg,train,1,leg,1,e7e38f7e61b65b957eb5e916e4e3c99bb0d8b5acafee1f721784705a83255199
IMG0002535.jpg,train,1,leg+hip+mixed,1,c8c77efe2a9f1dfc58d99e16e52bae52f4f0fc0a9759df085e6176df5e7dbaa2
IMG0002536.jpg,train,1,leg+hip+mixed,1,5e8bf9e51711f6a4242a81c09fcd707f561d149942cab1bb0e7595a532eeb3a1
IMG0002537.jpg,train,1,leg,3,c12032026b8d4abddaa247f44b75cdf9061c06810b1c640d2269db1cafbb2fcf
IMG0002538.jpg,train,1,leg,1,57920d54de5ca5a40c6ee6b5c242b4622379fc228bbbc770d519dec6db91a824
IMG0002539.jpg,train,1,leg,1,064bce31fb0e8225c609c331c12e58bc7dc9e7371a8fdaa16c597d9a7687a19b
IMG0002540.jpg,train,1,leg+hip+mixed,1,c3ecc613c54e56ed2401884b9c5a74534f8c870745fb6354949dc070c9102eee
IMG0002541.jpg,train,1,leg+hip+mixed,1,1733ee7ee691acdefb59e6b83bf3ed5b54c4bc56bd8a2e1425d5a662391db758
IMG0002542.jpg,train,1,leg+hip+mixed,1,a19d91d1c049c984edf0e5cd9af6f434f435b8cf0438a17518cc94f35e31aefc
IMG0002543.jpg,train,1,leg+hip+mixed,1,80fdd969dde77da9e0800a8e643916153de607b50be42753ec92f4c6d2267826
IMG0002544.jpg,train,1,hip,1,02ceecd7a41976e9b84f6ded0de5fa692e19f3b6811a16ac84ce10b72b36a626
IMG0002545.jpg,train,1,leg+hip+mixed,1,d934f1268e3a5070edaf6dcd1a65fc323afcc93e6d47953b3eb19ecd1ee62a3a
IMG0002546.jpg,train,1,hand+shoulder+mixed,1,6495c94912645804c8bdbb666e99d451918b1066e15c718810b44297f8dd3285
IMG0002547.jpg,train,1,hand,1,c5da7a679d44db05f22c93fd1c426c30a341d09f5ecfc06e1ef22e8392e6b807
IMG0002548.jpg,train,1,hand+shoulder+mixed,1,41162fe913d793cb6369bbc07adebd46a8a98b1a65cd2d8e6aca0a3490ceff8a
IMG0002549.jpg,train,1,leg+hip+mixed,1,3691fb0330f34ba0fb4acf62b09e6a5cb191c4f3f8c778499c508959d54a2633
IMG0002550.jpg,train,1,hip,1,ad36381b0c9426d307debb37094e6940a4f7f3ac833a0d032607af8c311ea6a5
IMG0002551.jpg,train,1,hand,2,cbef7d117171eae8beb705a282966dbd87035ca5251106e8e06f999fa8994ac7
IMG0002552.jpg,train,1,hand,1,6e5193b48a16572ec94c078349d76d8d63670298d7240d75aefed4dbefa263c9
IMG0002553.jpg,train,1,hand,1,12b8b28d867012b883f232d0067286a5173fd6c9869a17f7a5e7003bf6f610ce
IMG0002556.jpg,train,1,leg+hip+mixed,1,0625d074f03482b3246baa20415caa99d1b34ac1359c832a306582ee754b5725
IMG0002557.jpg,train,1,leg,1,6aa8f53526d87365d9bbcdf77a8e479bc12abcaa2a7d1dab824e435710b7794f
IMG0002558.jpg,train,1,leg,1,d729c9a1d1f0ad1105c986a8e57b818e02b0320fe6b702e1580ac00333712f55
IMG0002559.jpg,train,1,leg,1,6482a76ced16398e31870227a7da19d09df5cc1beea3b40d233ef6fad087f7f5
IMG0002560.jpg,train,1,hand,4,e3a4602d49e37d6e45e797defffbd6e529f94399625f7419838783ea739deaa7
IMG0002561.jpg,train,1,hand,2,1f8567eac3258da2759ca4177cc7f01c3c5723a9608a6b1c55b90753dfe88974
IMG0002562.jpg,train,1,leg,2,0ee8dbcce45260b7f5c0895f75061823f21fa1abbe3bb540d1056500253189ad
IMG0002563.jpg,train,1,leg,2,7d696d190e36442879187616ef7f8a4c350ea9a0ab6c951c79abda209cd70568
IMG0002564.jpg,train,1,hand,2,aced1657c21c2aefe4b522e6d7f90bf53ca6c9cd41f7228010c166eb1af7d14c
IMG0002565.jpg,train,1,hand,2,c399323fb89a97806208ce117bd40df2a30bc3f347a67b3a4113c0d2fcdbc4b2
IMG0002566.jpg,train,1,hand,2,d30e50705cec74a251f84f97e711310c5df51c0e3c55469589002d0c42c2d0a9
IMG0002567.jpg,train,1,leg,3,a0244ca140bbb020a31538887703d9338d2ffc070b84979f3c85ca40cbc3fe22
IMG0002568.jpg,train,1,hand,2,f8c9080020dc252f1b19653f9fc8fdb41ec30264a0e7c795f19a2886b0dc7bb2
IMG0002569.jpg,train,1,hand,2,879b149b1997d779c4aca29d27ff467ffd63b347826eb2b12e8625e82eab076a
IMG0002570.jpg,train,1,leg,4,3024fe7b4b009d69d02c765ee599b1e223bd827ffe3a6dc50fc87018124d41b5
IMG0002571.jpg,train,1,leg,3,2616cd1c71dd80da9235ad97eb1336e92f5214bca663ee8a373b348addb0816b
IMG0002572.jpg,train,1,leg,5,0a8494e397456621446380d95dbfc6c2deea391f520d8bde1da201f8ed70a4e1
IMG0002573.jpg,train,1,hand,2,c3aed394ccdb2be54323b1e7762f2fe6cc9e4350d85e829445318869d0a1069c
IMG0002574.jpg,train,1,hand,2,8e2d33d134d129f4ee1ec2068ab983b777ea8b36b8049248aaa9b3d991c5876c
IMG0002575.jpg,train,1,hand,2,0c8e918aeb73415bc8438521b1fa0cb79e4702d00a4a9600cb9fc9d514109c05
IMG0002576.jpg,train,1,hand,2,a5efc8fc6b59648b6dcddded924836488c61df1ef2e22fc447fb6db89a799eaf
IMG0002577.jpg,train,1,leg,2,452ccada36e9bf014a1d196384315feef48931129388e6c062697ca394d589c6
IMG0002578.jpg,train,1,leg,2,a3799ffdb108168f9ac36d24fc4507f0bc8e7d2f4e8134fd0365a26c13ee5a2b
IMG0002579.jpg,train,1,hand+shoulder+mixed,1,bdbcbf5a59601a66ef37ece2f267adafdac8254a8bc6146e9137f8f641af7fb4
IMG0002580.jpg,train,1,hand+shoulder+mixed,1,da89b38c60b7fba25f312ac31e38d8eb15750ce9312783d10614b529e7618ea8
IMG0002581.jpg,train,1,hand,2,fb95cb3d09fe0822190a3b44bd485c996bae8ead13cf1b77440d29f2ae7a247b
IMG0002582.jpg,train,1,hand+shoulder+mixed,1,bc4d567acfca910ba4947ef73e6a4067eb06ea5baba7cced2c460fc81f3a3c9f
IMG0002583.jpg,train,1,hand,1,cd5a24b576c95ac3b55a044bfcbe758d47c1f3a2cf3bb8b0368bf55602659a76
IMG0002584.jpg,train,1,hand,1,be01f5d84b11a2cc2c2544929711d086e803f12a093b0175d85f5af43c5d692c
IMG0002585.jpg,train,1,hand,2,bcb2c55c3060e6a0c67188090e618acee925b3e4a1e57e3a8fe32d7dc69dc7ff
IMG0002586.jpg,train,1,leg,1,639da03f08a4cc12734d7730b0b68edb5380a6318ff2113fd998c61a93835156
IMG0002587.jpg,train,1,leg,2,06496b653938d5783bd6e7e4491684f32317e6fd8f57ec28c031199303a7c424
IMG0002588.jpg,train,1,leg,2,b72efc801144735efb8aaae68b791f0225de4456a3103927a27ef0eca70f6e30
IMG0002589.jpg,train,1,leg,4,8a27f985c6587be4f97e82a41f4fcef76f87fe2b5c7f1fbca74c228aa3e701fa
IMG0002590.jpg,train,1,leg,2,f7c502606903f9a6b7062c1b3a61d6815de096a1760be247cf1eaebc34e18ad8
IMG0002591.jpg,train,1,leg,4,3be9b9f905a0351f2d7787da03b7f2684aaf852712e2375550a29d51370d8e04
IMG0002592.jpg,train,1,leg,2,e7a9694ae95d12c5f47bec244a56286cbae978b287bace0dba8c6618d91d243e
IMG0002593.jpg,train,1,leg,3,f648e218909b9b5b07e114503fddf15b0fdb12a82932f553281524afb01222b0
IMG0002594.jpg,train,1,leg+hip+mixed,1,31f1e4354882ae776389918aa0d053bfc9718206fec79a02bca832d06e67554f
IMG0002595.jpg,train,1,leg,2,d4392ef91b486c092b76a6a27326c6f9b6a2d2785dceef950fb06c77e5d2fe46
IMG0002596.jpg,train,1,leg,2,854d519f912c8ac0af6d12f5dcd8253185fb1d0062244d8bb5df1ab8634e9c8c
IMG0002597.jpg,train,1,hand+shoulder+mixed,1,45dd7a4b568395c174a1ea44d3dbf11f4700e7733531924c4a9b0923c0c328c7
IMG0002598.jpg,train,1,leg,2,59f58146c7fe323475de1fc40f878b8c6bfffba5f4c849e6eac91b6da11d0174
IMG0002599.jpg,train,1,hand,2,f2e7783d3708d8811874041274e106a733aedc5df5f8d7255d9f060d8ae091d3
IMG0002600.jpg,train,1,hand,1,499028e3d54e297852c2f4d1e1058cf25e47cf66c3e4e4383113c43537e342ef
IMG0002601.jpg,train,1,hand,1,7ae279fbb6fd37e8ab41d55ddf4fe4d09f979a4267f3fbe3335731990c62025a
IMG0002602.jpg,train,1,hand,1,55d5ac685b1404cc330e14e320a6d86bf321fa97a635bde17796494930550f42
IMG0002603.jpg,train,1,hand,1,61530d7a1b21303d52ffa3044780a676e7036d895a7a9d98f7b7e1f207274a54
IMG0002604.jpg,train,1,hand,1,5b7349ae5d6df3af895c1972d1051fd7fad146c50d6c5138ce0fc8760cd8f439
IMG0002605.jpg,train,1,hand,1,abc9bf0e438029dd3c06451ae4886a320f20df3f571882194dddd5230cbfad75
IMG0002606.jpg,train,1,hand,1,59afc9126b392042a21a2b796e58273ec73bafecdb36e63825f53c37fc4bc676
IMG0002607.jpg,train,1,hip,1,b4fa1c3f57b409f2b1cb84f09efa3ca3a8f07317b0f3bf2da56d806d64162fb0
IMG0002608.jpg,train,1,hip,1,0e39ecd7550187aa9754924ad9c1300018a332a72acf02055903e3ca043488eb
IMG0002609.jpg,train,1,hand,2,c6afca77d854ced8d702840e9f8843376e7284bcc7461db80540cff073ce9dfb
IMG0002610.jpg,train,1,hand,1,49116482e4f251137c57b0b80dfac73c788f683e10275b62f055fdf4bcbfc805
IMG0002611.jpg,train,1,hand,1,b8e1a5d37e42f83fd32df80ec72c025834244152f73117b3f5f96b350a9fd5c7
IMG0002612.jpg,train,1,hand,1,ff7e6a2c3469f404c1297b61febca16ebd87e08ce4bac64685ce8ab051a4471d
IMG0002613.jpg,train,1,leg,2,f85d999a4bd0edab87e17a6260a107ab8ddd29df40787349da78c47a31afb3c3
IMG0002614.jpg,train,1,hand,1,9e3b1d90e96b1f6382ed4d1d9393a4b64d320a7f38386968c0e48f6a99d1ff5f
IMG0002616.jpg,train,0,leg,0,1c4b74b66303b1849649771080076cd6b8bc7d2a14fe21a69873281796806dc1
IMG0002617.jpg,train,1,leg,1,8f625967bebbdcf1242a758f9632722ac342c7f0f4e24f3349a452bcde7d9aff
IMG0002618.jpg,train,0,leg,0,1602627dd27a854fa6a532e296ffc464124d8411de0dc47f6e56fc4463dcc67f
IMG0002619.jpg,train,1,hand+shoulder+mixed,1,89b9e7243145a1c97cc7a93f025c2763715bad5b59faa0bdadd7818dbd08e822
IMG0002620.jpg,train,1,shoulder,1,e93c476760d8c92def94284b7aa9087a6bc1c8716b47d087427e58a521e58c90
IMG0002621.jpg,train,1,shoulder,1,f1936527a7bd7c2f4d340f67243dbea08d0e16420244fbc36a635eadf8cbd6cc
IMG0002622.jpg,train,1,shoulder,1,1c657ae5a49baeba4919900246b46d75c23aea5f4dc6f71e13edc2986159b24d
IMG0002623.jpg,train,0,leg,0,722524a94bca75b0a18aa83799cbbaf4a205d1b1648ace3dea4b2c93441b8acc
IMG0002625.jpg,train,0,hand,0,1d6442ac390b0318f55932fa066dc80b112893573affa66d88b1540218e7f6db
IMG0002626.jpg,train,0,hand,0,302ea6248ec4797a14881eea7d0acef72d1ba27a73ef6aa92f47d7ca12117b71
IMG0002627.jpg,train,1,shoulder,1,bd1cf1e0e729ffd7dce76550179244907d954da4112d49d93842d1e38c904130
IMG0002628.jpg,train,1,shoulder,1,2662227b74539a45f5c4c083ac135599fad333d827e9f1177a01524e7050523a
IMG0002629.jpg,train,0,leg,0,0e92af90baf8b6a9d8be840c1a7756f8b02f454707a908dd086da967a2f8ad01
IMG0002631.jpg,train,0,leg,0,f99e484eeaed34e8ddb6413ce91e50b239658a94cf4bd7dffd630c5da951d030
IMG0002632.jpg,train,0,hand+shoulder+mixed,0,84ec00d364f77efe5fa330364ed6508a578fd7eaddfa5f4ea825e3e49b002b2b
IMG0002633.jpg,train,0,shoulder,0,f187e86ffdab1beda7b7fc97601bcb65a27d33b2b557ef566706387c4339d2c0
IMG0002634.jpg,train,0,leg,0,72a7874d45efb5b24a02fc0c82ba4f7c02f95157cfca786ec09085ec562cb694
IMG0002635.jpg,train,0,leg,0,619f7baece3fccbce052c1122a6c36b59fca6098bc8eb31bc4d91efe35168f4a
IMG0002636.jpg,train,0,leg,0,2af5918bfe50e7447a53bc82596ab3e41b8d68e64652bb78172e1d745448a15c
IMG0002637.jpg,train,0,leg,0,894e94231f565dd70d780f199c010ac7478bd59b004dcc3d0ac39124d51e70c2
IMG0002638.jpg,train,0,leg,0,0f5fcb2900c065ae395d4f0f28b0eaa4cf837985f74e8ce82c84b68d025dd710
IMG0002639.jpg,train,0,leg,0,a87351e32af468599a6275e16a173089d980e1fe576755aef73959d7e1400d4e
IMG0002640.jpg,train,0,hand,0,1ab21cddf1acbaa291883ccf0dacf0b3fd906f6cbc7d7ac2bfeadc66d320926c
IMG0002642.jpg,train,0,leg,0,c0bc1ebbeb6cab3945e5f652a311368c3b125fab3d0054c2bb1f68dca86ace23
IMG0002643.jpg,train,0,leg,0,b274f5ba7169b617fe9c5479f2deea8793c80ca509fa6605ed7e5cbbdfb7b03f
IMG0002644.jpg,train,0,hand,0,c4780a4b158e720c607e18be7f0c1e9fe0a5823a94a826ea23b4b5fc0c96abc3
IMG0002645.jpg,train,0,hand,0,fc04985a5d0969fe00e33e7fc5668331e462f0bcdb7fdbb6eb904c8d0360d8fd
IMG0002646.jpg,train,1,hand,1,38c7cfcc300215d21fd312e896df2cb8b15099118b998ae694723764019b7795
IMG0002647.jpg,train,1,hand,1,d4fbb4a57e37f4acfc0048c9600fddd67afd6f9eddf024f73fc7460b37263ff2
IMG0002648.jpg,train,0,hand,0,8b2d6f8158e29fc2678247a81244f8045c726d6018894eb6e9cec598648012d3
IMG0002649.jpg,train,0,hand,0,8734096ca99b0db47e1fe556f3e3d014b9db8483a9859d702ef44640077c31b9
IMG0002650.jpg,train,1,leg,1,30aaafd0176e9699d56459bcd0e37410d2646ee98ef3fb8160a1d5746d1abb48
IMG0002651.jpg,train,1,leg,1,413e52bc0260a6536cead2f1b9f6a0cc07eb5bcf496dc95b2c4f9204ec4f810a
IMG0002652.jpg,train,1,hand,1,f6f8559b5f9c38ab11568c19abe37047ab8d1555ed1ccd56da7e603c265929dd
IMG0002653.jpg,train,1,hand,1,512eceb616bc66016f08cccd02a74c7c3f7af8d142dd5de3d83fddeba4cc6e96
IMG0002655.jpg,train,0,leg,0,8c3fe0a8aa9b0545b6afe2ada86c53e85587501e7ba1b8261ee36414353847c1
IMG0002656.jpg,train,0,leg,0,5aabc05a5966a0653c08dd7d6c3e7c316077f69f080e31b683dc56100c87918c
IMG0002659.jpg,train,0,hand,0,d3d6ec45322a0d30701a95de16da3ffcf54910ec30467edf491632464b43ac69
IMG0002660.jpg,train,0,leg,0,e1e18461fb6b7e9ef210a66812b2cfcaf2b3e1ff35b930de424b7c53544a7f94
IMG0002661.jpg,train,0,leg,0,f29d3809781ec2940b76ea7b2e938c7a31754a4e306d9a03abed11741d85a980
IMG0002662.jpg,train,0,leg,0,5d4b3533b8d1e60f40638d66a8324199963df879138d955d5b7e865061ce0822
IMG0002663.jpg,train,0,leg,0,ec7cfa2b5d3503cae86d9be6e60b64488205dc9329859c45f0febd9ce2585275
IMG0002664.jpg,train,1,hand+shoulder+mixed,1,03be9db7fa358fc8b1d594f0a52b369791f16a062dd04de665f1486a07b3dbd0
IMG0002665.jpg,train,0,leg,0,b681b3f75f9d83e55baf80b999696146f0006f140288a109d2a6430452a3198b
IMG0002667.jpg,train,0,hand,0,8e4a6dc51c97764fd0a8affe0798a340c627fb6d7d2f4bbf690352a810c17192
IMG0002668.jpg,train,1,hand,1,592d56d6d678573f308975c94b2396d58afb9651361dbd51e200f1761795bae7
IMG0002669.jpg,train,0,hand,0,785c18cf98fd284012b84595e9c292c636db3a8d13c5b5eca58be0553a49020e
IMG0002670.jpg,train,0,hand,0,fde61184f33c7862fb87867efcdc583e0d2c062003b3fdd4ac54f5af0f7b64cd
IMG0002671.jpg,train,0,leg,0,6a9e82bed16f2702fe9fd3ee199b3fc9f3273bfb6e068a61c539bd092163d437
IMG0002672.jpg,train,0,leg,0,06a48257bcc9a3257e1d602c09092e6259096286d3c442e79a9688283625670d
IMG0002674.jpg,train,0,leg,0,c8a10610fa8d6213229e34af6e4a30831716ea6fff88acf5658a08c551be0999
IMG0002675.jpg,train,0,leg,0,5ef799f32e87416e1b92cec76d8c03fdd6f88d256fc79e1afd2ce78bb7031b9c
IMG0002676.jpg,train,0,leg,0,e2ed23906b3720320b6bb87a78c5bcd691c36add7dae5ffa3ec8e73a7c07dc3b
IMG0002677.jpg,train,0,leg,0,a4bdef00741f369f16f68d4c90f35d6e34c84905186330b3a2dcfdda20aeb1c6
IMG0002679.jpg,train,0,hand,0,dba804caeed0944466662540e65125d69910170f2e4a6f1385fd969f0d1f6b68
IMG0002680.jpg,train,0,leg,0,b9dcd663478f72a1b906ef361e6d99bd6ed080b83768d211e4c2333a5a0b4d4e
IMG0002681.jpg,train,0,leg,0,6a2a2b1013af2e8bbe609badd7ecf8c5f248b70edcd05d2b324a0fc77d76a2d2
IMG0002683.jpg,train,0,hand,0,6e470ac83dfb3480dae43618f4e3f06b10f9d0a218e90fa725d5761a7aae43f2
IMG0002684.jpg,train,0,hand,0,b48d30dc479e098f7bc3724c25a244bbc1d5144b635cda18da7e234898a9813e
IMG0002688.jpg,train,0,leg,0,4670ea3128b8feaf1cc3b6d14b5cccfbcce65d33ca43e150855a4d18d1a9341f
IMG0002689.jpg,train,0,hand+shoulder+mixed,0,a9c4cbb37890fc7997a9a47c688a3b9ce9eea8113d2d70b4da32aa4ba4e3aece
IMG0002690.jpg,train,0,leg,0,84e62b2ee97730e4f90a87ce62892fbe67b92563ad00098699fed58c8135157b
IMG0002691.jpg,train,0,leg,0,e04621568b39eac75f74f9f063460342fb759de2cb59f9e202a59913c4733480
IMG0002692.jpg,train,0,shoulder,0,fc11a4058ff67158ba3f8ab2bf733c6cd4a637f9dd9bf2b78185e3e396f2303b
IMG0002693.jpg,train,0,hand,0,691f950300e6d87ff1e1f9af62832a2d56ac01316536347ef4fdfd8de4fb7dca
IMG0002694.jpg,train,0,hand,0,15631b9c4f03fca8c5a09fac6f4dd1a8ea66c182c75d88f2969e3b095ef00b98
IMG0002696.jpg,train,0,hand,0,6cd98f3f0e5ded2425f9fdb0572e352a7ab952d5a0005f9270c86926bc08d64d
IMG0002697.jpg,train,0,hand,0,4aedd9b4ba07950db45e5df0399500c82dea311a93b658303947d30da4b449d8
IMG0002698.jpg,train,0,hand+shoulder+mixed,0,04a764076e595582475123a5996b762ab55847731bdb898a03e2730db0afac69
IMG0002699.jpg,train,0,shoulder,0,796d8a298e61490458d33d2fc4f9c704010cd461c23cc859ae9e5d08bfaebe26
IMG0002700.jpg,train,0,leg,0,e4d9b784baa1e6862a9cebf04a72a1ba1879183872a35d730298230092f6783d
IMG0002701.jpg,train,1,hip,1,55375fcb945f8604659293e802a4a55d86eefb13bc8a03c76347a32e2090c153
IMG0002702.jpg,train,0,leg,0,86a98897d0c7a0c39e757a9c9a8f930e3491b6695c0c896cb4e8b5f24a497777
IMG0002703.jpg,train,0,leg,0,cd6f02c9f5e6bb60048e407da7b55f872f8d1e9c2ebf919102c5edf2856c06ba
IMG0002704.jpg,train,1,leg,1,bf674a232c8823961d03fbc87de80e3a7c43ee61f3919fe8d293a6aba7fa82ae
IMG0002705.jpg,train,1,leg,1,ffd3b7625eff1964cefd66ba5c95624ffd09861f52fcb930736fd0766942598b
IMG0002706.jpg,train,0,leg,0,e0e6e6f7b234a903800600334290b90e7cb429628765dda95b19f032e210ce1e
IMG0002707.jpg,train,0,leg,0,619bd42920cb4f30d1077180e9a78efaeaa8e12764544f29fafb7770c8d1f849
IMG0002708.jpg,train,0,leg,0,fdbebbd0f707b4f55a23cb0206be782ddfc34074be8c208e32d200c2f723a52e
IMG0002709.jpg,train,0,leg,0,47e59a5f4bd7dd7afcf5a2c7e15fcb5ba980c5858622d3356ac42b02b1e2dcda
IMG0002710.jpg,train,0,leg,0,c73656d438922e2a0bb1a48497baaedc8ce80daf4f59b24d49c222547b077491
IMG0002711.jpg,train,0,leg,0,2780996fce4450ddfec005d63ef7cd59e655035491d5f47cf5affffd012a7cd4
IMG0002712.jpg,train,0,shoulder,0,a38042d38edbff4b06c89eec9ce63a7d129e9631af6d7d1249696ca9452a9865
IMG0002713.jpg,train,0,leg,0,a4f112495595c42a40e5da9bbecafaf0effdebc8a34da3e257e259c33aa8ca39
IMG0002719.jpg,train,0,leg,0,df3e4f78a687aa236e37f75785f242eb901c6fd585f2d3616e162886743e2e69
IMG0002721.jpg,train,0,leg,0,7c84c35db3f75bcc453ee518de6d7f78628333040505d67fab8be143f7976b9f
IMG0002722.jpg,train,0,leg,0,c0ca96a49c4c114d9988f06e38d921b5c951ade9d7e15b75a89e1d73fdc2b164
IMG0002723.jpg,train,0,leg,0,fc9a5b8bf530a11115a6749b489e56d8bc381072b442189659123faf26e150fa
IMG0002724.jpg,train,0,leg,0,fe87b4657f47306c58a98384c17a389682b98d34feba6361bf967db98bc8b0e9
IMG0002726.jpg,train,0,hand,0,08010f22b4af0dda1f344c69f177dd63ed97c0a5f8ad7d54c01774a56a2c3584
IMG0002727.jpg,train,0,hand,0,57c734f48e97e515f69b34321452d5dacc50ed4ef7cb4daae8974cb06959ebae
IMG0002728.jpg,train,0,leg,0,9c5c7287b6be50fd17ea0677f0659fd76c1c86adb8428479da9b32774c86cf4e
IMG0002729.jpg,train,0,leg,0,4c6635e4b0bdaf4f3c36eb93b2d3881b3cfc1429f482a60d15d3d0033ed0f3dc
IMG0002730.jpg,train,0,leg,0,fe94bae3631886c111f912d1d871ee0bc7e6f74b6121addddf2d2cc856716ea5
IMG0002731.jpg,train,1,leg,1,b8831b970505d4d5d6598c9143ea405c4e370e53f679d8ca2ea42f73a1f33fa1
IMG0002732.jpg,train,1,leg,1,c250119fda5e1bde61c2a5cd39526a4f216e8ca238486d7ccc01dcda98443ba3
IMG0002733.jpg,train,0,leg,0,1fb0c3ff75476b22d75e774cae439ce2e6b5f669d8f416c7655bc31bd5236fb5
IMG0002734.jpg,train,0,leg,0,756033b7db03a752fce6c5055390170b8c1c78e830afaf8e1a23cc35dec83071
IMG0002736.jpg,train,0,hand,0,8d3e3c3b6f1e0ff0bb4ca2e26c78523e5e0820cf0e8544201574a66ff608270c
IMG0002737.jpg,train,1,hand,1,617faabb29cf8703a10ea38bfead22652d1811c912230b9fa257eff254268b72
IMG0002738.jpg,train,1,hand,1,4e0af5e0912e78704acb3e1a3a7ca27868ffcc7ff5084366bd61800db7477d50
IMG0002739.jpg,train,0,leg,0,b915e6f6add950cbb11ab0fd8e7f981cd1d75c12b1fe745e7d527cdacbfbd9de
IMG0002741.jpg,train,0,hand,0,4bcb8f02eca297cfc58ae2a6694bdb06819fba84c236e19861c41381348b19aa
IMG0002743.jpg,train,0,hand,0,8605afa2b646c15a3da8960e38b48348776021679a159a97ec0a54445843bf0d
IMG0002744.jpg,train,0,hand,0,5e5e3ba8b53ad0c9fad04b4bc086b4e0fea986345316e001a4a97f4068a13dce
IMG0002745.jpg,train,1,hand,2,5ac2f964a3483fb3a32e1befaa549a99dbc4f5ff95dce2dd0e7f1726539108f4
IMG0002746.jpg,train,1,hand,2,d304328aef7fba84cfea28911c9a8076a4306d1d6515d835e54a61adcd2bc4ac
IMG0002747.jpg,train,0,leg,0,144ccd4c55156ca56d7e7bccd0ccf70bfcfaf982bf32107314cdbf7d87011ae5
IMG0002748.jpg,train,0,leg,0,5cb8c83f66606b5acdbead38ea47ae9c8156abe37dd2fb4b6177f8e62e3e4a4c
IMG0002749.jpg,train,1,leg+hip+mixed,1,580a6e6facf44f7e19a1b13dd11a23895b8210a55523197269f98970bc0c28c5
IMG0002750.jpg,train,1,leg+hip+mixed,1,7f084bee389667c6c364594709d1eb58ade2299c108f36f35f069ce842483bd7
IMG0002751.jpg,train,0,leg,0,ee34f5cd122d3fbd4cdfc353c2d89ff8c69cd5f8328ed34940cd27638cae545d
IMG0002753.jpg,train,0,leg,0,c9b983c2e87d1a2517000c5848e0420da1b0c3326dc2dd3a5183cce37fb786fe
IMG0002754.jpg,train,0,leg,0,b890a403bc23fa4b0aa81134309c7019d2009fc312b839db5ce23fd7de2a3b26
IMG0002755.jpg,train,0,leg,0,712a4d2eca2d38da3444345c372c8bc1052826410eaee2b9773be0f985380c7f
IMG0002756.jpg,train,0,leg,0,7f1c9e3dd495192b8e005b0db5b4d3593cbb0f6418aec5f04b74a809673adc33
IMG0002757.jpg,train,0,leg,0,1a5681fb7f0d1d19c291ccbce7cd8ff2b7b9401de4cab526d90a3a67bf0227bf
IMG0002758.jpg,train,0,leg,0,6ccf8c6dd17c1c9dc3a0534ef212b2e6ead1981a911115efb1698bc12779754b
IMG0002759.jpg,train,0,leg,0,175a6fe777f15e242f500632817199a58ba8e4c46916b52b690eda90feff7efa
IMG0002760.jpg,train,0,leg,0,96cd3ced5f17b6ee467b23cb46dd4a2d0bc363ec8ac93e971223e965a2086441
IMG0002762.jpg,train,0,hand,0,c94486f209eb1a5dfd14024df1f8fa078407062c18462560454a81c6fd49f7d5
IMG0002763.jpg,train,0,leg,0,b7de156f4b16e9ab0963cbd06412fbeba5e6469cb75ce25c61e31a5a6cf72a52
IMG0002764.jpg,train,0,hand,0,bbb9ec2f50ffb6a2b55fa3e719ef39f5b4e9dcdc9b083cd16b88bcff23365e88
IMG0002765.jpg,train,0,hand,0,018ad55340616a25d447b3e09d5aebd7bc1a760eccdabd1c89332f3c2fba8e68
IMG0002766.jpg,train,0,leg,0,cef5ad169162be721734e755d6385ee248e2ecdd1e76ea9313a0919e02e9131c
IMG0002767.jpg,train,0,leg,0,6c2ac0c638b506016b3aca815c60af92e67bcccc705633ee7c79b725c80869f1
IMG0002768.jpg,train,1,leg+hip+mixed,1,d53f964deb559c8e6d0f8869e0c4497baa7eda6f3e0063ef882516564f61aae5
IMG0002769.jpg,train,0,leg,0,c046300a1e6f233257326a7b5998223e4cbd58161f43c29b42ace0a0d28bedf4
IMG0002771.jpg,train,0,leg,0,63b8b6640cb12f39ef5486b1678ad18fc7e4fcf281df01fac0c5b9fe24a2a342
IMG0002772.jpg,train,0,leg,0,30de08e7a127a83dbd7aed72795f8bcc7de9297dcf7e814fc18281357195d797
IMG0002773.jpg,train,0,leg,0,9e9c5736d47544c5621c69d577eba028dfe4c59d481ba28c7dc91c75f4475a45
IMG0002775.jpg,train,0,leg,0,98b9be423879c047bee2fad8524bdd7f2c77dd1c0023376b7863f5fb161f2f54
IMG0002776.jpg,train,0,hand,0,2c808e5c557a1cb5b5192bfe4fa531c4a5a928131837f460b5b54fb0960e154b
IMG0002777.jpg,train,0,hand,0,f152f45ceb7bbca4062b28218e238dd415ea25bba5e91b4ef9fd4a203265cc52
IMG0002778.jpg,train,0,leg,0,0a3457a53952851f58678c44e84f82312822e544acbf4d485bd9119b0e84e7f7
IMG0002779.jpg,train,0,leg,0,dd07900cd2fe6876f4c797608f21a3c05864accf33b203cbfbb08ded79669110
IMG0002780.jpg,train,0,leg,0,946e81ed19fbb3d2fb26e66673cf671b0870d9e447b7121088e9e283668529e5
IMG0002781.jpg,train,0,leg,0,fc0ed338c1929e223acec8de2da30f3e137d722777a68b98148ba9a0b3351145
IMG0002782.jpg,train,0,leg,0,38b7f3ffd912f7c96080199e862e06af57e25314215ad28e53cc1289b6aa917e
IMG0002784.jpg,train,0,leg,0,49f04180e6102fb875cbd249de80416297bf43a728dd737be903242246685769
IMG0002785.jpg,train,0,leg,0,2d2dc0bef1b8ccf536a885d025c7c5e429914b29ab75c53486d9f1b808b28428
IMG0002786.jpg,train,0,leg,0,5f63e9d154de4c33291ad093c54e9365d0ac3fd48bf460f182ac0c3556134693
IMG0002787.jpg,train,0,leg,0,5e9cba1b0d619f7c1a09059cef08fab8c3298a5e36cc9667a27d0391fd758b1d
IMG0002788.jpg,train,0,leg,0,31291030a5306c1363db1d3bb04d14bb415e574e51f3f88683e256a4ff075d7b
IMG0002789.jpg,train,0,leg,0,41d6b165445291e7f6cd573f06358c1cc6d9e291e38b3f176ad488440b37f7ad
IMG0002790.jpg,train,1,leg,3,4f2d8d0bada6e865b1af29cbaba575e095cee19053066fea4dc14350b4074734
IMG0002791.jpg,train,1,leg,1,4323cfb867f4e758b67f048e59f4524324ef97a72e8617c31c6be01c31a211d2
IMG0002792.jpg,train,0,leg,0,26c203e235c6af767389f72d07e31c256d74cd77b4a382962cbf460395b1102f
IMG0002793.jpg,train,0,leg,0,13e920f73b38d9a9cf6422b42016cf4278e8cc372354f01bc5c0d0d173b19ab9
IMG0002794.jpg,train,0,leg,0,bdb19666052397727970d18e371a6d94aa384e1e580330e6a51e162215eb7e01
IMG0002795.jpg,train,0,leg,0,839bea1541486ad37002f9f015f7e7607f7df0fb91c8937c3b6f474e888ee4c9
IMG0002797.jpg,train,0,leg,0,55f50739fc80db6b4302aa3644c179651138763d29d7f9292b4228db40e8b58e
IMG0002798.jpg,train,0,leg,0,a10755bcee38c5d95f1f49ca12b5d6a643aed2dfe9f4db26f8d31de167602117
IMG0002799.jpg,train,0,leg,0,45d4ecf8220559012edfdb63bd99e5ed41f21226a3d00dbced06c1b166828d1a
IMG0002800.jpg,train,0,leg,0,494ecc3cdf7df7fb3e5e0371c83edbe8deffba1b162b17fa554bbae88ca04459
IMG0002801.jpg,train,0,leg,0,f42bf8f915785dfddcfbb7f98813f6cf6e32e7463a8cedefcc53e3ca3f0ea301
IMG0002804.jpg,train,0,leg,0,16366c7bec05d81efc70019ce18f209f5b91a8daf6a6758dba2a1c4f335704a1
IMG0002805.jpg,train,0,leg,0,22be77cde2c27bf35568d7cb6cdc15f64efc048aee3aa827cb2d7bfd52011b54
IMG0002806.jpg,train,0,leg,0,1d341e2666390246200c8239720697aadaa48e65e121873b4169519d365c9f29
IMG0002807.jpg,train,0,hand+shoulder+mixed,0,d3d98bc00a9e563e045cab424bd3a2673ce37adb0acbb52b0d0399cbc97f5660
IMG0002808.jpg,train,0,hand+shoulder+mixed,0,02e5f9d94078f0f9317a90ed3faa525b8de5c2f8794e96d3dc0021a1901ee9d2
IMG0002809.jpg,train,1,hand,1,41dbe5bced880117b428061d6087e9acbed5aefc67f09e5cb2b6fb28b96bb5c9
IMG0002810.jpg,train,1,hand,1,02d2b47e16e7b00ee0e4fe664368643372fe4cac8ce36674c529830e3e4b7db2
IMG0002811.jpg,train,0,leg,0,f4d549ca12e06a10e50939f7445166d13b2020bac035f144895815aeeae9ffba
IMG0002812.jpg,train,0,leg,0,7423df67ff16e62c1902b28bd94ed70ae7c431e9adf91043a84fc0e10bee2c11
IMG0002814.jpg,train,0,leg,0,09eda6926491313a232be1f73349f5acca4d897c39fc4fe3e427f67692d1eb4b
IMG0002815.jpg,train,0,leg,0,ad34535c39f59bb7173ea1a7bcd79fceb91fe1c01ad7964f135bb5a2473f7e74
IMG0002816.jpg,train,0,leg+hip+mixed,0,8d569c76f3cab9b95af23c1e2a59f7e3d4407f6799f6e7c434b153de992fae3f
IMG0002817.jpg,train,0,hip,0,9f35c06fac36fff9f62b72317e088fcfa32022dfc19a2192266c070e69db93a5
IMG0002818.jpg,train,0,hip,0,a0069fdf404ea063cbb244e12525f0e2860819b332a3e86e2c211b830a89c06d
IMG0002819.jpg,train,0,leg,0,47f8a36b0608746a177792b10c9df001529dc8495825d92b7ddf34bcd6075c4d
IMG0002820.jpg,train,0,leg,0,498db64b808aad1bbbf96c12879603601e68a6cb07a6b71561ef45322f1c05d9
IMG0002821.jpg,train,0,hand,0,bf03e12a37c0fdfc908dc7e9df660bae6fa9bd01750ca9158071e620284e53f4
IMG0002822.jpg,train,0,hand,0,7740e6feae316c880a1962b5f069b747b0297626bd9edae46946232cab2414a7
IMG0002823.jpg,train,0,leg,0,4a659cb7b2ef3d0543b86e55a1fc509a73d34381cc1b6b6d89a02de3e412422d
IMG0002824.jpg,train,0,leg,0,ced68f99aba029278ed148e95c3530d997e65ab3875efcce0d98a6278604b19d
IMG0002825.jpg,train,0,leg,0,e864ef2e72025c541fddbabc900dd64691dd1188ebf6e57a4aa8fe3082cb271b
IMG0002827.jpg,train,0,leg+hip+mixed,0,feea6a7495c0523b016f91a7014d6efbaa9b64a02e12ede8151509236b4d5db9
IMG0002829.jpg,train,0,leg,0,f3758148ee61c893f3481da79b9591ae6715757dbccd68c34b13a2ab55349d95
IMG0002830.jpg,train,0,leg,0,dbbe0256a25c7f22b3ae413ef840a7699753110b02eb0e6c85887259cb8159e4
IMG0002831.jpg,train,1,hand,2,0aa00eb858e51ecf8943deeb0ad10a812e9a981355981e565a0e20927f43a35e
IMG0002832.jpg,train,1,hand,1,444c77113818bc152aa06ce3762c8dc7df1d0f68a2067bc2a36e7c8e60f62a36
IMG0002833.jpg,train,1,hand,1,a3d06befdc86342db447f52b1feecf15867192b3f3f80efe3f79ba30af383d7f
IMG0002834.jpg,train,1,hand,1,cbc01ac60d0313ec531723c08e593477f887e5651d5f4e0037af5fa402b820cf
IMG0002835.jpg,train,0,hand,0,6076ff200e791e5e0bce8e141de975bba6f94a3f070dc3a59192b268a669d5d9
IMG0002836.jpg,train,0,hand,0,d7986c301b87b624870e3b328af666f884cfe87c0eb00cadba9f392af40a7cf6
IMG0002837.jpg,train,0,leg,0,0676bfacdca3d189671fe0ab0c1d5992f90b9e9d1189878e2bcc82143bfd907b
IMG0002838.jpg,train,0,leg,0,c2932d0735d11511549240415e1fb4e21b589659d40eacca5c5b6c348ccbca69
IMG0002840.jpg,train,1,leg,1,8d9eb661703d5998a6962d644f1640a3e09b133cf65257558eb5330d47b9cdfd
IMG0002842.jpg,train,0,leg,0,4291a03ab876614a36b4bd11bc4f8cd3102d4a70205064db05579d464e7987ee
IMG0002843.jpg,train,0,leg,0,237921ad766b6e9ba5da5d5b90665031a5c26439e95144898289db58f9087e1d
IMG0002845.jpg,train,0,leg,0,ebe7070fba50ae1ffa89c1ff7912c79cc69535e7779f5167fdb4bc6bda4b78c7
IMG0002846.jpg,train,1,leg,1,231edbf8fdab264ae2bf4e7198df4eee22633b9cece14f25f1622cc22e189d66
IMG0002847.jpg,train,1,leg,1,962973d0241eb54a7f819c174d7585a180470f89839fd9de59df24b2f6b2b1ab
IMG0002848.jpg,train,1,hand,1,24b482debd932061c1faa8c63f91d6c183b9c3f0bfab0ee2f432ef9b806aae70
IMG0002849.jpg,train,1,hand,1,829a798f15f910ddaf2ec81ba02e616b7c9f10551227de88f0de7c39a8a7f4e0
IMG0002851.jpg,train,0,leg,0,c073004b957e8f9b7e1f6c84527bbab4ff4627ca7b56177d420fd43b7e2b1408
IMG0002852.jpg,train,0,leg,0,1181c302e4504cc2177c972dc9718e9b920ba7a489b32325dd59d512e5f04f87
IMG0002853.jpg,train,0,leg,0,63ab08bc7f0a4fb532601fd316e57d60c7bad240c71b22ee6bb562b2e592dd09
IMG0002854.jpg,train,0,leg,0,f49aea98796fc259514e0a822b046a1d52b04f18ba317fa6a59bec95bc5087a7
IMG0002855.jpg,train,0,leg,0,ab3a79071d7aebfc20fd016d773a50dbb9d4a0c28b8bb211e57979a406b53402
IMG0002856.jpg,train,0,leg,0,8eb81b9cbac6a90dfc604e080b5ced7b6df8d07894f37b3669a8353be63e01be
IMG0002858.jpg,train,0,hand,0,2f4614d6ac537f9e72d35df0148a8e951d482d2cf9a41c718bd27f31df792457
IMG0002859.jpg,train,0,leg,0,f77e1a61c51f67afc607aae35633584238b3c15056029740ed873408de484017
IMG0002860.jpg,train,0,leg,0,2eb5963bcf70bc1f58d781b800b45ffa220a1e65b251d9cda49216dea2df8328
IMG0002861.jpg,train,0,leg,0,f8458c17c598342abbeda638152fadd4b94558ce6677c790090dda3719328216
IMG0002863.jpg,train,0,leg,0,5adbd735dc873955d1addff5b2c1bd268a34b6ef92b1507d3125bd16823c6637
IMG0002864.jpg,train,0,leg,0,c8c5a7a7d72c3c5178c54e002902599c44747fed0127675a9128a4bdc457ab83
IMG0002866.jpg,train,0,hand,0,03ba68eb5b36fe178218d75420eddc806401b63bb4535f4c33302767b08db398
IMG0002868.jpg,train,0,leg,0,15a9a414aec8dc3a5f0e84e02501829b92177c095a8d1e545575d4906e94a8eb
IMG0002869.jpg,train,0,leg,0,269383db9829d6b2a013b20cde710971dd312c1fb4430b1a28d8c870618a4ccf
IMG0002870.jpg,train,0,leg,0,2e256eb69f7c1096c78066bec6518761abcdb2fb79a924d5327e07b9de05b492
IMG0002871.jpg,train,0,leg,0,7fdd5b13772fbdd644297b6c08976fb17f0f804ae5327a0ccbb14dd8dd80d1d7
IMG0002873.jpg,train,0,leg,0,c072698e1d05893e18766b716d915b78794862c2f0a7d1299f93ac40bf2f77a6
IMG0002874.jpg,train,0,leg,0,868331fa7f4b77a8be914e26f911fba4ceddf8ece9c83e741262fe90d326b072
IMG0002875.jpg,train,0,hand,0,313cfa494ded4583b059ed97da754eaeb25d13ac263b34341840b71d0e555ba8
IMG0002876.jpg,train,0,hand,0,bb23af306735185284806e08f888486ba4caf1f47dec5a1be6e79710c31aba07
IMG0002878.jpg,train,0,leg,0,3421e6cd252af33914a295426918341362d0a5cbfafbed405ca05b1176cbecd0
IMG0002880.jpg,train,0,leg,0,cc955a65c7c133b6d0fcb52475bcc947c0cee4c8e5eb72e0f0385721c5008981
IMG0002881.jpg,train,0,hand,0,136c13f3a398820f7e65ee0703a5e4aa1796a4b417db10839eb161882bec7054
IMG0002883.jpg,train,0,hand,0,4affe8fddeeebbc1aca1f17b2af5aa1498382133ba9b256851bb6e8a0165659a
IMG0002884.jpg,train,0,hand,0,b9ba0847c158200819cfd18f07470f5b4b9754a148478d8fe48697e0fa1f579c
IMG0002885.jpg,train,1,hand,1,21bd28d7944897b96c393fa86b1b16a38b2468f0744de78b353613b74f2cbd77
IMG0002886.jpg,train,1,hand,1,0bdc38ebe1771b2c2a9fcd3af8867acbc5ef7f246cc3e5bea847586e94a2faf6
IMG0002887.jpg,train,0,leg,0,83d564d4ac76ad77047d8368894a35954f0b34ae42bdeef80c25f28248a99261
IMG0002888.jpg,train,0,leg,0,60051993ac3a49cd9a5e233e8ba897a4612a80d7ac1918a516ac280cd3ff0680
IMG0002889.jpg,train,0,leg,0,63bbb723fae0740e7e45909c7953dd6c91eecc5eb7c995c170e2168f01d1f936
IMG0002890.jpg,train,0,leg,0,2cbeb655b224ef92669a55e12aa2c66daaf3ec8edf875c6c17fae639134e5154
IMG0002891.jpg,train,0,leg,0,0b7e108a469b9bd7003a2bb5ba029029d9a6d2418f3ec86835d6524a78e864dd
IMG0002892.jpg,train,0,leg,0,2a5c62bbdb7a44a67479dbb80c888251e1ad8481a6db045ef0aaa1f50890b730
IMG0002893.jpg,train,0,leg,0,c6521777d309227229afa3eb29e25b6c52a87199a1793a7bd7e4ee9b34865b97
IMG0002894.jpg,train,0,leg,0,8593f2dcb4c57dbb8149837bcdaa7e027367fade5cbed8e7ebfbfd5319c9ae4c
IMG0002895.jpg,train,0,leg,0,73713eb087d364c9a71c4a4096cd105a87a7ee13c884abc364abb90a272c72cc
IMG0002896.jpg,train,0,leg,0,1026b3744791de49752bd2109f706b9c819ad587e8c8cfb395fb63eac5d363e0
IMG0002897.jpg,train,0,hand,0,6ff3893eeab81cb646fbb3f413cf5a832c38e6ce77abe754c60643717d9e5392
IMG0002898.jpg,train,0,leg,0,d9004fd2bf01fc1892e218b264bbd738ee7975084d3cf106e68304ac2ea4c8f4
IMG0002900.jpg,train,0,leg,0,c7c8e8185066d09e1ac7e902a9cc8c77badb569f5d979e5ce1c5cb2e51bdd6d1
IMG0002901.jpg,train,0,leg,0,5e10da6da5e8f119def4eec59ae1d57d6042af2ad203bd25aa0b0cdbd23f6fdd
IMG0002902.jpg,train,0,leg,0,ab36ec3612b9e7613bf94d07dd7108330606454004bc3f41bf86ad067906ad9b
IMG0002903.jpg,train,0,leg,0,806c3fff11c3e845388ec901be7a45f413d23d0a9dc113fab3469a5de70e2930
IMG0002904.jpg,train,1,hand,1,2e547712bf8e6edcc79c067723a418d52a265b382260a14bbd493d5528d633c1
IMG0002905.jpg,train,1,hand,1,5c3b42acaac4a1daed7837f0d6bcd061a70e33213e94c9e1d5cd8b26f236a4d4
IMG0002906.jpg,train,0,leg,0,c2c63642eb5fe69cda021ff410e7dfa1d48c18865f29ac4dd07197a94c2f4a09
IMG0002908.jpg,train,0,hand+shoulder+mixed,0,2fa09996b7c607f951dc62141872d250a28b29ace910a33ed9c96b32a02a500d
IMG0002910.jpg,train,0,leg,0,686d9e256249ae70a3c403641569ab21ed5d855848740c5ad6cd1511b544bd2e
IMG0002911.jpg,train,0,leg,0,7ce3369ea184bec9e110d19389f9172544af57f255fc48859d8c59f0be66e1db
IMG0002912.jpg,train,0,hand+shoulder+mixed,0,3c145398c3e51b79e342ef97ec063323f75a7ba9be9d26fafb67a44ed618deb8
IMG0002913.jpg,train,0,hand+shoulder+mixed,0,fd363f243964515d8a3a3f7a6f9d0a74552acc103ffd4a9d652ea0c5b6dbb574
IMG0002914.jpg,train,0,leg,0,295f3a67026a98ede309b24af202cf0e489e4a25d0ea14a226fcba2c30a9de00
IMG0002916.jpg,train,0,hand,0,39f02e0665f6eb02a858f3c7c97f9c4528f1921094bf2d68210020d20c76063a
IMG0002917.jpg,train,0,hand,0,5a12b0ebbf15a250eee9367af54613246591022d558dc6aed0fe6ea4ba833ba1
IMG0002919.jpg,train,0,hand,0,ea228c0b1d3104e7d8a7c0dd24e16a5bfaa16ce44d307878249bb2e0258ed503
IMG0002921.jpg,train,0,leg,0,9e4b88a6630193e2615ffdce8c78dd9bb07f7637ae599edf7ac8bf0e7de8c94d
IMG0002923.jpg,train,0,leg,0,1a77446f7a39663e404359226aa931a749b67b4f725e46ed631bd9e40a164380
IMG0002924.jpg,train,0,leg,0,88a5a777cb7ea3ad86a04196c29322ba9c25c0e929dd427867b5a6ee2df6bc21
IMG0002925.jpg,train,0,leg,0,e3af464f65f68818a99754a01590e0b6081a1ec2a3ec92ac0c7f4ce85c2e5ffa
IMG0002926.jpg,train,0,leg,0,50473dace2b50a084b51121510b83f6236dd806c2cd2a6945780f7919b37189b
IMG0002928.jpg,train,0,leg,0,f517f77f85e691db49a308709289972def945a246628bd12cd98f5df14fb4fb4
IMG0002930.jpg,train,0,leg,0,a1e6b53260f275140c7362e24409ac3908db8b2eb7c7e4e280b69bfc4794f9bc
IMG0002931.jpg,train,0,leg,0,0bf1e12ed4172cb275eda27d11a40b02f57193f40773cf1e33e996917837748b
IMG0002932.jpg,train,0,leg,0,cdc67df5b4ad466771e5f146de3774f891f52ace225dd95e3b7555239fb65be8
IMG0002933.jpg,train,0,leg,0,e654e7d38cfbefefc49d75b71465957853da3029fbad530956e2293dd4154f76
IMG0002934.jpg,train,1,hand,1,bcfad4d6483a6b21875e608fbd4329f95ead236e0a794008095281652ca90d14
IMG0002935.jpg,train,1,hand,1,d6eb54b922a65c759d5cc3babe2f22699cb6b91adcd011323c1fa9c149291889
IMG0002936.jpg,train,0,leg,0,1ade1b1a2669b9cdc221a1867ebcb2853bbda156ee02dec2cbce9c3239f74500
IMG0002937.jpg,train,0,leg,0,36c1626c891fa125fa1143a3a0f07337d764bad56d9d5d787719f0788be4ec51
IMG0002938.jpg,train,0,hand,0,fb7b3ceee8f931ee43451ddcbec1b03019e172f4a21d9a3a6a1da29a29ed0aee
IMG0002939.jpg,train,0,hand,0,fbb2c82bf53034340bd8e3e79a193358d85a33070bbe1eeb84d7718a1a1676fd
IMG0002940.jpg,train,0,hand,0,4fa491dc0d258f7a085f865db1679b6b703c8ec511580f0ba23d898b874316f8
IMG0002942.jpg,train,0,leg,0,7244314ce479288de3b4d7e29256047b16fb68177ebeae79f41fc5572b5b8b09
IMG0002943.jpg,train,0,leg,0,b287e6fec611fac5c976e83068520f2a8fe4432a068794da74b51c40ce195976
IMG0002944.jpg,train,0,leg,0,4ad698ef68a2b06e57da6c299391f5a16aeea5c01e2808fb36b2e8abb5221da9
IMG0002945.jpg,train,1,leg,1,5f8b4c6ad249f869f7cc05d5a7e33d86eb9cd4986b25664427f0c1c176dc4e72
IMG0002946.jpg,train,1,leg,1,5c909210d206dedd15d4221ae98ccafff8ab217c4dc445cbf45f982e653372ed
IMG0002947.jpg,train,0,hand,0,d14823f6a70f63556423f7e0fd725142098beed1a4603591620fa1b71457a520
IMG0002948.jpg,train,0,hand,0,40c63e23049db5df5cb50533be6833d01ead612508e4981cbf361cb83394db09
IMG0002949.jpg,train,0,hand,0,6fb6d26a98c07718fba71c9a9f3961ee5555c544149b7b14d8203aa84c97b9b3
IMG0002950.jpg,train,0,hand,0,383668aa8af2b3b0ab77b134ea085cc34d911cec05ee7bd2463820d82d63d689
IMG0002954.jpg,train,0,leg,0,72c43e5691b22fa4c45873c5058e0fff8f81c518514a17cfa917774358bca0d2
IMG0002956.jpg,train,0,hand,0,d9c4321c4e73c5d93b07c40b78068673b18d57e8c646303dec42b83e34429074
IMG0002957.jpg,train,0,leg,0,c18d6cc1721106534b94613bedb29993b076badbbd7e1eac17e822869f238f13
IMG0002958.jpg,train,0,leg,0,f3837da5e9c95cab105a40896b2db6b7efc40a59cb604218bdbbd872ffb7c33f
IMG0002959.jpg,train,0,leg,0,8ef3cecc1d7315f01bac13967a46c0fa36d631c3f0f28a1b8603ec6468d52d41
IMG0002960.jpg,train,0,leg,0,8dce34cddd7dcdb20edb2222eb63267dde143625e392d8fc3597748d6688cb7f
IMG0002961.jpg,train,0,hand,0,9ced05e866adb2c9f045bc4df89ad1f33c4f9b2cd87d3f03c92360daeae0d4fa
IMG0002962.jpg,train,0,hand,0,05829be3ab99ea6753332d606c37967643a272a7fd95ff41e7934f0439277fb2
IMG0002963.jpg,train,0,leg,0,4abda03a1be7f24b60f3daaf384d2f837fd4c0d5797f8db4e9ec842a7c0c1038
IMG0002964.jpg,train,0,leg,0,67e2b6ddeb7e06d6b21e8644ad7a18f629cfea47f609fc7b7732cb7044d9be78
IMG0002965.jpg,train,0,hand+shoulder+mixed,0,dc60defbd1df00c93ead60d64b949e46c58a46251046c7d2b8c984f7a195c2cc
IMG0002966.jpg,train,0,hand,0,4307bff516328c25049ddda8d9f4a26d0226fd4061f53cf28216f31d901bcebf
IMG0002967.jpg,train,0,hand,0,73df83d4c35ef8b9baa2258dadab58398c60653cc5ce8664ab358278cb0a9fb9
IMG0002968.jpg,train,0,leg,0,1fcaeacba67f3a39fef447d667878a7e4c71e32a1fe1664b1adc55d7a2baa2b4
IMG0002969.jpg,train,0,leg,0,a5b2a3293591d35e686098d58380394530b2f8e8b0bf62a6e31490322baecf11
IMG0002970.jpg,train,1,leg,1,cba218f0a9b9e4bf1bf0a92f3fa62ce9c8d65af4df79ac6bd9d538c1249c01cd
IMG0002971.jpg,train,1,leg,1,b4f344e09126969e5edd8165b47bc747d32724f91a9cd1ce7ea805044341fac0
IMG0002972.jpg,train,0,leg,0,7c04dfc50f08be1d88a47336ef5b9f37988c2de5647207eca623f58396e07075
IMG0002973.jpg,train,0,leg,0,72d709e8ba505dd586703ad0b4d18c34bcba66a167d107be98360ca32fc1388c
IMG0002974.jpg,train,0,hand+shoulder+mixed,0,11426c9184b6403b94a5e174174213fd2ab9a5bcdb3a789342c9ace921d8f44c
IMG0002975.jpg,train,0,leg,0,532e4270f79db36e4407c88c7e17c05edb5f90e6cfb6356a93c0b435163d2960
IMG0002976.jpg,train,0,leg,0,813ba27067f03bd7cfbafb79556f94fc9b8949b02eedede243ae78999d30f2cd
IMG0002977.jpg,train,0,leg,0,8f4724eb0c175d9971449f575ca1f5580af8e2a99c505692ca819173b2454557
IMG0002979.jpg,train,1,hand,1,db823fa118b8558222cd134331eab0fa22029d70fca64524e076621cd7fc4e4d
IMG0002980.jpg,train,1,hand,1,3f1a4c58a40c77596c6cc28d3e5ad768faf996c8ba4a12e38351f8c06d3a5e83
IMG0002981.jpg,train,0,hand+shoulder+mixed,0,c32a73ed01a6498395ac7ad7ece47a3c24a047e261711e3784af6489aaa2098b
IMG0002983.jpg,train,0,leg,0,38e526b2b5023dfa47ae124a9447a8a6236216af8cb0ebf3b04f65f2a3a38006
IMG0002984.jpg,train,0,leg,0,f1d7ff0de5c551a535b8780fb6e679552488674061ad6c090ed519942842f414
IMG0002985.jpg,train,0,leg,0,22ad402cbc46fdfa9a44543a8a7d13b2a540131dd306946c3c7ffdb5f427d15d
IMG0002987.jpg,train,1,hand+shoulder+mixed,1,b100e80e6e27545d5d7f13ddbe954fe69faa254ade1cce37904060c1a5ade0bd
IMG0002988.jpg,train,0,hand,0,6d591bf7f07494e61bdf9ec514536324e6e762b788fa6cc448a5fb0bf3d1626f
IMG0002989.jpg,train,0,leg,0,b95c5c8ae37f13663fc865ade3cc4d8a15feb932a53a9adb417334ea42ff7d6d
IMG0002990.jpg,train,0,leg,0,7f73498abda1a4fe69bfa72abd6eb1337a2a9713092f2e8fd9266aea58c8faa3
IMG0002991.jpg,train,0,leg+hip+mixed,0,c490e22915f0d736a000906ba0dd4386d0450cd891848f00a8ffb21aad907dd9
IMG0002992.jpg,train,0,leg,0,3de1337d73c0404a336a23b3173ec83c9c8b8b48118b784d3f929eb0c46e23af
IMG0002993.jpg,train,0,leg,0,05207bc66456acebf06432fb33cc18c74ede1b118e6eca13e69bf075675ba852
IMG0002997.jpg,train,0,leg,0,fcbfa13e9be4d633741fd8ef7deede4e14560f1032d470689a84c0ab19a998f6
IMG0002998.jpg,train,1,hand,1,dea70647e5e300be70174a0f5b86a82e2dede69e70745e3519b870c8e5662f6b
IMG0002999.jpg,train,1,hand,1,d3ae6354077dbfcde5d4b1b051c3a5b52008077f62d5369241c349ca8e47033d
IMG0003000.jpg,train,1,hand+shoulder+mixed,1,6395f4b0223c32186053933aad20d6a29c2f600a09c20c82174878ecafbc38b4
IMG0003001.jpg,train,1,hand+shoulder+mixed,1,f1411652807a01030a63db9f83c0ce4261a255da04bf9347001f10c50b3fad3f
IMG0003002.jpg,train,0,hand,0,cec9ed5c4456c693642b33be575287b09d5facc0f5e0290759ec9761d4bb21e9
IMG0003003.jpg,train,0,hand,0,1b9ff142d55ccc16d76f9bd5ec2aaa40d0001c3e1f058e9663839ee61de16b10
IMG0003005.jpg,train,0,leg,0,ad5c1e52eefb55203711d05b658e0d915f5011b31afe432f0807ea8cee3e2fa8
IMG0003007.jpg,train,0,hand+shoulder+mixed,0,540c8bc8077f6a749302e94dd1e4e1b248293692c84136c5e08f4a667f577757
IMG0003009.jpg,train,0,leg,0,3240ed2973a58a1b09bbe745c50bdd337c17eb2908391cafb15ba39e5d74dbba
IMG0003010.jpg,train,0,leg,0,9e3858daf8ec9f7523155497a8a6321085893c39c9eda64ece696001979c68e4
IMG0003012.jpg,train,0,hand,0,42161dc90dafc9cf35e7d0e2a27c99455b0b1a2c7d7d68da5c27db3f1321db7e
IMG0003013.jpg,train,0,leg,0,c5ed94a3376b3f1532fb4f91e567fd94a2ff77de2c65913cfe7bde71503941c5
IMG0003015.jpg,train,0,leg,0,7e385cd42466740f45a99c938f084737861494a65969e7a201adfc4eaa1173ae
IMG0003016.jpg,train,0,leg,0,df4525b4d71552cb002b76799755d49f40332cbb6bf3ac28b1d23dad214af52b
IMG0003017.jpg,train,0,leg,0,c95eb9c6c0b796935e63579e447916f2f1150641a97ef297d9543ed2b933207d
IMG0003018.jpg,train,0,leg,0,5fb6131cd1d9bc03ae1cf85cc9681e7db2238a9e1d7277a6d6e9e08b57a8cab8
IMG0003020.jpg,train,1,leg,1,1949198a8b638febf4ead63004a3ca628548c96e86cb1986f1fdfb795488bd86
IMG0003021.jpg,train,1,leg,1,cfae7c47567d58faf452c5ad3c022b1826368a55ccc5c89a0be0e27c98f60ab9
IMG0003022.jpg,train,0,hand+shoulder+mixed,0,135e3d270327040d10dfbd610ad9f6f492b6071ba5c7bfdb6e1b94d2797e0cae
IMG0003023.jpg,train,0,shoulder,0,f625939d149f481f0fed388d4c47848e3ec78d5955d551db884d88f754c81998
IMG0003025.jpg,train,0,leg,0,99ae6535d4afde576ea6bd35cbfc571eb0551eb50150ec81c5859d504717ae45
IMG0003026.jpg,train,0,leg,0,1465961d9018e4840e6624edf798a5e8b633f3e23b29a25ebe896326560a38b7
IMG0003028.jpg,train,0,leg,0,ab88facb83cc7aab447a831f36c7b38ee7757746f0181ad67acbab0a9aa26320
IMG0003029.jpg,train,0,leg,0,e6ca4df72dc3952e76ced1b1f184812f4aea0b006fb464cdc8860ecf5856540a
IMG0003030.jpg,train,0,leg,0,a599cc51757c1aea0d417359507ffc9fff802386b537e7627def9eb920ba55da
IMG0003033.jpg,train,0,leg,0,4a3637ab26fac1bf82da38e22d29c5314285a2460cfbd083750d3865e589aac8
IMG0003034.jpg,train,1,hand,1,6b2e84677367bf23a37c9102e212048f6bca93dff4a04519437cf626983eabf3
IMG0003035.jpg,train,1,hand+shoulder+mixed,1,30576a011759642421e21bf36d35c4dc6b6d75d72093908a3b0e3289abf9fe28
IMG0003036.jpg,train,0,leg,0,2c4f824e5e3fad341b20e103ab95aa2bb58120546d99759e5e4ef5438055da04
IMG0003037.jpg,train,0,leg,0,0a9fa3d43f1caad8a46a5afa586c7615e4f7a4ea9af281c35ce00c9c4a5e54c1
IMG0003038.jpg,train,0,leg,0,e0f329632ba59bfb16a82d9c4b59e9a78b2b876bf958a6c3ab25986a675c4db8
IMG0003039.jpg,train,0,leg,0,fa14dc31f31a83fd01a5b5bdb825c543b90acd4b7e9c2a913f04e729680cd92b
IMG0003040.jpg,train,0,hand,0,f67af2c34993dbc6b2ac53ebf102776f3ae9270cfc3d1b7f406eb1b24f52afe5
IMG0003041.jpg,train,0,hand,0,3b437f8c6f2b15c10307377c3e78f4b87ae0b50846b657ffba5409cfb22138be
IMG0003042.jpg,train,0,leg,0,be87e815f533062e9e5c9e56530349c163fb23fa7bece5d6bf91f789b449588e
IMG0003044.jpg,train,0,leg,0,e3f414fa9f3b03ddb3c4d032276de4b67885d72b3d4917406557910a28a08c8e
IMG0003045.jpg,train,0,hand,0,87425a67802eb43713cb9cc68f6683b13a0256bb124d9894b521869e23ec62d0
IMG0003046.jpg,train,0,hand,0,155fa9453665803be2b4a8827877fa002fea2afd01b34739e44b5e9573062da0
IMG0003047.jpg,train,0,hand,0,d0cdbbb97f49d05cf9af02c4a13147fae2b0a3bad68d32c29be73b17151598ff
IMG0003048.jpg,train,0,hand,0,838bbc385327d542c8084365c086ef588eebc26cb2a584f2b3794309c1461972
IMG0003049.jpg,train,0,leg,0,7bbbbed6636cadf6ca852a3de60c2a6b3975b274229d66ec5a6ac7f8ef99c3e4
IMG0003050.jpg,train,0,leg,0,30251891f2e7dc0a0f57fd7ecc22c898b58525f6e275c642309eb3eedb8f9942
IMG0003051.jpg,train,0,leg,0,e0ba596f0999c07535ce65397cbd3f2c37ed98c0922265a806197d2103fe43ac
IMG0003052.jpg,train,0,hand,0,b0d5dd99c6d8f96d3c2d778bade09707a021f47824d51fdac70b56a800a70821
IMG0003053.jpg,train,0,hand,0,e7923842e9efacb645e4614ed4036222b87cabd6833e59c290f2171265cf1513
IMG0003054.jpg,train,0,leg,0,297b73edd4a690fdaf55a4d7465181eab74b590f24ec4fdca9ea4aa0485d11ee
IMG0003055.jpg,train,0,leg,0,ab87f0e19d6fd559c71609a6237e7dbcbd4db719565877542da7db0e27e6b156
IMG0003056.jpg,train,0,leg,0,010a806bd4450b79419c1647972d8e621d32ac45f94a39d3b17714ca85495726
IMG0003058.jpg,train,0,leg,0,64af24e6b2b2500f2aa5695105eed7550847b1ceff815a53bccdf4f16d1a0e69
IMG0003061.jpg,train,0,hand,0,c38988d9da54496d7ab4830d75e120b98189d459438dc1b50668804889fa6266
IMG0003062.jpg,train,0,hand,0,b86a137619ec6209902e4394dee6a5f4997a9f406f356fd83add4602b00fb733
IMG0003063.jpg,train,0,hand,0,00a368e5d477cc10f3c691963539d5fa228cc61b30c03d2cb38bcf27fab1bcfe
IMG0003064.jpg,train,0,hand,0,80083644e469c2effc1ba03a3d32d1c593b09940bae87974fa407db0fcb6d54f
IMG0003065.jpg,train,0,hand,0,935447f4a4730e75d5ebfed16e304b0d29e0a6c818054162a4449aa64ed3697f
IMG0003066.jpg,train,0,hand,0,b960c9e25747ffbd344087f5c55bb23f1544e1e04ecf0ce54087f98580658ba7
IMG0003067.jpg,train,0,hand,0,8f1b48aae712ebeaa0b6b79da297d2dd31b442997983595ae928571d624b240a
IMG0003068.jpg,train,0,hand,0,8b8eaaf3594a4242e04dfeafeefe97338d528312b3d4f39c2b79052af091c7f7
IMG0003069.jpg,train,0,hand,0,4b2bbc18b388a437ae570f2e5318dba2c9f6492cd2f8e1b98efa70cb2c65590d
IMG0003070.jpg,train,1,hand,1,df2cdcbc57adb520632a4beef429545f53e11d5917139d426c2c0efff718bc2d
IMG0003074.jpg,train,0,leg,0,c72d3435ef98db489c43019fdf11b57f6ddd4e27a804034e4b472cd67337572f
IMG0003075.jpg,train,0,hand,0,cff1742ba9fe244b5b9fefb3bd5cd76fbd4d17a8c9d8f68a77f5ad0de03da049
IMG0003076.jpg,train,0,hand,0,a33fb034961b28fcde0b05b31f02574022849653cf9eb6f5408faeac8e883365
IMG0003077.jpg,train,1,leg,1,9c999e71cbbbb62c58ccfc75b35c28d793be26178edb70001cf8bbbd4d9c863b
IMG0003079.jpg,train,0,hand,0,1a5b9c5fb2a0a5aa4201ffeee75f0f57470613a0cb2e12009057d985be8235ea
IMG0003080.jpg,train,0,hand,0,2a8759b597f9d1f9b6f13af6265863c658982d04f9e0e04490b1fa0d8891dbdc
IMG0003082.jpg,train,0,leg,0,39f3b80a46d30fb624b3594bbf8c9a46eb349e589f4ff7ebee1a19d17378bf2f
IMG0003084.jpg,train,0,leg,0,c6f9d1532fb5165a4d1a345eb01ea74aa08363fa98699c0756df53097d4ca8ca
IMG0003085.jpg,train,0,leg,0,498c834098af5eb140cfd7709a2f69d75c40b763923d1690292129cf6dc96b92
IMG0003086.jpg,train,0,leg,0,c5348dc0b715d94ba2df082d7ad907db9fe163ed5fe6a7c83da38778e01b2fde
IMG0003087.jpg,train,0,leg,0,c638eabab3eb7ba77745ad1a257071e4b47f95640f1695cd90d7a4224726e9df
IMG0003088.jpg,train,0,hand,0,3a186f5607f6f17f71b62d5f1f7a9271fbcc8b99192806ffabdfd74d44495996
IMG0003089.jpg,train,0,hand,0,14639395b91cb8a986125ca7b890b8302048a47a4cc5c5a9ae7dc53703a12a3e
IMG0003090.jpg,train,0,hand,0,015ac16ce32654f9c152546795dd6bef197df4ee4a63896384b1d27fd11ac9ed
IMG0003091.jpg,train,0,leg,0,b27fcd76c10023e5c5497f97ccecc5595ac972ada5b4477254a6588d0a75d438
IMG0003093.jpg,train,1,hand,2,02fefd060c825e53bfb16da1d9bf54a3f1345a0971c101aaf8e46032b1018e8a
IMG0003094.jpg,train,1,hand,1,cbba2d30b9cd6276ebd81ac5ac55609622cba031cf6d75146ae213894fbd544a
IMG0003096.jpg,train,0,hand+leg+mixed,0,b18df4e415c0d53acd64acf0396a3cb3a77347c7dd6d351ba123e76c40d60ae8
IMG0003097.jpg,train,0,hand,0,7ab25ff4f9441d976dcbbc23d2fb37f14593434ef772023daa5b3e1e5aaba3b0
IMG0003098.jpg,train,0,hand,0,4ec6cacefda3048ca2d0314b5d766c8bd469bd81d515099110e595f5eaea99f1
IMG0003099.jpg,train,0,leg,0,02d99da2f7cc01be399362c9b9a7eca409af11d4e643aacf42a1083a80baaa3c
IMG0003100.jpg,train,0,leg,0,d9073707b91e7277aad0dda12e305895ec7cf678911df36b7bb4ed32cbc3f6e4
IMG0003101.jpg,train,1,hand,1,02dea9b258db22a9acfbae5c6a2a89aea8854d1cedb99f7ee233ca8142328f4d
IMG0003102.jpg,train,1,hand,1,adfa5dd45171b53b09de2ec37a04f17ff44520771b2a641090608b0335ea82e7
IMG0003103.jpg,train,0,hand,0,85b1e0bad39b2950f68264111c0084399579fe3013f78e19964a836c0e7eab0f
IMG0003104.jpg,train,0,hand,0,b710128bee45da4eab2c2ec5d67db49d14830f41b0092afd4e6d370e3355c8d8
IMG0003106.jpg,train,0,leg,0,3a1961922276ce64bbc4f36e19ec155b7640bc26f3aef290305b5f9a345e48f8
IMG0003107.jpg,train,0,leg,0,a91d8dd58cb515acdc3142e9625c50c595b7b15f7b4550ebcad623fdf6a8772b
IMG0003108.jpg,train,0,leg,0,0794616f5de0632fbc5892b93763ba2e27177b00adb4dd4faf70ac2d04865b50
IMG0003109.jpg,train,0,hand,0,f8780da752776cd059252ea68b07da54ae1e7f3253ae81c54609e6f8e883dfc8
IMG0003111.jpg,train,1,hand,1,a69857c4070391e6975bc24187d84ca19575ccee2b01ee9c601eed89797423aa
IMG0003112.jpg,train,1,hand,1,f7ea261948914d9186e577b64dfd15186dbbd65ce019abadfd87063b8d631706
IMG0003114.jpg,train,0,hand,0,c83805ca56a18293fde19d38457b3c14f07a94d61a5d4109be8c2eb403086358
IMG0003115.jpg,train,0,leg,0,76f955eeb5bde87d165f198d54bb51a667a7c0cdf1a12b7a77f8e2590982d5a3
IMG0003118.jpg,train,0,leg,0,83652067451cb39488c2e81afe42ede25c6950a013104c0bbfff07e2ba01dd9b
IMG0003119.jpg,train,0,leg,0,8530fed675753eb05c8ba0e345d0a77519cda6d6fad36b6d7cdec68c9353531f
IMG0003120.jpg,train,0,hand,0,0cdf0e7f42c35fa5d1e65ef2cd20e9d739c02caca00cf3f90bd2e06c3c3a0f22
IMG0003121.jpg,train,1,hand,1,1c3316fe5f7ac8167c2d5c5ab7faceeecf517df58cb2cc1a48bd1e3e1705d7ea
IMG0003122.jpg,train,0,leg,0,b869ad093eac219dcd36a482d36a842faa048a34262ecfdb68443d9aa54762b7
IMG0003123.jpg,train,0,leg,0,a59d4f39b50d65708bd297b6db96acb3ad664c736b98544210084c865a56910a
IMG0003124.jpg,train,0,hand,0,becba044e06dc4af26e11e62a265b12dcb93ed66f926f45d9bf410d1b4656150
IMG0003126.jpg,train,0,hand,0,914631634509c6359332c08b3477870f83b30a1d42b62d5413faa39f8821ca4a
IMG0003127.jpg,train,0,hand,0,b55d1f63c75ba024453c439ccb71210c444ec7f1947e08e2982a1e10e953b0dd
IMG0003128.jpg,train,0,leg+hip+mixed,0,cb32289682bf956597e912b9c1874e7bb3d23f1b8a32f69ee34535dd94a83b66
IMG0003129.jpg,train,0,leg+hip+mixed,0,a5b1a95ab01b8fab64dec0c77e6b3297d82a856da46d802210a34e7f23288f02
IMG0003130.jpg,train,1,leg,1,9a66f6b95a279757badbb1151d6a344b552c95a4565d45b3745cc78b5375ac24
IMG0003131.jpg,train,1,leg,1,fbf50718fa434e9ba6a5febd33ec5db48dda99b5c154cf6638922fafcb1c95ee
IMG0003132.jpg,train,1,leg,1,b072f4a9a44960329acccf0b317b3735828b1a8b8e32fac65195d3399af39559
IMG0003133.jpg,train,0,hand,0,4edac1f34a8a874f877773838876767c535d1410d2eb9c53eec6966e6eb15039
IMG0003135.jpg,train,0,hand,0,447722ec5e8c36329e1d4cdf1de5be00a52c2e522cbf0dc76a581a802fe90ef7
IMG0003136.jpg,train,0,hand,0,d784445991f370feaa19f99f50cca2f19179d460dffd8ec6d2d76b64f0e1562a
IMG0003137.jpg,train,0,leg,0,c6c7e5aee94dcf8550dc034a69b55bac83883231b8926d2eaaedfc6858b38877
IMG0003138.jpg,train,0,leg,0,947e2d828a3c6a107944efb45009f67940e7ac33d70bd5346ddd17895ab68c83
IMG0003139.jpg,train,0,leg,0,de24609236ba2fc66284c4e91aaa8ba21188732691a67ca9a5f67a523192b709
IMG0003140.jpg,train,0,leg,0,db114e5554ee161f7d8b3b8bd9c05d18ab020af6ef22c5cba90f06cc7622c793
IMG0003141.jpg,train,0,leg,0,ba0cb5759358f0b44e13dde81bcffd509da94a67e06f547fe8579668c2a8b997
IMG0003143.jpg,train,0,leg,0,4edca90cea5c60282841d72721b323687d71f34cb53849c557963a0908bfcbc0
IMG0003144.jpg,train,0,leg+hip+mixed,0,8aa96978d60d64c4d1d922eb3d8b978209d7f18a7923f3b4aad39acb8cfc5d41
IMG0003145.jpg,train,0,leg+hip+mixed,0,6bc740e157426cf9f505a720c370e80d2487455e6d25e7ab6a4423d5c0cbeeae
IMG0003146.jpg,train,1,leg,1,76a9de4bbf5bc9e064fe21035b43995c5396e6a49d89203674bde48337f081e9
IMG0003147.jpg,train,1,leg,1,8d75c082fd93a5ee654a7667460c35110dea12caeae4d5ffc027e8fce27105ce
IMG0003148.jpg,train,0,hand+shoulder+mixed,0,90d6a431b33af51c26961d3550f5233efc2ae2c705724fbb3aa625d41b8e5606
IMG0003149.jpg,train,0,hand+shoulder+mixed,0,ce255070792ac0e66d8aee56a83b2f62d8e23fc0dd3c44bbf288ff5124a05351
IMG0003150.jpg,train,0,hand,0,5c026460e5ba4262a0fc4ac54f9847ba8c7630a60728fba0286a1a4503a3c2c2
IMG0003151.jpg,train,0,leg,0,a295041651967eabe93558746de33c3a0c0ebda845908ec258991b0063f04349
IMG0003152.jpg,train,0,leg,0,be4ad5585c3057eb97b6b699ef16e1c620a6378e442891b93140ebd06669c0a3
IMG0003154.jpg,train,0,leg,0,eb0944ea533f9593ac60d26a1e50d47e2a96f55f87c7018124b404abbd9705a4
IMG0003155.jpg,train,0,hand,0,a69b7012e3f556a1a70783e778f10c8cbd86006c592d2e65e872df998b096ee8
IMG0003156.jpg,train,0,hand,0,3195af0237295a509b39d48da411ebffd602205e1fd649ac2e0d87c270dda19b
IMG0003157.jpg,train,1,hand,1,fd1069299c189335a72613626d66c20d06a0943866fd834b173665524b74183d
IMG0003158.jpg,train,0,leg,0,7fb6cdf4f0d9b150eb91276b442c4e2450baf0d38c0c88797086e0070aae358e
IMG0003159.jpg,train,0,leg,0,71ccc4e875c963be9c5c1b658f6db5cd6ffdaf5152a7e6fafc31b08f60351bb0
IMG0003160.jpg,train,0,leg,0,d83a7def68e20c6f31e086e779a078ef9be834678828f473456f9d27d1efa9c0
IMG0003161.jpg,train,0,leg,0,bdce5c1c5f0e6539e0189c375b585f45c12d5acbe4d314fa3ffe82507aacfc4b
IMG0003162.jpg,train,0,leg,0,4c6dd835a60e7995a4ce42d5e83e3330d3811ef82bec92ae2bdeec8d8eab0c69
IMG0003163.jpg,train,0,leg,0,01a4f82c836281fe8314fd77056fadb4e1818a6adf639cd449d2191f65af0b77
IMG0003164.jpg,train,1,hand,1,1323a6287347a9ca74ea244c97d5d99ea07fb773f3cdc0861a96e0034550fa66
IMG0003165.jpg,train,1,hand,1,9f90abe690733e4a663d808a6942a890cc37ed37a24cd7bde81f1f33c481048e
IMG0003166.jpg,train,0,leg,0,db9048996b3e9d2149b1903a0e57777be452834a36859ed0b794bfcceb7a7861
IMG0003167.jpg,train,0,leg,0,e77d640d1678d49a4d4981d90c60b805539ef714f0bde5ab2573f13221f6de8f
IMG0003168.jpg,train,0,leg,0,2d66ba533411289d25ca822db48c90e0baf5252d8234674ccf4f67bb8c6eafb3
IMG0003169.jpg,train,0,leg,0,bafa228a881e3aee3efe07ed55251a4de7edd40cd14ab84ec6fdb3ed2ba6f3cf
IMG0003170.jpg,train,0,leg,0,86dd73e7f6a1148f33d829f779de1f09788c5b80c42f63a65d4229b3e37131e7
IMG0003171.jpg,train,1,hand,1,a32d11f8d15d1a234397d1f4ce1da1eb091f54ac14373649941a4e60db32d956
IMG0003172.jpg,train,1,hand,1,579270d1923c3d07185ba55801395ccc9810b7944a118b7f9fbeddb1f345fe9d
IMG0003173.jpg,train,0,hand,0,a4d6879b2adbc9cecf804e1c32e80e100d5f12b560e0198e80d80cdfeb706fd6
IMG0003174.jpg,train,0,hand,0,50cc5fd11a18c6f6f998ef425cfc3b17341a30ed46d047718852b0b6394cb8cc
IMG0003175.jpg,train,0,leg,0,f0ad96c55bf18dad926674da5987e7717c23e390b3eb175c4d2bb99e09d97f2a
IMG0003178.jpg,train,0,leg,0,1839e160a67ee9ced725134542d7d10a076c02d799b1b4d120e6010b69fc4e76
IMG0003179.jpg,train,0,leg,0,2789e8ee371a4061a03c95f9c93084df34818498054be537d52cab55eed9d9af
IMG0003181.jpg,train,0,leg,0,1ec54d4d4206b7f60109880e8f39e6b8c5a47ca42ddd457434ce0cb139af6c66
IMG0003182.jpg,train,1,leg,1,107a92fcf8dde2b7915c09bd2fdebcfc96c09b83f07d02d1905d6f73ee34bc9f
IMG0003183.jpg,train,1,leg,1,1e1db771e14ff21a61bd4abed3a8d2f43b5a4ee636f6aeb8ba861fbcd4317cb5
IMG0003184.jpg,train,1,leg,1,a91b99313c8ea102339f3fc52fb4b083e709553c89ca102198aeab8aebbde3af
IMG0003185.jpg,train,0,leg,0,22c689713631591bb92d50db860dddd4d03011cf5cc0fc030a16b6b70eeb9af6
IMG0003186.jpg,train,0,leg,0,76fcc59c33acfec652a6d6483c2476124148d5bd898a3179969cf42efe20ddf8
IMG0003187.jpg,train,0,leg,0,18559f703b4bb346b43824e2a6177daa2eb7724bdbb34d0b5d1255a497a12182
IMG0003188.jpg,train,0,leg,0,79362659714c053a44900c0c472d1d813df17129ec9894293d97c03c0ff0e40e
IMG0003189.jpg,train,0,leg,0,cb3beed9166317004ad582923a18b7200fb07c6dd0f8003733faf325fe3c8482
IMG0003190.jpg,train,0,leg,0,c1592021e1cd2d43ebcee9cfd8c8dfe1ca6e152a1fcc19b782999c9a2f0d7e99
IMG0003191.jpg,train,0,hand,0,041a1d50ead826e722c876fab638fbc8c4601aaaa3f54b4ad67ce0a2d0b40b71
IMG0003193.jpg,train,0,leg,0,48b984216fd7abc7102bfbf91dbd93815c1ff252bc8a53da64f8052ee4fcea58
IMG0003194.jpg,train,0,leg,0,74a8533b4db64a6a851da13ac52d08a8185fd2bb556adb9da022f6f2412b8eae
IMG0003197.jpg,train,0,leg,0,f4b718ce7941270dba334aa6efa39b7ad3e1bc03bc553af02e21c404c2cb357b
IMG0003198.jpg,train,0,leg,0,9e5a3ffbfcb53897ba36f6678ddc4bb5a13b97078df8876c0b18075bcbd4d0fe
IMG0003199.jpg,train,1,hand,2,a099451304438fa0ea50aad3e52156100d5c111eecf3eb259b4bd34635a48096
IMG0003200.jpg,train,1,hand,1,c1194682bca3c9ef2fff2346f694c93242a878be8ccb62b9d77bd960d64647fd
IMG0003201.jpg,train,1,hand+shoulder+mixed,1,623c8461f8ff98f70dbec588525f8b0dd530505d8df9a36aaaa564a1742783aa
IMG0003204.jpg,train,0,hand,0,348a92202e5f5666640e2a56ddb3dbc4468de89f214089869a6b9d3987d6925e
IMG0003205.jpg,train,0,leg,0,1eb9dce8046828e330e694b6f5aaec324b8e9ddd0db4e9d8dd90fe203cfb8aa2
IMG0003206.jpg,train,0,leg,0,aaa0fe924997f59b53ebd4994608e8bf2023fc2dfb6236a08c440d3b03db2458
IMG0003207.jpg,train,0,hand,0,600c7f6f91659c82faaef7d5e83768f999c21bbcf2fb6eeacbf77f136cbc8261
IMG0003208.jpg,train,0,hand,0,75efcd7d2fc9dfa5f7af5ee65c3a5592dd94b93f61cff32e55d168ed4ff7a007
IMG0003209.jpg,train,0,leg,0,1fb920ffc4fe837e7fac99745a79704cab6b3361afe3abf38a4d3c381d3b4f9f
IMG0003210.jpg,train,0,leg,0,896128109e12859c8ce75721af6ded1ce20d4026ec40e27a1d44c29c9e342674
IMG0003211.jpg,train,0,hand,0,6de55e2c6db700ccf3f30e2039899abe75ce0cd025bf735827d7c59ef1af8faf
IMG0003212.jpg,train,0,hand,0,2874a0c208c904b8521062ebf751c77299d155ee8ec5b5c4b7eb2fa23fe1ad5d
IMG0003213.jpg,train,1,hand,1,a3f772be0ecf87aeebdc1dea01845de62de9c82b485cb6181d03e0a408c10768
IMG0003214.jpg,train,1,hand,1,08fe5c5943a595d5301a1bd9b3bdf963835f79044a7d2c531b99d12d6bb4b3a5
IMG0003216.jpg,train,0,hand,0,106c12a2540e8b10438d3477db8f610dea0419afdb4bcc42b8481697769fb7e5
IMG0003217.jpg,train,1,hand,1,ac56f9df4e9f0713894efb7314b4bb8f3e8c7b5911eaa8b684ddf5bc17acbf82
IMG0003218.jpg,train,1,hand,1,506c71cdc8aad75a763b9f49ca574aec3b6d8207ba930b6f45bba2c9b4cf811a
IMG0003219.jpg,train,1,leg,2,af9be970333eb46a290d11755ddd9205296377bf9cd08a0ec15543ea8d828eab
IMG0003220.jpg,train,1,leg,2,d358ba35b02f0114f2380ca4148b7e49eeed5d2150b3554af01c6bab7140317d
IMG0003222.jpg,train,0,leg,0,9d9e31be983aa5b378f7d62d9eb6686b81a1f1761c6a1fdf1f260e4cbab29915
IMG0003223.jpg,train,0,leg,0,405885bc10292f00961fe5742847bcdaa8cd5b5ef0756cdecd3ebed71c9666f8
IMG0003224.jpg,train,0,hand,0,c0d7b333ee7be9e7ee873088e5dc901eed17c7dc33fa6d91868cdeee5fdc06ca
IMG0003226.jpg,train,0,leg,0,d72684a8850a84cb0af807ba235977b358ce94ef0a7eca84f28806962811a827
IMG0003227.jpg,train,0,leg,0,8ba89819ac54d77332445ac1fb3ee5b1d5b33d483ba7dfa620f6f954f5d03066
IMG0003228.jpg,train,0,leg,0,d4af21c270da8d09d691969faa3d30c4b04da1926372e4fb30e8b39a86cd9c7a
IMG0003229.jpg,train,0,leg,0,83c48002bce953b4dc2aef925bec99b8315ffd7944093fb72d035c55fde40bfa
IMG0003230.jpg,train,0,leg,0,a3e38b68777ff4fabf47b86c7a4b342730de15b02451826f60b9e22e3e783715
IMG0003231.jpg,train,0,leg,0,ab8b29209b25f09ce787a09a3142d3bf2c27c73f3bf397f51cc6c12067d5f966
IMG0003232.jpg,train,0,leg,0,d71fd4e337c440014e437646af59df37526a08bbb39e43a5f10e6dcd56db1291
IMG0003233.jpg,train,1,hand,1,b5122f408b7ec627d1a450507bc160eb188ee26c78340b696c8881cb93c9a117
IMG0003234.jpg,train,1,hand,1,5ff0e0b7536c283bd3e858fe4b9f25a6c094fc00707d86158bd14497a29ff7c0
IMG0003235.jpg,train,0,shoulder,0,624de3a1d179ba6cf7c1c2b18ab304bb4f7a37c274af094956f97ad03c015d46
IMG0003237.jpg,train,0,shoulder,0,4192b4b9d4379bc0caa042fe28ea6d4e3baaa694c319f9ee97bfa8ad36c6d76c
IMG0003238.jpg,train,0,leg,0,4a40f12e4cca0e21fce96a047c770ef3ec1ff0237c8193d86f6416beebb06993
IMG0003239.jpg,train,0,leg,0,cd9dfe1b7298e069bbfd3a4d15de0e62d30a4975f001f76256d377474f57d9cd
IMG0003240.jpg,train,0,leg,0,5ed53c46f97514ca4e90e13c9e8b9f9fea961a9dbb71ca01399bdcaf1fdc9918
IMG0003242.jpg,train,0,leg,0,419fe0aff557a23704668adf0bb2d711dc51e7883527dd5acdcb122555834043
IMG0003243.jpg,train,0,leg,0,64756971d73938a0f70cf1802c4d2725eaea05de1ed93cb8213485973bb425c9
IMG0003244.jpg,train,0,leg,0,549700f08434f38fa48da77c0e34b87cf6a6e2ef0475e9502d4d386ca6360a9b
IMG0003245.jpg,train,0,leg,0,4f7158b78769d7695ddd08ba6e6af835f424ece4e92de1da583e49e594a90ab0
IMG0003246.jpg,train,0,hand,0,d1d28de4904a5685259a6eb5ff6e8fa862906e84caa54ec13d83c78bb67ec3c1
IMG0003247.jpg,train,0,hand,0,452acae0dccb253700df3ce1cd4b7a1d66043ff56d4b83341ef2c8344c24e97c
IMG0003248.jpg,train,0,leg,0,4ae4640135c1aa63736feb399a5a1f16f97995618ab35cb59e763a15cca43686
IMG0003250.jpg,train,0,hip,0,de7222cbbfb2ec752eeeff748ecbe5a627bb84199b8b050e591793634c304496
IMG0003251.jpg,train,0,leg,0,e370cbf97cbd732b28f4998134b92a697689f08099541aa5c904763877e46606
IMG0003252.jpg,train,0,leg,0,9fc689d4d127de660015c5d2891a469de23f7b93594bdf5e0d36ef40193b2092
IMG0003253.jpg,train,0,leg,0,06ca3d72531e5781242728f3aad171120c41b684c220be6951c285d84b6683ae
IMG0003254.jpg,train,1,leg,1,d8162be1f089bb82a2d7714327df1cb9294053711d8ce06fa05d33c64966d070
IMG0003255.jpg,train,1,leg,1,c0013f578e118d0ea9647907e914b50c39c0147e2da3fe092fe52cec94d2e0fc
IMG0003256.jpg,train,0,leg,0,8e287d08b419379b39e5863014e4ca7ea5f70c72e8fa375967d87530f578f802
IMG0003257.jpg,train,0,leg,0,477b6d03f1717ec3e6f8af245e00dfe7b229fae46140d66298f58b1e811b5f7a
IMG0003259.jpg,train,0,hand,0,cbf07c8c6c98630e27dc362e558cb8166d18ab330da4c6c8cd7cc8e3543829c7
IMG0003260.jpg,train,0,hand,0,3606158f83b6de73b84f454f0c3d80cec48cfaaafa8611b34f5c973b488f33cf
IMG0003262.jpg,train,0,leg,0,7a5bae128b50474e650afefd69e049f68b1d7f02a2bfe829326c540e8c7555e6
IMG0003264.jpg,train,1,hand+shoulder+mixed,1,4e96c4d2abe127d2910573e6bd0f2846307d3f6464741b185d09c0aedaa414a4
IMG0003265.jpg,train,1,hand+shoulder+mixed,1,1d0c318efd895f70b86a761a565d710fe3af44d5e94027e5832f9e7ab41b2e2d
IMG0003266.jpg,train,1,hand,1,5b613a9c4d42b1b9a13f81f65bb8022e2a31897b731c4162f5ac0a7dc33ea9cb
IMG0003267.jpg,train,1,hand,1,7b61f3121c5cea8e946131a91e2531c5a01943e843fb629b18037e0513705a58
IMG0003269.jpg,train,0,leg,0,223f72055fa18f71e09ec03ac62665ffc35d5735a8b9c9d3f6322a98d2ff065b
IMG0003270.jpg,train,0,hand,0,c723d895e919ab1a3f2f3c651c28fdf65612b2673193a8dc823e52595a118372
IMG0003271.jpg,train,0,hand,0,b858ddeba9dd9105798a26bfca165e711d8977c14bedd90a984a0554f8fa728b
IMG0003272.jpg,train,0,leg,0,15df2c587d05e6fff81ea52d1336530d0573dae217467f200e435e455ee91853
IMG0003273.jpg,train,0,leg,0,205260e448d8403d00074a1f49ca794714972e4257971b070f7c8f756c6ad6e0
IMG0003274.jpg,train,0,leg,0,6a84286604e79af4309befb411e15d7d4c9fa58bc8246f906d14e170d08e33b5
IMG0003277.jpg,train,0,hand,0,054cd21e7cc00bd807bfd583d48acf5c671b43a4739ad5b986072c1e93df8dc7
IMG0003278.jpg,train,0,hand,0,a145ecc44aa829ccc11bea8aa9e387ce2604609a6a464dd56d5b29340993eb4d
IMG0003279.jpg,train,1,hand,1,70ff44754c83f5054cad8795ebecbeb7d9db3b91ff9e59a3a3f3494f983706f4
IMG0003280.jpg,train,1,hand,1,fe49ec52d7b53841c4c18ce3dd968cec3c33251fd439831c69eaf3a647121ce5
IMG0003281.jpg,train,0,leg,0,ee2f20ce083a3567552b0c73e8686aa5c9212cfe332955d8ed5bcb71d277e2c8
IMG0003282.jpg,train,0,leg,0,0cd5fd5eaa7bb14c3093f955f9ccf083a0a4ba85569b2b6f52ea92d539aa220e
IMG0003283.jpg,train,0,hand,0,22318a89c8c16383048cfd17e1500e204fc23163d166f42c3df4a6a6dafb1d06
IMG0003284.jpg,train,0,hand,0,de87ab1e0f267f5ff159692da29d4ab01315476bf2dd39c3f301406c8a770c5b
IMG0003290.jpg,train,0,leg,0,ae7eecccaee73bd14f5d147e04696f22bc6ef756de094ca23dfde6a96c1ab0fa
IMG0003293.jpg,train,1,hand,1,cb489dac63aecbbc8fbd4b8e443a198d63c731e911671e894aec4a128736c854
IMG0003294.jpg,train,1,hand,1,4d2ef8a5d1e61e1f5835cfbc05ea1da90e4acd1f7478990efbdb36a769a74d07
IMG0003295.jpg,train,0,hand+shoulder+mixed,0,f77f9d21932f98548e892ba49d2d63574304301fbeae038396c593c19217bb71
IMG0003296.jpg,train,0,hand+shoulder+mixed,0,d52f80a2000e81d1e519c565d34a93fdd76a102b775f886b00f37f20d8896545
IMG0003299.jpg,train,0,leg,0,a8b47ed25412f64dcd1053539e536b0dd8ca07604e18d1d832c25176e347e1c0
IMG0003300.jpg,train,0,leg,0,6c22c1027c50110b591382d617ad0c2d6d4cbc33b14b058fdefb31d75e311126
IMG0003302.jpg,train,0,hand,0,f4e1fea1f8a576f65c080b5f14e8a0d699a6e93dac23359c79775328f6808eb7
IMG0003303.jpg,train,0,leg,0,d5af8d5b817c4c4f5aa18455cfb56b8a463fb1c0e93ba6dc83ac9b2a0d75a1bd
IMG0003304.jpg,train,0,leg,0,d0cbac1f539e649fee290d4b8360f94fff2879512a0d882d9a94192c340f5308
IMG0003305.jpg,train,0,leg,0,1a329fc9b24289981e91e82d19003ee59b98b66c21d4c9a182da8bde7b84ebae
IMG0003306.jpg,train,0,leg,0,544047e9baffe4db6cf12adcc2c1dd3fae8dc482b2fa91235a1091949b8b0539
IMG0003314.jpg,train,0,leg,0,39b7d06e094a775f31210762a74592f785b36a52072371e6085fffa7849848b6
IMG0003316.jpg,train,0,leg,0,c43be37bf5f8bfd5387e40d0fd8424f2f73927277184e08874fdb0d8f0a77c00
IMG0003317.jpg,train,0,leg,0,a0dbcff87ae8b060cdad26f9cb20171ff2ea2a9e72bf675d992585530c7f76ee
IMG0003318.jpg,train,0,leg,0,aa542c320bc52c939fa6cba28023a0d7491dcde67780c2d24c4b3c4517e83de9
IMG0003319.jpg,train,0,leg,0,617727cb27285b037521ba7bf381172d0e7d1c5d6c10dbf4a6a1dd9431583d3f
IMG0003321.jpg,train,0,hand,0,7881bc048fc117594fd12e8a26275420930f090ce67fc7643ab40636d001d156
IMG0003322.jpg,train,0,hand,0,3ee9d3627912ea2bbe178ba4ccdea9b070ccb1ce9b98c4fbb3410aa516332fd4
IMG0003323.jpg,train,0,hand,0,5850f61b6ba95b455b56c6b23da1d061269498cd38e64e3458d3b1eba4241a36
IMG0003325.jpg,train,0,hand+shoulder+mixed,0,b7ea7076b6692a48e4c18ad3b58e682e50d49efd4064db60840dc20ae2c11f79
IMG0003326.jpg,train,0,hand,0,e809ae745932e90ca66c701017bc8a2653aac5ea1f2f86b8e0015d2d28564563
IMG0003328.jpg,train,0,hand,0,8b0fd3d9b2da862b4622db48960d23cff7873f37bdddcc2d74dd9d899c9ac9ea
IMG0003329.jpg,train,0,hand,0,a0190b9cc8d82b49e7f1d4f5a79218d05c6b5ee06373b52e8efc2c8aabcd8051
IMG0003330.jpg,train,0,hand,0,85177e40026e21ef9e00dcad2133fc0d3a88982c022638b29efa7d0703c6a2d3
IMG0003333.jpg,train,0,hand,0,645a0aa009afa4da7f39d158eaa6d9adca0f4f43545fb752aa9ecf70012b543b
IMG0003334.jpg,train,0,hand,0,ba65421c88c1ba11e78932289f6c978884b0364cb03fd90ba2e4ea99fb2cfed7
IMG0003336.jpg,train,0,shoulder,0,0d7864ff9f5a48428566be73f4a27d142fc12033a1c755e76b3af027b31b3d8f
IMG0003337.jpg,train,0,leg,0,89cb18fe3f587af3f156db1fcf9b38020b56eb0af8e1db43eec6d2166abf2efd
IMG0003340.jpg,train,0,leg,0,27683b487af5efe4cd66254644b99fe5c74cd45b1b0c6a36145cb91f7e2de233
IMG0003343.jpg,train,0,leg,0,3e9369df05b1910fcf2ce231ef208f2832905d9b9278621487f6172ab6122194
IMG0003344.jpg,train,0,leg,0,feac65008c3372babdbdc20b391f8ed36fa67a774afc7dff7a14d92fa587ae78
IMG0003345.jpg,train,0,leg,0,7fe33e36483acee1f178e06aad7fad856acd6a4e1c6c21dd96933f7ac64117eb
IMG0003346.jpg,train,0,shoulder,0,91d07d4d3a7b752033aac1833707483ea8b46f04d303f081e45149f2fc4b34a7
IMG0003347.jpg,train,0,leg,0,0b26e56d92baa1025e4c5bc81a274dc4812e33e985c4e1acca12f28439cd9a09
IMG0003348.jpg,train,0,hand,0,bbb1927bbfe3a627b32ac1ca0eca86942e5606ab87d84de523d8c3a85d0e27ba
IMG0003349.jpg,train,0,hand,0,7634dd8207c08c5452e1b5ae01bba47f6f71ed65c5011acc18eb6c78ddf93221
IMG0003350.jpg,train,0,hand,0,befed8e212248b7d4fc03b5d118a0ef4e267f72cb98446c5a465d8374e9c2c9b
IMG0003351.jpg,train,0,hand,0,ac0ca77aa2e085b6670892fd47806436aec3d2dc97c6b8fd36b50c2036a401fc
IMG0003352.jpg,train,0,hand+shoulder+mixed,0,4cf6b861df6b27c7db7eb2cdaa8d9c28a20fc79183c06810841312409b2b6579
IMG0003353.jpg,train,0,shoulder,0,f24d20b3cb94da1aeb273a598eed393288e79581207f3bf5503ed6379862ecaf
IMG0003354.jpg,train,0,hand,0,e64855048c4f9fd62df32ba3a02ddd9f850c6be65cd4430bb58c4bbef4b5cd4e
IMG0003356.jpg,train,0,leg,0,ca16b6d5acf5c9390f5a32c532e9df7925f63a80cb0fbcf9e5e6f4a394d4574a
IMG0003357.jpg,train,0,leg,0,212636e7ecb3eba9fa746c4b0864dd606828b537caf46c30b8d2ec7750f7eb85
IMG0003358.jpg,train,0,leg,0,d71d462b27e5e541e9b502af17e057a7ddfcbc6f65139514e659bb0a6fdb7c51
IMG0003359.jpg,train,0,leg,0,236e339ef7b3d4b2c025aded16fcb41a64eaf12ca8deae43eece3327613003fe
IMG0003360.jpg,train,0,leg,0,83a88c57b6726614405fc634c5981bf6e59a8f9d0a79ed6219fcb4d424ea3c5d
IMG0003364.jpg,train,0,leg,0,4200437e8c338dd130e883791550e9cc37c55a30010c176827ef01b1e81c74cf
IMG0003366.jpg,train,0,leg+hip+mixed,0,6560167c65ea0f6de8b01402c3c3e0f7838fd145fa88ff6f9447bb8e21c43b3a
IMG0003367.jpg,train,0,leg+hip+mixed,0,d63537b7e4304ac10a57eb551b59ab33f561399e5f17aa27137d0c62730733c3
IMG0003368.jpg,train,0,leg+hip+mixed,0,9c7b0331a73314439fa3164604306e1cf086728eb10a8d743c02ec7abf6b1067
IMG0003369.jpg,train,0,leg,0,5d9cc85874cb90d9fff525873a4e87d54341ad3c44ef81a54c78ac64cb4b12a6
IMG0003370.jpg,train,0,leg,0,da7bb4f1556da2c09142e36aad1c4b33714de1901dc53e6cf1375cb547402c53
IMG0003371.jpg,train,0,hand,0,f19a384a14f555e42e01e169cc0175ca875b53aa00a766c057a3c2bfee732678
IMG0003372.jpg,train,0,hand,0,5132fed376d192b7935d9a1b13508e22c32d8897f13afaff141bfa59483778f8
IMG0003377.jpg,train,0,leg,0,96142555ddcc552b303206113a3ec77520cd510b4e1ec828e80d7b0fefdf3cba
IMG0003378.jpg,train,0,leg,0,baf25b57131ed576910327ca9da4c4c80eeefd6d66a288801daecbe17917aeb5
IMG0003379.jpg,train,0,leg,0,25869bee1b4cc8a6ab7574fa4b062a49c9e880dd9d516e445c379ce7764c5336
IMG0003380.jpg,train,0,leg,0,1a45fe4eced58c06e91a303eeaddfae8a85d7ac41a931ee29fff4049cd4bd744
IMG0003384.jpg,train,0,leg,0,db72692726cca98a47d7a45c317a0d4af9f840edd73fd92db889d8d036717357
IMG0003385.jpg,train,0,leg,0,e3de77d2cec9995e7ef91af251f9292e40213fa51178d0ef97c2250754c4236a
IMG0003387.jpg,train,0,leg,0,5c0707d4bac5ebb8de0b9e3bccee89c37197409abf2442bb5a4587e0c4da7d55
IMG0003388.jpg,train,0,leg,0,48ed3ceb17906e3eaefdac644bf0ef1bf3655187a20d5fa5a4e1b1693805557b
IMG0003389.jpg,train,0,leg,0,34267f4afe912a9893cb6cd607123e76838b8e75d8bf08be4dae23aa7162b784
IMG0003390.jpg,train,0,hand,0,1339c81525af52c40ef4a18d0fff9d7ccdce15d3b09ab3f4be0f8f5b5112eaac
IMG0003391.jpg,train,0,hand,0,7c7f4f77228a6780f276c2cdadc7b6593bfc6671a075eb61c5ccd46ae3b66071
IMG0003393.jpg,train,0,hand,0,f6627ee1abd4744acb07a6f09f32e0c7dab1064a9d7c55fbc7d01a7bc7458a60
IMG0003400.jpg,train,0,hand,0,48ef270f282d4f142647a71833339ba24d80f2dd30f7e71d4e57bd7a1bc9ede1
IMG0003402.jpg,train,0,hip,0,da3324e19bcb85443736500ff596b8884e3b01a5ee4a80399621f53438cb07a6
IMG0003403.jpg,train,0,hip,0,06d6a111656adb1b40828a53bff1b67f58e34f1fedaef68d96426b0330b15c32
IMG0003404.jpg,train,0,leg,0,be98cfe645c1cc9dbb49bff3674ac01435897b6fcf1a6fc1a24fe40066b2ca6f
IMG0003405.jpg,train,0,leg,0,66e527bfa7a1241610c3a05cf84302214915446e42500bd7db901c7b469593f7
IMG0003406.jpg,train,0,leg,0,a98737241567ad78ccc7a85694d306a55ac6f41c2aee0d250339c71990e70e89
IMG0003407.jpg,train,0,leg,0,b55ee6c9d2a0d683c6e6ddfa1c867f338400494eff56363771a0c1e995499bd7
IMG0003409.jpg,train,0,leg,0,89119322ca5dddbb25ab60e4c197a0248f76567ab9132a442c16bf0c4291f6c2
IMG0003410.jpg,train,0,leg,0,fca5afaf3187fb331211c87a446fcb3ddd187b8fe5aabef5ec5fa9738a72be68
IMG0003412.jpg,train,0,hand,0,67d9fa2e2d9a6fdede57609cf76b56351f987a7e80bb55e75df6f936f9002829
IMG0003414.jpg,train,0,hand,0,98fecb66776a6fb921eb5b8e0604dd490e0855c1d554780b8be266e1e1a4b979
IMG0003415.jpg,train,0,hand,0,d3df283aa5cb85f000efa0b37ccecd43d5d3d5f4e57f9bf48fa4b1ab9e5ef069
IMG0003416.jpg,train,0,leg,0,1260181a70b542aba93f470d81fbd15fedaedf9540167035c4cdfb792d16cf7d
IMG0003417.jpg,train,0,leg,0,383ee508e483e494cb8ee520d5e6b63dcb06ba441d0505ededad9cc1135458fd
IMG0003418.jpg,train,0,leg,0,852c39609a9e699cd506261074e7df219bc9e12894ed41e61a8f27101cfd03f6
IMG0003421.jpg,train,0,hand,0,e9975a92b0057dceec64cc4f5848ffaea7ae3318ddc674652245c85b2c7abec4
IMG0003422.jpg,train,0,hand,0,620d3c8c5e951f1638c14b53b5afb68df986c5e9e67a9be92d2bb87bb01ad82d
IMG0003423.jpg,train,0,hand+shoulder+mixed,0,3dca3fd369680c3f768bd26c4ef73de7280c2f2bffe8602b1724b857c7a0b07e
IMG0003424.jpg,train,0,shoulder,0,6cc1b0fce0acd9108c93dea5afd93c3a303355c982876e03bb97210a057c2f34
IMG0003425.jpg,train,0,leg+hip+mixed,0,39cd3e1aed5fd4e84be843637169224ef411813cf8a83b15a37243697fe76946
IMG0003426.jpg,train,0,leg+hip+mixed,0,0449b8bc6d382393b0ee852400e8f0edbbefd10de0963f635e319d643fb0f419
IMG0003427.jpg,train,0,leg+hip+mixed,0,ba115703ffbc72a32b688f7d15ac5babe30b0ac03e7dd1747c8c493fe34a393f
IMG0003428.jpg,train,0,leg+hip+mixed,0,0843343645f75d8a999ee0c3efafc6b92504539a91512476ab9bb641234011a4
IMG0003429.jpg,train,0,leg,0,ae07a1d748a0df6da86303c531360acf600323cb40133a66308717165c4076dc
IMG0003434.jpg,train,0,hand,0,33d86a0d91477d1260d067de6a955a6eb01eff32b9e512edc9bdb29ebf4484ac
IMG0003436.jpg,train,0,hand+hip+shoulder+mixed,0,133834a65e0e009c9a86903b8f802f24350321ec88da5e35ab0623ac48d2bb81
IMG0003437.jpg,train,0,leg,0,a203e85c216310eed167d655302cb925a9a6ca91cefdcaa8e2039103508ca67a
IMG0003438.jpg,train,0,leg,0,3b469c547b9c9d0b2fac82b220e73b1fd2752239b354398932270070131050a0
IMG0003439.jpg,train,0,leg,0,49c3bc77fcce6b13f0d96347953ca6f5ae79a8ef708a2115d3a0c4faa54e64ac
IMG0003440.jpg,train,0,leg,0,df21f25947fd2403e338da124a2e123bc149a3da404feafbde5938794de0afab
IMG0003441.jpg,train,0,leg,0,2f983d0f6f79c718ab849173e42e6bc4b106686f6359a5e08d232bc88d657951
IMG0003445.jpg,train,0,shoulder,0,1a405778ff5b3bdb1310c84f92120885cabfbfaac9f2952ab1b0618b0ad4a991
IMG0003447.jpg,train,0,hand,0,729cd767fdf2925d59c50783020faa3888546ebc820dac61e515076aca912d2f
IMG0003448.jpg,train,0,hand,0,d97c1fdbb5b0b8121c21375057552c5da438b54d698bd8cf2dc13f8ba8829b6e
IMG0003449.jpg,train,0,hand,0,8c55cf5b203f5f479b293c08cce1138d0cc284c2b44fda3f62e13a9f483dd547
IMG0003450.jpg,train,0,hand,0,c18f41c49f296b1b1659fc8a05565fd5bd8181084e9a58309501ff14d8f59863
IMG0003451.jpg,train,0,hand+shoulder+mixed,0,57015a03e590864a4a938b223b4b3ad0767071cb50e694b784968a6c9d7a824f
IMG0003453.jpg,train,0,hand+shoulder+mixed,0,659abaeb749d967197f08ed579e9cd8f62edd880f7784e65bd575b455f0f83e6
IMG0003455.jpg,train,0,hand+shoulder+mixed,0,f165cc3eac9686366a814f88ed1a0e2a0f63d9ba77ce32fe2633bf7fe423d2c9
IMG0003456.jpg,train,0,hand+shoulder+mixed,0,96c1e9874fdc99cc2547a62501b26281a17846cb381572a5e692e9546d6135d6
IMG0003457.jpg,train,0,shoulder,0,113d5ca580939a0026462e9f3506076d38ed5082cd67f03ea436ac3d3a8c6f21
IMG0003460.jpg,train,0,leg,0,3a8ff3bd310cb983fdd5f1307ee0a51a4bedbeb65ba090f287d572a440da4765
IMG0003461.jpg,train,0,leg,0,6ad31cdf610850d90395a0837ff264d336b5511ab83271b96e686a9d172f88d8
IMG0003462.jpg,train,0,hand,0,e03c26b4046c005586abe25f70e1809e36733ef8d22c628557efeeb610f13cf0
IMG0003463.jpg,train,0,hand,0,bd35191a5f8ba029bc195d0ed458e3add772e131d59dfe218a30f76b6857ae29
IMG0003464.jpg,train,0,leg,0,8f27a9a3556e0ab2b82987316d5d02fe096445323baafb88806af1098acf78d6
IMG0003465.jpg,train,0,leg,0,f32cee12afca226a06da08b8027e3d4396375d285c248a2fd7a07efe947277ab
IMG0003468.jpg,train,0,leg,0,e14b0ba38c9f06b8f263a6eea5c36772131b27ebdb3b582f6d97b3134e887530
IMG0003469.jpg,train,0,leg,0,d1c9456c2df603a84d7e3b7267c442d4001c9d2ae454b150979016b795773715
IMG0003470.jpg,train,0,leg,0,44adb86e381336154039adea85f8e51702e52178892924d33a5f5e11f7474fc7
IMG0003471.jpg,train,0,leg,0,dd6976514978f4f3429f6cb997757eb3151d9643e8f3fc062e080f4b7319cf18
IMG0003472.jpg,train,0,leg,0,2df05eba2078725e50d6db95cf7227f0d93b9d60eefc58a1b0189df61e2d1efd
IMG0003473.jpg,train,0,leg,0,400c66fb16cfb8109f4ffeb3f8803d31b73615e3ee56d36f9e89cf96285c29ed
IMG0003474.jpg,train,0,hand,0,363835213164237a9e980e27624bbbcc4bd9dadc9283ed2ab8e2b3fb2607aa3a
IMG0003478.jpg,train,0,hand,0,a3478c7babe9935fc6d518bd342c07b5844d57eafd256df63b1c7eb005893908
IMG0003479.jpg,train,0,hand,0,cf344c0b0ffea71531ac80cdbe811c23ce1430f082a5d81a6fffad7e7712f0df
IMG0003480.jpg,train,0,hand,0,8fb0a864e753cf9e3caa250a76c6e682c4e9992d36ecb02e51088a89ce6ec1fe
IMG0003481.jpg,train,0,hand,0,15b756d8e803f4a2124127aaad3632834f7463d04549caf7a3dfe527299ef750
IMG0003482.jpg,train,0,hand,0,c6adb5aabe74cbb9d60f9ae6392671a474ee6fc2f469a2a0c5bc5da8769653d6
IMG0003485.jpg,train,0,hand,0,7a5ab88bdd2068b6dd4523bf2253cf030fb6728f82d3db5660737775fb55e839
IMG0003486.jpg,train,0,hand,0,9ccc6795ad96ce4b0bde3c137c383ea4f4f8e21dc90c38272c01c88e0ecb295e
IMG0003487.jpg,train,0,leg,0,4e0f97dce22557fb11caf6b911982870eebd27698d4bab3a5133e9b64a3cb0bc
IMG0003489.jpg,train,0,leg,0,b69d1a802b428a7f2bf7db39f62adbddbe3c72b09a67ace372e6bec9e53c089a
IMG0003492.jpg,train,0,leg,0,00cd2dbb84f5e1a34be7eeb2126873a1eb20e15ae7ee3167f7b121391a3ec97a
IMG0003493.jpg,train,0,leg,0,ed49599fa604f8dd0d92b0f6d3005c2a91e86ef5ff3dd71b0d838165f3bbe480
IMG0003496.jpg,train,0,hand,0,35317446ed6b21cc90de157bf6943b548bbb8c8e23224e733adb7339a3e75d42
IMG0003498.jpg,train,0,leg+hip+mixed,0,2e941fa37713f5a33f1270c4d8565b47284497b603ab1f9a72ee801533fbd0ba
IMG0003499.jpg,train,0,leg+hip+mixed,0,c3fb6b87e47c5d15efceff1b30eae19e99525eee3fc9b3d5dc9f6c862a2a8920
IMG0003500.jpg,train,0,leg+hip+mixed,0,3b28fa9aea83a14fc83f14b8320a99d2b417bd70901322e3144b234d15ccb3dc
IMG0003501.jpg,train,0,leg,0,b0edf353c57ca4ef9efebf0272b07150d918a2170396a13a797a2c66b5e2ecad
IMG0003502.jpg,train,0,leg,0,e9d9d958d3e63a0548d3976ff58f8e033be5afb6edeb4fc72456cffcde20a931
IMG0003504.jpg,train,0,hand,0,88c6dff0c7caca63f7d99841e6ed479ecf67f34a8fd33f420925494df4ec8963
IMG0003505.jpg,train,0,leg,0,a9e2bb5e54922386b8bc6e126f2b7a7b022bf779d07cb1ed4a4bd642329185fd
IMG0003506.jpg,train,0,leg,0,ee72f31415ac307515bf53e54ab6abf653433a3f15f29e15d8e1ba0dbacc4706
IMG0003507.jpg,train,0,leg,0,29bf6b00b126fd472d96ae21ce56ab4fb4e067a8cfe8dc8c570fb7c1185ee6ee
IMG0003508.jpg,train,0,leg,0,504228973ee923336b25fb209b935854c69364bb337b2d4629798fad4e5b8149
IMG0003511.jpg,train,0,hand,0,0718e6a95293359b3f58adee864ffb9b38be3d1aa908a28284009c5b48ab0cd2
IMG0003512.jpg,train,0,hand,0,c981efb3e5217040220a8fc1a67fdab5018e4638761759ad68bf27d89a22c470
IMG0003515.jpg,train,0,hand,0,2702e05a715a7c1ce9954ae86f6854f4716ea76063080874390ee84f94780d5d
IMG0003516.jpg,train,0,hand,0,d5ab66d2d8e82154de33e937ceee34c24d74801b63012176438943df21897a8a
IMG0003517.jpg,train,0,hand,0,e86082e444631a1765bac25b8be5342021b070fc2da6d1e1c9333c32e62b983c
IMG0003518.jpg,train,0,hand,0,ca8753c69b25a1e9366e7a5ac189c57ebd8fd651c8fc8e5924e6b815703e80f2
IMG0003521.jpg,train,0,leg,0,485a9bf28073388173dd1b0e6d011c21bcd293bdcb3e2f796edb29b491137230
IMG0003522.jpg,train,0,leg,0,07bb1a9faaf04c4a3e14a72e23effcf123081e83418fe727dfb5f5be8ae4692f
IMG0003525.jpg,train,0,hip,0,16dd8244273b77ff036a93d10d4997f753011369bd48538a0cdc1886fbcadcf6
IMG0003527.jpg,train,0,hand,0,79c7c7efaf1b6b421cabe70d37ea92bce72f2fecdc971aa927bc6618f800c687
IMG0003528.jpg,train,0,leg,0,441951abb56251c383ebf82bd81064f48c25c6bd3c05f902ffc3df94dee85b7f
IMG0003529.jpg,train,0,hand,0,594d0b5d34d8bbf2bc19f67e912e308f079331577431d2529970131b17304e6f
IMG0003530.jpg,train,0,hand,0,a363533cbbd1ea29e9232a04d02570cc8abc811ffac0f3e2bc561caab53c5b97
IMG0003531.jpg,train,0,leg,0,37fb343ceedfd3c057237b74874081431b59d63201f6929f9f4f421edba850da
IMG0003532.jpg,train,0,leg,0,f4e1dc4e657deaac7740fe461704050e8c187064140fa8e4f5b63d9f010517a5
IMG0003533.jpg,train,0,leg,0,85a44be832ba5b8d3fa5b3d1d4f45a03518003236bbd3321d5d9b6f4f1b8bf12
IMG0003534.jpg,train,0,leg,0,d1180bf550f4d8744678f377f25541c99ea0558f9e8afac0f5fad3c7ab53b34c
IMG0003535.jpg,train,0,leg,0,110221195c90443b94c129b60e43e811410d7b62de1955be7bee0153744583bc
IMG0003536.jpg,train,0,leg,0,9999142c311401b92f6f7f4c6f4f2eb6b2818013f951893f3e8617d16a802009
IMG0003537.jpg,train,0,hand,0,2faf4d21b98f0c70ca78fda93f762f0e48c3da9a834a4dc829e09d1eb2b7f46a
IMG0003538.jpg,train,0,hand,0,cbde4928e015f58c661a5935992bf1b4f35c870da9cd548c67a6a82805b17984
IMG0003539.jpg,train,0,leg,0,65b902081f83bcf3b78e7450189f701a67099201a0a70316a55ff8f4f64fa97e
IMG0003540.jpg,train,0,leg,0,8b2d010d17b8068b45221a7462d2ef5c2793166faca204906f23b4ce3547db2d
IMG0003542.jpg,train,0,leg,0,dd982376a6bf4c9dd69c10df6b37d66159fc35984f09f7f132ac9daa0da562ac
IMG0003543.jpg,train,0,leg,0,2e9958e0315b2c08eb294054ea5f7f1e51d382b3f4c46ca24f8c618a3793a08d
IMG0003544.jpg,train,0,leg,0,e11de4525e1a1049bd750b5b00b87b12f0d0b7e4abb434c0c17c4766da8008f1
IMG0003546.jpg,train,0,leg,0,b8a5c0cad0c48f86d2513a33e88c961cca6176df10ffde73fdd5b8d9ac7fc22a
IMG0003548.jpg,train,0,leg+hip+mixed,0,6bf9b3478b94d6d233f685c3c10b953b81d2cf605cb563e13636f89c8447e890
IMG0003549.jpg,train,0,leg,0,f8d980367d8c1c1401989c34371273f985bdaf32fb0e1987d1dfc4b9c5916a08
IMG0003550.jpg,train,0,leg,0,3169c79c8a7271b0e79b129ce7e72fbe069342a08db282f2df985fa449043006
IMG0003551.jpg,train,0,hand,0,a61d9c4adcd0542cc926d45d879a3700f625fe8ba9b78bf2b923e6f6a985c493
IMG0003554.jpg,train,0,hand,0,240494ee5917827342a65dd42c4ea932a6d2cb37e1b098b7f72422f93aec5668
IMG0003555.jpg,train,0,hand+shoulder+mixed,0,2250356b12c1d7b4b6c2d5ec32ec2db642eeb15e96b8f77716a70f486c1f8c96
IMG0003557.jpg,train,0,leg,0,0aa509390f3c707f29f0c24ed0dab548422b67bd1129d8caa51727b440e9f28a
IMG0003558.jpg,train,0,leg,0,3c6017e726f299322ee38da1a7acbc71df54bf9c5ba9985bc13cee6443d5a75c
IMG0003559.jpg,train,0,leg,0,e9b48dc27c6ecf082a071718f14ce42967711cafb62a1fb90986ddacac303023
IMG0003560.jpg,train,0,hand,0,915ffe4cfb78868e4526acac84a12b20d1cbb60e0f4f52c9b7f77a555520cc0e
IMG0003562.jpg,train,0,leg,0,e1be74b9be14d00d060e0a744de5c2c0168708dec32e681c7a5d6dab3fc3f04d
IMG0003563.jpg,train,0,leg,0,2336a1b2b59b96be37780ea1f4a896c73c5cb8df80310feb97cb0d2b0256eb65
IMG0003566.jpg,train,0,leg,0,4ac9f8dca9ba85aae2991ecbf184a305035e172caf9afea24976364f5185c00f
IMG0003568.jpg,train,0,leg,0,7f9daba30dfbc037df6adbc30e6bc4ad8d3cf4d6ca26631b3fe6089521c141a4
IMG0003571.jpg,train,0,shoulder,0,381596dd900ad12989c4968877bee06216f664d2b43a174d5d079dc6b8d4c9ad
IMG0003572.jpg,train,0,leg,0,be36520f3dc9d907412a106ef77cc526dd25ee63e83881d0595979d0ed229f59
IMG0003573.jpg,train,0,hand+shoulder+mixed,0,ee2c1f76ebe5038b8fd67442a974aff6885b5ed456462761b471517079196be1
IMG0003575.jpg,train,0,leg,0,e4cbb1022fd5b684fe9e52e5f00117c953473cd513e50bc6bdbae3c309471b6b
IMG0003576.jpg,train,0,leg,0,6cec1486e4948cf013c69252a1c8267f6691eed732673a4fe403c77dfff122a9
IMG0003577.jpg,train,0,hand,0,111dab7ab2613f5f266aea0a8e050f97dfbd2f956e00ac7bfa0b85df9d583cb8
IMG0003578.jpg,train,0,hand,0,1e1e9811ff8a1c89b70f45e454ca9893424da74d3d6ece8af5e66512ec07852b
IMG0003580.jpg,train,0,hand,0,ace864da7e332a3b81fe59187e1afd1927031fb212ddaa8c18cadd4c6693251c
IMG0003581.jpg,train,0,hip,0,2a217b4e6c7e2cabd4fea830f753a213cdf1dcf41c5ea9f4a88ef2a5bf8c24c5
IMG0003582.jpg,train,0,leg,0,2e9b69fe034f6a4db4592d1fd34bb526948ad4657a7cbad34d4adce7ef8fa876
IMG0003583.jpg,train,0,leg,0,1608b51c8bc59b17e4a111567a58ba71cbc9c6cf02b89fb09d0be02f2f995c3d
IMG0003585.jpg,train,0,leg,0,7e4e85f3d25e263963ff653a2aebdc87b6a5309fead50431f88f99cb46205dc1
IMG0003590.jpg,train,0,hand,0,70ffd318cb6a2fb336d3758362dce365ba097e8fa0f4d7fba2abfdfb016d861d
IMG0003591.jpg,train,0,leg,0,c472f92e325a4488eb59fd998d0608adebdffe664e08942e7659c5bbcc864a9f
IMG0003592.jpg,train,0,hand,0,23c7eba819c16ba636b869bc0a34db426f3457e9a94661c8a860324b48435bfc
IMG0003593.jpg,train,0,hand,0,37508da2d041878fb95a1d34262538302f96ef02c04c703171ebe134be81e7c8
IMG0003594.jpg,train,0,hand,0,380e883d3c1b1133f3e5d38209b4f28b7606ec38bdf00fd5532e3b517ce3f82b
IMG0003595.jpg,train,0,hand,0,e62c18ae7137c2bc10dc9d6255b3a8c51b5e514af555cb1987b2375bb33d608c
IMG0003596.jpg,train,0,hand,0,c402da1f93d4766401ec02479294e0b8afceb09e9895e8d63a0d79b5519c2738
IMG0003597.jpg,train,0,hand,0,f66d41e44b014848f2e4c2abd48f5f581f185f2c0c835cc97afd7f4540bb60d2
IMG0003598.jpg,train,0,leg,0,2dde9dbac5a8594c418c876ec5f4e51a90fe78b5df5be889184df56a77f957f8
IMG0003599.jpg,train,0,hand+shoulder+mixed,0,1470e30580daf6343f8e9c3044900e10c89aafd90865876aaf69dcae40f3380d
IMG0003600.jpg,train,0,hand+shoulder+mixed,0,7d2331f29d6e0b5fc6fa9a8cae455b278d28fd45acea39c149a5752a43906e15
IMG0003601.jpg,train,0,leg,0,a94bfea371446ceb47a2c7c6696ce3239afc3698790f5d9f16191085e2a821ff
IMG0003603.jpg,train,0,leg,0,fead86b52f22dcdde8536ad84068e105b1087fa1a7d5f1260561de1ee23b6dcc
IMG0003604.jpg,train,0,hand,0,f053c0ee7b07cfbf9368392313509dd42e8e6960358e6a4dc3674b203fd45436
IMG0003605.jpg,train,0,hand,0,3e27ecf28f0e26da301205fc8a8eb76f43a59b3364401425e6a429d5c31c57fa
IMG0003606.jpg,train,0,leg,0,5535d915c72babeb6c9ca1cd9e686203391b69f104f9e3c0ce782c0c084a7585
IMG0003607.jpg,train,0,leg,0,8a5242b3c529263725b2b40eec8fdd63819ab22d1c9be56fd89540ef3f722022
IMG0003608.jpg,train,0,hand,0,01263f1c8b8d7dfe7707b41abf8669bd30de11d300ac443a60db6400d628d0ba
IMG0003609.jpg,train,0,hand,0,584ce50d5dc848f685ca9ab65b16b53b63c59e6a283e193474f4f48bfb1fc9b9
IMG0003610.jpg,train,0,hand,0,dff76d0b42f29ba5badd6ef75db0fd2bfbc5c8ed9725a267d139b2d4a27fc829
IMG0003612.jpg,train,0,leg,0,d196e4519f89b0f89b3712dbcb940cfb501bad527b5221421d1bb0e5d784fe46
IMG0003613.jpg,train,0,leg,0,1db296f8fb957e5c921458704d6d760c9180b33e97a56d7b50f111120d9c1ce1
IMG0003614.jpg,train,0,hand,0,4f7d7787cd70ce63f854c343a223ea098cb2a8b09a2f6cf40a68fd7e70a6392a
IMG0003615.jpg,train,0,hand,0,638225df6e78eb27326e91e6f61df0b660f828931ffd8fa5c1b11ace94e1f35d
IMG0003617.jpg,train,0,leg,0,d3e2da313162768899e0afcf5c48d3512c980b19475fc5f1aef2c58e9e5e63c1
IMG0003618.jpg,train,0,leg,0,21b18d3104d9ab134e3c0de4a42ceb555a63f8bf35abf75f876bfd4530a54a3f
IMG0003621.jpg,train,0,leg,0,ebd514eaf8e9ebbcd47e9c8412e011d9a72b217d11d31fc1d3e4811f5901c96e
IMG0003623.jpg,train,0,hand,0,3ce614edcad47a0cb4f2f78889bd10d16639c72cb7c8d02dc47becfb545e86ec
IMG0003624.jpg,train,0,hand,0,f66334d35f4885e93193e538db467867f4c345f9c66ad57aa7ec07ee45717a03
IMG0003627.jpg,train,0,leg+hip+mixed,0,3bb5fb8349279a82f872be357c04b2a1288ce80ca123cfeabd0905ee681da0ed
IMG0003629.jpg,train,0,hand,0,a20091b2b96fe0fe4877f022e33edeae07982d06bff2b354c0f2a6f6037182cf
IMG0003630.jpg,train,0,hand,0,072361f7c66dbf42bcf6338e030ca092823ec7e5ae82b0446fa80d61982658b2
IMG0003631.jpg,train,0,leg,0,57d5a62cfa0f580d7b51a910befc1fbe79e68e89d7a1a3a2b203c94a86207af3
IMG0003632.jpg,train,0,leg,0,0621d234c10d3fc0d8d86204b362ead29d9d1c057c4f613307584ece70ff0d2a
IMG0003633.jpg,train,0,hand,0,06fc273b1909d21ea7bb073ff196f8d3a701f7f3b95aad363bd09720b6413f08
IMG0003634.jpg,train,0,hand,0,e19eef38c0a1854edc7c4bc7b3e1e8a48729105bd8b1e5ab9cd7a4707fe0af56
IMG0003635.jpg,train,0,leg,0,cb83882be791511b3e4e7736da2cd564c2dc2186445ee4acf2679696a9296808
IMG0003637.jpg,train,0,hand,0,0eceeee0f45ecc9a6594add535e5aedd7d5b71a95bf5fa244956baa10c72ea13
IMG0003638.jpg,train,0,hand,0,b06e46612afe840d75afb071f2ae2593368d6a0445d367d2583e8b94c2d9d9fa
IMG0003639.jpg,train,0,hand,0,da7da1b2948856b5eec38a1ba324eed7f4a7817719c8ab785b807581c39fc94c
IMG0003640.jpg,train,0,leg,0,dee17df6be088e91975c4c39f4a958ebbbf7213903f334b942b53fed7d74a75b
IMG0003641.jpg,train,0,leg,0,2d82713e12b26d0d2a8cc777fd6b520b604bba29430aeb82c2f2c7ed68fef3b1
IMG0003642.jpg,train,0,leg,0,0dfe8ce933a80f6af8925478469a7073f29bc4f624ac074829ae002b5cb4ebe1
IMG0003643.jpg,train,0,hand,0,d0d292daba001e1514033c3910adfdfe67579b4274435ab7bfb4d4acd546b75e
IMG0003644.jpg,train,0,hand,0,16e1aed8fdc25b558d4b781df033b3825e35109e8ef21d63513aecb018211149
IMG0003645.jpg,train,0,hand,0,d88e63a75ef0c3ee54606d61af7dec15454687a62cc4d3d130d2ab023127ee8d
IMG0003646.jpg,train,0,hand,0,bf9ba869ebb426b34e669d79a78c91664628793da614e8aae36d877fae36623b
IMG0003648.jpg,train,0,leg,0,d2d058aa4cfc1615c80263559538118bda81c5f4a588049740729024232f4741
IMG0003649.jpg,train,0,leg,0,f43a15de60b11b565a1e48bf1d0daf5b18c16d5123d82615711137f6149ab5e7
IMG0003650.jpg,train,0,leg,0,527071216f6405c0dbefc71f26eab991d1e8ba5bc70eef609a7d04350a7889a1
IMG0003651.jpg,train,0,leg,0,b22e24a3d508001fdc452eac70646d02fba7525f5351fec39757eed23f33c70b
IMG0003652.jpg,train,0,leg,0,f267e2d65ea83f088b2b9bc7401bf9e70f46f98968d233e5127de7f4d6b79c9a
IMG0003655.jpg,train,0,hand,0,7ca196f4d473d709aee8cbfa6cfbe63b15e96f6679f159d57a35eae7d93c883c
IMG0003656.jpg,train,0,hand,0,cac7302367c2f53e1845df7668c8bc904fc4e161edf0cf1fa2a2f244bacfb78c
IMG0003657.jpg,train,0,leg,0,3708bed834fd362b007d6974f779e160aeed799f3f93c80dfeb04f722123b898
IMG0003658.jpg,train,0,leg,0,53e74295c83e3754b27ccf27abb37dc7614f8f2ec1bde9964c9f58254d3e13fb
IMG0003659.jpg,train,0,shoulder,0,a58c9b53d54c841b6d009a617d871ef68b44235a069fdd1f164245d6763311e0
IMG0003660.jpg,train,0,hand+shoulder+mixed,0,e87e1ba606a89ba99c269cd4890492694ff7f059b4b20489238699e8cafe06f7
IMG0003662.jpg,train,0,hand,0,6b4d8d4621b45a6b12200a8b7188a86762b902a3d5296db7fcfad7e02245b567
IMG0003663.jpg,train,0,hand,0,687c1fcac31a31ddbf717cd686a0f4f29a6270a4066e0e2728b08174e1dc9450
IMG0003664.jpg,train,0,leg,0,2c48d0239de712e45943d2c359192180e36f2072d0764dcbf811d0842d998b21
IMG0003665.jpg,train,0,leg,0,91fcca6f38cf600525747dfdca2774176c6ed69d0d34901ae0b2fcfa6a850824
IMG0003666.jpg,train,0,leg,0,55695d5133c2ff303ca5477031561eb38008355c671a546b55410d2695d54e4d
IMG0003667.jpg,train,0,hand,0,724c8feeb5dd0e080f229091ab2771a2190431ca03f7c115348a9656c567e7b3
IMG0003669.jpg,train,0,leg,0,be9c298cc59f4cb58f645f26b747198eadced5a88f4edfc148737f0c86ab1b89
IMG0003670.jpg,train,0,leg,0,7bf5df1974c887852bad1c87d19df4494473c0978542806a0a2d7ca62677c04b
IMG0003672.jpg,train,0,leg+hip+mixed,0,8ad881a7c7995372d8b078e66b09672343416505734a5ac334f1e86bfb7a08a5
IMG0003673.jpg,train,0,leg+hip+mixed,0,343dea0910b761ce009d86e979f686a2da61adf4574ad2fc9d619c477295b46b
IMG0003674.jpg,train,0,leg,0,ab20dbd21ea403aa25cb8e28f2f0e2994712811297d9e4a32f7d0a1ba8cc98f4
IMG0003675.jpg,train,0,leg,0,f188484cc18345bb7a3f351b4a56c9a80f852da650e2033bac6b874f86379c5e
IMG0003676.jpg,train,0,hand+shoulder+mixed,0,08a71beea9c31787bf53d5b21fb3059b17c9434341baa035fe108138f9b05dd0
IMG0003678.jpg,train,0,hand,0,61c6de48fd43974cb61914e69a805ab21ea6d20692cf3edfee202ce1553f7260
IMG0003679.jpg,train,0,hand,0,ddbed729941e894cbb91294e65f918794546c2e8af86912830f06977d53ffced
IMG0003680.jpg,train,0,hand,0,426f49cb0ae211393e57ca8fee2844581a6b09705c7f82239634a38ecb3ac5d8
IMG0003681.jpg,train,0,leg,0,2b3ccc5b281ac3ce11eeca6ef6e30606817f149a032d9943f9da0786c5fe8469
IMG0003683.jpg,train,0,leg,0,864ec652dc1194785b5f571d98a100e290b05a3faa386afa844b28adb927fa18
IMG0003684.jpg,train,0,leg,0,f3ba060592a73eab37aaa79135ab0c10b1b55076a2da4df9d88cc92c1c441047
IMG0003687.jpg,train,0,leg,0,23e8ff92e68289339e398196a705a0ca63e9e9284ce5d2ba6698349191d62159
IMG0003688.jpg,train,0,leg,0,0cd2d45628d8fbd323aaa91063c22a942484451df68e3cbec8275f385d5ac0ae
IMG0003689.jpg,train,0,hand+shoulder+mixed,0,1b6d37d8896f61e428fa715b8adb1626433fd6395cf8208758a2d28b101dea0b
IMG0003690.jpg,train,0,shoulder,0,bcde411658e49e29a7dc81706f75605bd9e89ca70eb5f4fab7acf924f32ed140
IMG0003691.jpg,train,0,leg,0,51a17749b275f17a3caa443703451ef2bc2723383f03780865ac277405ee5c10
IMG0003693.jpg,train,0,leg,0,96d43ff772f445c9913748435115c39eecab46d681bda3d623b6669c7b6d0959
IMG0003694.jpg,train,0,leg,0,85f6915dff17fc283a729e6119496f61a36d9163b0d8d67c8fdfad91bf231686
IMG0003696.jpg,train,0,leg,0,9b895f42b1fdd4208b1e2405393c4071fed0e04b4a7228addfeee45d32caeb7a
IMG0003697.jpg,train,0,leg,0,3f6b8a34320b003457141009ed89304438c9a57959d9a2081905c205103e7b22
IMG0003699.jpg,train,0,hand,0,21960be1d19a334367caf002e92324697232dbd55b0026f7314ef9da0d90c71a
IMG0003700.jpg,train,0,hand,0,e3d4af486661854fa44059fc81507850ad9b45353d440162f9a26e9b75188646
IMG0003701.jpg,train,0,leg,0,269f4b90c20cf48dca448d9ee26efd2f87d5173819218d1cdb650472352336e3
IMG0003702.jpg,train,0,leg,0,237ec1ba99a0f7fd4cb812835f3b09f51b4683c5df2a08756f6ca86a946e06d0
IMG0003706.jpg,train,0,hand,0,dfb636d78eb9b6188824b34ee660a10efb3010f64c678de6ba2f1f6e1f8da535
IMG0003707.jpg,train,0,leg,0,7d3c15c5853524d7958476f6438d303d91d032dab3160c8988ed196a2cb80007
IMG0003708.jpg,train,0,leg,0,5843db896571ad85f0df0f79b347f733240fee19e0e1f67ad5d614a428217bb3
IMG0003709.jpg,train,0,leg,0,173cf48ff4648c61651094923b37990fa0cdfdaf3c7b4d0659b7752c313782f2
IMG0003710.jpg,train,0,leg,0,d028d3adca41ef15e7d4bd4a10658effb32db03802eb499fb08192dc4df7c52d
IMG0003711.jpg,train,0,leg,0,20e39cdcb391b5eaca362ce2a0bf6d84961599481eca4126815592819c3dabbc
IMG0003714.jpg,train,0,leg,0,f5bac27022a3a17a7f42649291ceea49b672561a111180fa1b9af73b9e41b48b
IMG0003715.jpg,train,0,leg,0,06fe9b70c11eece7296f6400b4d64482dfeefdcf1ad35ad1f2d30ce5245226d5
IMG0003716.jpg,train,0,leg,0,2bb73c1ed71169a525fd23f45b6626478fde4461c7ea722c74cd6d09b6d45913
IMG0003717.jpg,train,0,leg,0,1732655280fdf246f17f70e8003866e4e8f8e8540930a5afe797264f577dd7d4
IMG0003719.jpg,train,0,leg,0,5401070ee844d912d50b71363aa57a023d0351597231e71b89f4577d8cd77004
IMG0003720.jpg,train,0,leg,0,75daf69376ae3dceeb623da6a5d0fd0f7395532cd4e60062de1c6c76fe4c2054
IMG0003722.jpg,train,0,leg,0,e954c711fda49542ef86e278f80baeefcc16c9d0cd8fc7a6bb1157a123292291
IMG0003723.jpg,train,0,leg,0,d3ee45accd58d4cfb04f8fc27ac273573b5bd92d0e1165d218a6ec914e676abc
IMG0003724.jpg,train,0,leg,0,ae62b1c9c01e4299acb1b7cfdf27fb57b952c3a87a59f12894917149fbb29b49
IMG0003725.jpg,train,0,leg,0,9551abe30f1f4c84be0a4945ef977fcf75ad00716b99a4dda6dcf34d41da6653
IMG0003726.jpg,train,0,leg,0,d207b846112f01d929263d05cbbdee2652c67399c6b002cd5b4e4d6bfac34b40
IMG0003727.jpg,train,0,leg,0,468691e829f3bfd22a32d78f1ce9a7ab308b9844a518222424dd477c4377c0a7
IMG0003728.jpg,train,0,leg,0,2d482fc37fe765d5177d1f1192aad5a1c81d38aae2174507ed9bbdda45fba510
IMG0003729.jpg,train,0,hand,0,4ca2a7f678ea67da97589d8efd9900b4c2fdc90acc42e66e6183e7d92d5b6c44
IMG0003730.jpg,train,0,hand,0,29e63b50362f7b79259c68ccaca17d5c5131468c97e2ba68f354428b93994e5c
IMG0003732.jpg,train,0,hand+shoulder+mixed,0,aaba7b3095139c2729d971fa5cfccae69897fbc6f664c58e93554a4b0b0faf26
IMG0003735.jpg,train,0,leg,0,596280b9e50b82add915edc4b8edd62784bb732f16930a265ec048bcbba0c2fd
IMG0003736.jpg,train,0,leg,0,d45c7ca007fc2158a8f353d7cabf2d91000c8607d297697fc3bb055d3521f950
IMG0003737.jpg,train,0,leg,0,89a7930ea7775185073ca534527616563acc59eb68fa52c58c706fc3ce8cbac1
IMG0003738.jpg,train,0,hand+shoulder+mixed,0,a5009d1f28b86c60d1681ba9858b4897404d1b3d76102dc5b13691608e4ec0ca
IMG0003739.jpg,train,0,shoulder,0,c7841624e3a449544eedd55d4ddc81f6c63f27b217930685ac288d1d001c1667
IMG0003740.jpg,train,0,leg,0,86a99548a9128c52e0f6dd1cceddf854bf91e8c4d533f1245983dc0226178373
IMG0003741.jpg,train,0,leg,0,d06f170e7ad04334ba7601cca22dbd6751ceb46f52dd24e64e5d4769ee77e1e9
IMG0003742.jpg,train,0,leg,0,87819bacc9e7927eeec8a99fc6c53f341038ac6a80fc0966d8109fe4512ea39a
IMG0003743.jpg,train,0,hand+shoulder+mixed,0,02f56759e8b07c0ce0a85827945ebf974a6a1f5da03b3c4643c5528d05278ad2
IMG0003744.jpg,train,0,shoulder,0,f5309338186573b5ded169096b67cf31838c42b3320d9a80b35061e6bd352729
IMG0003745.jpg,train,0,leg,0,7102fc8391cb91c386362e9dbe174f161bce21ab69c08bf4d6c5f0fcf9d0ebf0
IMG0003747.jpg,train,0,leg,0,011bf681351759c4a2c72cf4da63430358002cf5b1379083224052d75f52b657
IMG0003749.jpg,train,0,leg,0,13c689265a4c3815bb5c5f305702a2588443443bf9674d7dbdb423a027fb24c5
IMG0003750.jpg,train,0,leg,0,47d884347ea5b07fee65620da4b322043a65a1e26db49635c2c12e20c5ec5edf
IMG0003752.jpg,train,0,leg,0,b502669696b77616ce96ce02a63e69f291aa6d0f7397218a498247ec21337ec0
IMG0003753.jpg,train,0,hand+shoulder+mixed,0,223c48e4113a9d0729fbcad3d00f68dde9f8c64adf4107a395eb0266edf56c77
IMG0003755.jpg,train,0,hand+shoulder+mixed,0,6e2d0efc1f5446580aaf53ffe1daeb2d6ad2ca7c5c33cbd80e03d84c1665a89c
IMG0003756.jpg,train,0,hand+shoulder+mixed,0,a94989f5bd34b9c441bab761cfe74ae170f2a226539e56daf4d174861cdca75c
IMG0003757.jpg,train,0,leg,0,e55dea0e319d118a2ab9af35bb3eeb9c08de828931168fe914cafaf1c8f516ee
IMG0003758.jpg,train,0,leg,0,cec23c24104d5ecb025bed5b505525cfda896e8e9693c81a325b5789cdd0c1f2
IMG0003759.jpg,train,0,leg,0,a189680a498783f367adda3f21785bbdae0bed531c99447da9f1e472bc520d4e
IMG0003760.jpg,train,0,leg,0,94865958dd0c86371f63155c053728984778aeca8a2153031940921291575847
IMG0003761.jpg,train,0,leg,0,5da61b78617145e915d7a4a318848a3bc2d2796de877a0172485ab2b21d77e35
IMG0003764.jpg,train,0,hand,0,127e2132386cd9dd575ca56ea55d206b692693e49a04bee921ec8aff6267fb15
IMG0003765.jpg,train,0,hand,0,9222aecaa4c8ea85907b0b4b57ed458b6d263d7a7040c5ff1ee88c01b4c3ec09
IMG0003768.jpg,train,0,hand,0,16d33eb6cec211c6af5bcb55f8e5d0e4b46c556951e070e46583f915269fcfa2
IMG0003769.jpg,train,0,hand,0,06e601ba6c3e3a467f298c2238b0857610197dc21244295bc83d16d6cd6d5392
IMG0003772.jpg,train,0,hand+shoulder+mixed,0,c5b29c3f9c51414477be82aa6e3aa05aef43e292b86a8a253c9ed0843fc315f5
IMG0003773.jpg,train,0,hand+shoulder+mixed,0,d8e52dcbcd0b409ca3dc15ead35f67f4d6b485f753dc0e36daeee30ee156b057
IMG0003775.jpg,train,0,leg,0,d304421ed7073f1f2ce93c939921e0f5d96e8e5347f5e117a041ed6bd38cf124
IMG0003777.jpg,train,0,leg,0,cd0a7504f6d8cafa7016968efff926bb174bfc0bcbdd2ab0b7c18e5d5c76ae3a
IMG0003779.jpg,train,0,leg,0,fc1322d888ae0357ab6f7097c055dc426ce7dd18b70c6bc08a18241c674218a4
IMG0003780.jpg,train,0,leg,0,549877fffb1248eb3e8eba8d1a6b73fe0061f7dc3a6d0cdfff5221c176111b23
IMG0003781.jpg,train,0,leg,0,7aa96e84e60c120840c5b0cc81bfbd49a2755069c76f295a957792cec4974fae
IMG0003782.jpg,train,0,leg,0,4669e1b11bac2d1aac58f68b08684510eceff18b8a1b433620b99c7c4bd0f963
IMG0003783.jpg,train,0,leg,0,85a1d46c8a206e0435e992fe0a2356a999f82b27e2690d3415d2b5503e79203a
IMG0003784.jpg,train,0,leg,0,9a12c1b20e738bc368f246f52dc5874d969c1f5cf70de6c4ba42e462406590da
IMG0003787.jpg,train,0,hand+shoulder+mixed,0,a453f89812cc866322eec0483e9ab5264957c294630cfe0690ee2891dd916056
IMG0003788.jpg,train,0,hand+shoulder+mixed,0,f4a47606846fdb4db2267d1810d9a3d6aa697c0cf3705ac1762ec01afdfa19b1
IMG0003789.jpg,train,0,hand,0,c8638a1fe2a0ffeafba09fb99df50b18a7f650579f0e7893e445b2eea29f3da3
IMG0003790.jpg,train,0,leg,0,c05f22316eacb02172ddf566b5e161fff89f9ade06a12dcf457ae66f54e7f0f4
IMG0003791.jpg,train,0,leg,0,03a0eeaf2b6cde56f3d6d65ce55ce9ba6d3594d2fb6b6c31f8d6b092333cee73
IMG0003792.jpg,train,0,hand,0,0a44b2a0905b2faf79f483681d5d8b2f21f714a40507994c1aab652b57b81e7c
IMG0003794.jpg,train,0,leg,0,6169fcd957673b4b68c0401009d84a9945dd28f730acebaaafa31b8e1ddeba56
IMG0003795.jpg,train,0,leg,0,77420aeabedac436b5b8fc12bdc0924260b3f180259b67f858570bf95ff6947e
IMG0003796.jpg,train,0,hand+shoulder+mixed,0,c9e561b370ca22e4d2dc29416b106ade0f02098143b475432c08d71f29bdaf0e
IMG0003799.jpg,train,0,hand,0,508d0500cc94b15942596bbe3c8da6cb613515bcbc5d4ee011564b814ea4feda
IMG0003800.jpg,train,0,hand,0,c136ade30069c00f2d733920d0d3f0d44d2efc3988506caada62aa3ee2783107
IMG0003801.jpg,train,0,leg,0,2af63e70e787d131786a3fae9e96a3178fcfafbfbc5f5a115a29ce459e5cac79
IMG0003802.jpg,train,0,leg,0,e649d13a735a75ace863633cf06913e4732dceff78d9369ba3e39da4dc93778c
IMG0003804.jpg,train,0,leg,0,1c68c69abf17322d50f40abb05b2062e737686de33b71a6b761cbe0e9ca0407d
IMG0003805.jpg,train,0,leg,0,0892ad4461bd3cf9dba5c5b41465ec7adc9c3c2264799b0fcec94caf36d2d47c
IMG0003806.jpg,train,0,leg,0,7401642dc2c25b68022ec47cddc6a9e918a7d0d75ac9863516135fbd7bcad52a
IMG0003807.jpg,train,0,hand,0,967013b7dd35627c0643a7960897bbebb5c8493d0fb6a396f8253bd9c5a28337
IMG0003808.jpg,train,0,hand,0,0600df71dc4de4e5bd17d0cea77f970fe75d5709dcd59b961dc27e727775a08e
IMG0003809.jpg,train,0,hand,0,0f4e19b7bf5e4efe29c61e32dc230846e9f71730ac592661512c4ccaf25e0947
IMG0003811.jpg,train,0,hand+shoulder+mixed,0,f09ebbcc6b0f097ef370f7a12fc04c2c75407639efc1848de5307dabb65b0b06
IMG0003814.jpg,train,0,leg,0,c00d9dae6b26c4313fc8a1e53dfdd0cd68dc57942fc9f44ae6f497957384dbab
IMG0003815.jpg,train,0,leg,0,6fd7d95381971ea7b3bc04ce88de2c64ff599937c1339041e1ce14c5d206c1ef
IMG0003816.jpg,train,0,leg,0,081f21b19f8a832852b18b1714501b42e597713bcebdbe61e84defefa412fb9d
IMG0003818.jpg,train,0,hand+shoulder+mixed,0,5c49ceaef660d1567e28a5d88530d0d83e58f6babb6ecae66401271762c95dad
IMG0003822.jpg,train,0,leg,0,3a0ba9501de8e20b7538a16bb8bfb7b6fb2ac9ed559f8c4e658dd32d9e6096c2
IMG0003824.jpg,train,0,leg,0,758f1da695b1608d9b449740bfb4fd9388d18d1984f9a6c03ee52fa2607b4882
IMG0003825.jpg,train,0,hand+shoulder+mixed,0,f540531766f37acba8f89836687d64882fc9d195bacca1b94c81f2d9fd19372a
IMG0003826.jpg,train,0,leg,0,3b18287b8f8bd2863cef824973394947b1d540e813cf378f7568117771042939
IMG0003827.jpg,train,0,hand+leg+mixed,0,c43886c1096348b0bfda887336b44849caa697b5fbc43b6284af425627d84751
IMG0003828.jpg,train,0,leg,0,9d6953b756276afc047d234cccee098894580e7f80052ca61c54edc5395abc7f
IMG0003829.jpg,train,0,leg,0,c5c19c706960949dae5477f66b7816d3fff03b6b7a87deadf17dd1016cbe7dcd
IMG0003832.jpg,train,0,leg,0,671074fd4635aa17239487330846a5fa38c6589b38563c4e8d282e9fd704665d
IMG0003835.jpg,train,0,hand+shoulder+mixed,0,ef366aeebf998db2c89af56c812d0ff43d850c629a20500ad16ca5bb264bc1a0
IMG0003836.jpg,train,0,shoulder,0,d7562978b1e72e81f639b61dfffa98d7eb513db7022dd4b9ac7c66c045e7f1be
IMG0003837.jpg,train,0,leg,0,08cc9ce759c120fb986bb40faac57f52951011b9cf7c46e1c411e5b01f5d2f3d
IMG0003838.jpg,train,0,leg,0,171eaf5c8499af6330f14513ea2168098173e3b916c1f384c85ec8e25f678379
IMG0003839.jpg,train,0,leg,0,54779a3c852013ac7c6273a14239bd76ffcdcc024d7ef2b07f92e9eb970cfb6e
IMG0003841.jpg,train,0,leg,0,c8b9bda52306504fdc0a3c4af143690ae9125996cf15af5fcb55473610572178
IMG0003845.jpg,train,0,hand,0,a7001282c1e7045dd6ad041e765a5ee691c209c476bdd3493c872a673d6aa2b8
IMG0003849.jpg,train,0,leg,0,d70f5518eba92e8ca431701c4c68c3e29cc626ef8b4ba2721153d2b773787a48
IMG0003853.jpg,train,0,leg,0,728204aaa6a8375dd88896011e7e4649022c793feb54a599465d2aabd27f8c55
IMG0003856.jpg,train,0,leg,0,f803754178e6d1794475380083247573a2458ce1b68fbfe4dc1ca0075d459dcd
IMG0003857.jpg,train,0,leg,0,3bf12ccfbd2c6a9478ff28ac084c9f1bfa51a51aca9fef637fe9ad9337302fd3
IMG0003858.jpg,train,0,leg,0,518898f8c1cf4f8b73c8302d55f36582a05498f4a753a3d04afcef29c56a4172
IMG0003859.jpg,train,0,hand,0,2c3ab154ebd0d2cc5b5b13a0c9c6e823e3586875137bfa507dea82016ad05239
IMG0003860.jpg,train,0,hand,0,7069cb7e81dd88478174cbfd0727717f9d91cf394aec34cfa0b0a500c8b99662
IMG0003863.jpg,train,0,leg,0,ac7c15cdfa89f342e8152325182ad0a93b72e7a4aea90761635fb30bf04d98d1
IMG0003864.jpg,train,0,leg,0,105bd7031c4c6d236682ecf10761c420ea19cb73f833914e7813227cba2622bd
IMG0003865.jpg,train,0,hand,0,14cb35f5b0f9f7e45c35049204e86960ed66552a01c3ccb54a9158e89c038a6d
IMG0003866.jpg,train,0,hand,0,4e26879230fb5d3173916fe53cbd1e307889fc81b3c812e7ba3d24361fe50e32
IMG0003867.jpg,train,0,leg+hip+mixed,0,a0d600bd3020cd9524e08d02e44f64653e03b17947e3e7428524d6e8047fcda4
IMG0003868.jpg,train,0,hand+shoulder+mixed,0,35f813dce4d4b4fa94284d3e4bd7d332da003434b65c113a5500b30d4818550e
IMG0003872.jpg,train,0,hand+shoulder+mixed,0,89e116a82f0ba01535cf936d8d145119d20888cb2a08a79884a17543818d3006
IMG0003876.jpg,train,0,hand,0,e21ae22c6be6024dd13991ffd97117318d874271669a4423231c1f8c176a9cd7
IMG0003878.jpg,train,0,hand,0,a3bee3fbafce0431bc3dce18c1f66e6abc5be101c8a8c1a776de43e54d0fdcf0
IMG0003880.jpg,train,0,hand,0,61f03cfe21938aa15288c316caf8578979026d447bdf6499a59401d52fa5a6be
IMG0003884.jpg,train,0,hand,0,29b1b69e6597b5acb50ba9c81067c2accc18055b9e360cfc185c887af92dcb40
IMG0003888.jpg,train,0,leg,0,66e7cdaee557cb843b8001090a5f417db6c16a340094c8ad03ffcc053cfb2824
IMG0003891.jpg,train,0,hand,0,3d777ea3e2291994120b3105c3601241bd56a6c420c1e64672cd67bc7a77b36b
IMG0003895.jpg,train,0,leg,0,37db9d2cd8b951e264ace48bf88a0caa441deeb606e2b349a87f29e12c03784c
IMG0003899.jpg,train,0,shoulder,0,fb64b237a89460f4a3532b3bcf5f19bc329f83e44aecb3f68c87852ac9d0c075
IMG0003903.jpg,train,0,hand+shoulder+mixed,0,7ea6cdbb79c96a601de8b514d4f75671e20212adc88481cdab643213ed385764
IMG0003904.jpg,train,0,shoulder,0,85307d6ee3cb1c90713046ffd5aec334eca99b586d4cbe5d9e84096898e93f87
IMG0003911.jpg,train,0,leg,0,fad67f0c1239856d7abdb56fe8e7a5a2155db205a9d73f9f5ce9f295f10a6fa5
IMG0003913.jpg,train,0,hip,0,fdb355c656cd9b575d7d5c5c070705345f591e72a707188dbc3104bc286a5dd3
IMG0003914.jpg,train,0,hand,0,21eb57a33e4ee1c4a70cb29224cb51ae3313094aa86db7f140b47bf9bc9220ef
IMG0003915.jpg,train,0,hand,0,01fa9b407e1549789d9949f50baaa839408d518bc0f32bf28d3b729f31992192
IMG0003916.jpg,train,0,hand,0,738979a20d87449b2dd6fc28e58b10fee377bec56555eddc63dae209db6bea3e
IMG0003917.jpg,train,0,hand,0,fdf9c895e6c318378682abbd79ee31f7e7bd57b584fa869a057857df4d5590db
IMG0003918.jpg,train,0,hand,0,d4963cc3834b86f5528c309bdb271a1953eb030b210897d1022f00f2aa5adea4
IMG0003922.jpg,train,0,hand,0,6bbfe29b29e1c49b2ad703875a9a826acd5eafbde93605c4f4ff2d8f4793d9d0
IMG0003923.jpg,train,0,hand,0,a40dc70ca8e260af6d9f5172be2108fb9320c8bb5a41698f9b8cafabc902083c
IMG0003928.jpg,train,0,leg,0,8516f5dca6d852b70a704388eb74cdae3a4814f67ac9d117102d5a8403b3c868
IMG0003929.jpg,train,0,leg,0,81276d8e804d0b23e79618a5ad4c4bef026b11f2aa59e4aeb0686a791adb971e
IMG0003934.jpg,train,0,hand+shoulder+mixed,0,6dd214b5f7017239c0c80855474c24eafaa33bc26077bd4d405096b7a18be7ab
IMG0003937.jpg,train,0,hand+shoulder+mixed,0,879ee6cc815acb0f9b204f13094c7d9b22dcbb291debafbbfec44f08ea1ae0dc
IMG0003941.jpg,train,0,leg,0,fff1fb3f2061ccabc935583949afe1e97f2647ac72a60b03eb5174ed632ba2d2
IMG0003945.jpg,train,0,leg,0,c76c2b1f766b6f10f630a89e48f3a7f54ad5572dc9a16227ea5aa4ccfa33130b
IMG0003948.jpg,train,0,leg,0,1965eea19c61d557d58acaf1bcd350118f1c1c0ffd6b003e5f0238fcf4ada6bf
IMG0003949.jpg,train,0,leg,0,d7938a7eb88cfeab385909755b9fa7d1733ccc858e5719bc54c20001635bdec3
IMG0003958.jpg,train,0,hand,0,1769447f577a67b8bc0c9d953ff60cc373e4839ade6b91edcf340e0ce637fd9e
IMG0003959.jpg,train,0,hand,0,9c8ce6ad0679f2bf6b893eeed9d32fec35d7a4348bc59f455d0ca9e930c293ad
IMG0003961.jpg,train,0,hand,0,981ccc9205054b596b31b5d5a27b6776fd48e2403717d14392c55c199265b537
IMG0003964.jpg,train,0,hand,0,7890bdbe2699077e8d296d6a98690064c613bb8b88ccc19374b92ff9afa70339
IMG0003969.jpg,train,0,leg,0,99e6a01f34c7203a67599b9477c63d67f9595a147afcf3fc7a856c05fb2e58fa
IMG0003970.jpg,train,0,leg,0,b604bdaf4615bb9cea6d39deae0b4872059afd0c929bdbb528113c8516e9e2fd
IMG0003971.jpg,train,0,leg,0,81964d3a87a42e50de5535b9d1f401e3c4cb0cf7056f9ce26e733209ee630c93
IMG0003972.jpg,train,0,leg,0,5b1bfa93ab33f62fca53accf056438794a305aa295f7830e5f640ec88f0641c2
IMG0003976.jpg,train,0,leg,0,e2e751411300d823ba5c4dddbd6074364683e6b51c5b375e4f6a30176a85249b
IMG0003980.jpg,train,0,hand+shoulder+mixed,0,46f0bb26c9dcbaf1e6cdbeb7c3cda7836796af096dcb1b5c7826dd77d5235ed0
IMG0003981.jpg,train,0,shoulder,0,5e3e9eae585dc5e853784e4f334d451069cc2b01c6271f177401c005280dbde5
IMG0003982.jpg,train,0,hand+shoulder+mixed,0,dc1bfd3b3922e9f5427c72d70c480ae51e070a3f192988496b3a8b1e77e55855
IMG0003983.jpg,train,0,hand,0,f1e7bdc0a49c7555bef8b2993abd80845d58f2e970d03e1d6209f8dce252ff05
IMG0003984.jpg,train,0,hand,0,d1811815f60137eff1e48734cb4da754c6b5e0508802589d930eb3f448cbfc58
IMG0003985.jpg,train,0,hand,0,16b4b3df15587107d964cbfcdd75b7864f8b12cdb461eceeab4a82ee66b467d6
IMG0003986.jpg,train,0,hand,0,98ca446d0a1795693a2ae082d33f2623e705b3e4cf1ade2969819653b25405c2
IMG0003987.jpg,train,0,leg+hip+mixed,0,98bf3f8ddf80306c77d84c030c3eba0486f141160c9406808b1c2b3dea3f79c7
IMG0003988.jpg,train,0,leg+hip+mixed,0,a3702fc190ce3e85fedf7b6f1b867ac31291334054c41fff796bc28f2140c092
IMG0003991.jpg,train,0,hand,0,aa56939c93334e2bf58c12a6b6215fde3c254ee7fbae0cbe972bf302abba610b
IMG0003992.jpg,train,0,hand,0,91797e163bb2f6f661fac4d75ae418561a81dc7bab74a21b5cd45387fb4b99bd
IMG0003993.jpg,train,0,leg,0,5a5af76e029a237d1132094533353a84a3d1dba60f4e984e20aa3aa1afa0f65a
IMG0003998.jpg,train,0,hand,0,0edebce0bfde1a7ca36765b34dc3edf48b3df2d51a663c5745869b9aa161ff41
IMG0003999.jpg,train,0,hand,0,08583c39caa60a0fe0774e1ff9628e424387f36bbf8feb5457159b2209b702c7
IMG0004003.jpg,train,0,hand,0,df54dfe0e7e9dd3136f455a3a9a42f25f1716ede6dba2f07a2f18327ba42fdb0
IMG0004011.jpg,train,0,hand,0,a92b8472e0660e0739ac88a859a3bc3253cc36a6c22efd05d3dffa7c98bbf4d9
IMG0004012.jpg,train,0,hand,0,b1895e1551f56354db2ffffa894c4cf864fe41c96b9fe23e06fb9560c917ef1d
IMG0004016.jpg,train,0,hand,0,1cc4bca785d23985f404930677a2774847501b1383ffac8601164f887828332d
IMG0004017.jpg,train,0,hand,0,1bb138fa791aa1bbcc37239c7638e0e37e901580dfd067443aa461a17204cfb0
IMG0004018.jpg,train,0,hand,0,00c1a5fe3f4f06e480d8787832f1988307d712b2d61ea2fe08b6a34ba40d291a
IMG0004019.jpg,train,0,leg,0,d11a98646b0d553e07f7d5059dfb7d9ef7122673a985b2ad8b0d5ea7b430567a
IMG0004020.jpg,train,0,leg,0,21d05cbff05f7410999036fee54a70b6dc3f6649a92f448bde8f3e141c38fe4e
IMG0004021.jpg,train,0,hand+shoulder+mixed,0,f44f67a3184eed02c8f6e40fc373570878e91e694a3d2285f37a71bfd7f2e4a8
IMG0004027.jpg,train,0,leg,0,baa57a9c6adf23f0ee81b3ed10b8ee636976f038dfe288976d90e2eb907d48e1
IMG0004029.jpg,train,0,leg,0,157cdbe3a1ed061e302f35e61a196186c707bac9a7dc761db32ce3e53166b481
IMG0004036.jpg,train,0,leg,0,6e7c082f9a3c8aacd8edd041b190eb2ad44019d5518884ee499e6ace3c06e306
IMG0004059.jpg,train,0,hand,0,cd1c403a371692cd1d56ad1ad2c43a816cdfaacdc2de896145e2ea4be914af11
IMG0004065.jpg,train,0,hand,0,57502abc9961b2820672c246376b6991c4fc7c85196c8be5a87c613dbe923c0a
IMG0004070.jpg,train,0,hand,0,3f48aac8f88644760316e0877253991459fe1a48c44657936cc73af505e12404
IMG0004073.jpg,train,0,hand,0,0c98ad76c6690fbcc202b3ef5d083064e95ce2d29368308e4d9b967c743089b8
IMG0004075.jpg,train,0,hand,0,a49077680b3a21fdfde5736fda34e91f77c6e4a9dbb2fb0871a3267801ea67ad
IMG0004079.jpg,train,0,shoulder,0,527de3e8a0219f72a405232512debf0fa47a6dbe0a7ef0453f5a3c53c50e7702
IMG0004084.jpg,train,0,shoulder,0,f0820ec868c0948120ec1bf414f199073b7dd2fc1569952e4e5cb37fa0e6fabb
IMG0004087.jpg,train,0,leg,0,f3aa3c53102664c9f78ddde1cac6e6fbd423090d230feee8546ae9a515ca6f56
IMG0004092.jpg,train,0,leg,0,1fc29993726d4d399b3f20331d63a459c16de1ed8d94a26c063705528ec25743
IMG0004094.jpg,train,0,hand,0,ce5662c6a23733c39f9b5ee334b9b318ea452c8e78842cd0bef220a9b5795890
IMG0004096.jpg,train,0,hand,0,f9adab8e7abb6f2f424e03525ea390f4d160fe34332c765894bd5a028f08ac72
IMG0004097.jpg,train,0,hand,0,3c7ff092ae53c565de74afa0fe287a18b559045ff22fb65b1ca57e844d301199
IMG0004098.jpg,train,0,shoulder,0,931232ffa783eda4190083013223a821a575f232180d705a8e81ad50331f1ce8
IMG0004100.jpg,train,0,leg,0,7a626df8eb46c0dd3ce6024e900d82b0ce88139f404d97ce148da068467e12af
IMG0004105.jpg,train,0,hand,0,f640ccac66be6fd6361c07af2598063745ad89d645d3cc47065a6f84c9c5043b
IMG0004107.jpg,train,0,leg,0,89c608f6a73c22b67fb3c82b2bb18f1076ac960e95ce178601756874d67d96ea
IMG0004108.jpg,train,0,leg,0,dafe797977dc8e6ee9c0440168a30832b3b9e04993436c02ee289e6bc86a1ef1
IMG0004109.jpg,train,0,leg,0,957d4baa381f06d65aae305f840cda4ce2ba4445546962e297435ec8a9f227be
IMG0004119.jpg,train,0,hand,0,9d6598c6a49df684c603463b29344dd52a76ce4bce86d8ebf0fbb01d8a94e3bd
IMG0004120.jpg,train,0,hand,0,79b297d03c6cee7772b8c16b004e3abc27a7214c7742ee578ecbaaf441a24aae
IMG0004121.jpg,train,0,hand,0,cb5a448c380a10367991a169ecfe9839b848d80cf1e579d42ce2a1bef880b9fa
IMG0004123.jpg,train,0,hand,0,5ec35d54f9367de493f044ba0da0f9d8fa94f6d7b99381a5abe009b6854f3d52
IMG0004129.jpg,train,0,hand,0,0be98dc5dbc78d76eaae0432e0cbf7d8d01a9b4d7d7e33b618680858f7a6bfde
IMG0004130.jpg,train,0,hand,0,440022076b7a2b8b3b90cfa2a7b3d9e4560f0bbba49cf52485e0f782d38728ab
IMG0004134.jpg,train,0,leg,0,467f9fa1b29581cf3b4aa2e52c77ffa4f942b8aa24123403dce75afbcd819976
IMG0004138.jpg,train,0,hand+shoulder+mixed,0,8dd227a7e7a156f045d83a8ac4c66cd00b4789322682d14168303157b0e11224
IMG0004142.jpg,train,0,leg,0,81e87338c4ea6562449cf9958fe5519851a04de1a544a2a4604e15e1e6c2fd54
IMG0004143.jpg,train,0,leg,0,107d05dbb96bb1f7970ed5200939d9438a6c5d22bbb9f2d22b830ce4c136c59b
IMG0004146.jpg,train,0,leg,0,d6665885dfc73029b8391b24ef458b56ec9db52ed09ea7b7381b0769cca8beee
IMG0004148.jpg,train,0,leg,0,51f361f590febcb411c1c5ebc3b21f34b47dfc5f31af6551d61186ca4d7ab540
IMG0004149.jpg,train,0,leg,0,30c6d22cef109b82ad6a79481adf0775a2df8c89fc4acb635695223ce3fae5ff
IMG0004154.jpg,train,0,leg,0,791b0fb91e2160dc5db4f5de6bf66e66aa4a47a89432d898c7f0c549f7b7966e
IMG0004155.jpg,train,0,leg,0,803274aea1c2b01947134ef99ba965543be696a0da29ad9eb1f08c1dc0b258f5
IMG0004159.jpg,train,0,leg,0,c5c713d0ea6f1c88b6ba596a802d760eff69e6c2e312828998d63413fef3cd1a
IMG0004160.jpg,train,0,leg,0,fe25e9681ffd27103cd4dd76abc97fd787e30697ca7cfa61c1d1e679bc5815e5
IMG0004161.jpg,train,0,hand,0,f53aba4df2542cac63d249ddf3f00e43f9e7fa51a6c5c3af7537a03464ae13a8
IMG0004164.jpg,train,0,leg,0,d4be8ddf1c99c835b7a1a3fa1de4d1bfb239c82b6fef5c49c7ef751b5c348a8d
IMG0004167.jpg,train,0,leg,0,dcd024d1c6002fcd5374e990cb177702a717839f7b5b1947959e4e4e82d35fc3
IMG0004168.jpg,train,0,leg,0,94da43ccd8078eca1dd40201462b589921ae3598c95dc52d07cd5de41c7e7ba1
IMG0004170.jpg,train,0,hand,0,f097e27b18aeb6e38cf3f62db4da6afe99612f0ffe9b6c2ecbf12ea30329ce5e
IMG0004172.jpg,train,0,hand,0,8e6079bb421d09eae36f3032add39f3a5d50cabcf8cbf767da9125e8f450def3
IMG0004174.jpg,train,0,hand,0,e1a5a5fd93a507dbe7ccd033bd2e104a8a625feaa63e5d938283e022abf7235b
IMG0004177.jpg,train,0,leg+hip+mixed,0,c3adba6bf5f754bf74b01eeb472862cdfbf18065ba25d8d23625645b0489a321
IMG0004179.jpg,train,0,leg,0,ee4a9ab72ac13c08d76db276529efa89f289aa96b09a94162c0401120a6568b9
IMG0004182.jpg,train,0,hand,0,17cd796ee1cece5896573a85f27e50cb63662eb47a861c51bf07b9f9d44cd320
IMG0004185.jpg,train,0,leg+hip+mixed,0,de006335fb9972708bbeef366b4652f3cedb2a347299379c11ecc4825e3528be
IMG0004188.jpg,train,0,hand,0,a22e6b91d1321a5a3f2871f967ce61b50130722885e23ff1697b2a805df3ec3a
IMG0004189.jpg,train,0,hand,0,c3f088def9b7ee658a9189c29dbadb129ace18dfa6eb8bfe0fe45ae51acf3156
IMG0004193.jpg,train,0,leg,0,9b63c1acf45320cc2cf20fee94327977956f24e6e1873f19efad5ad51df47485
IMG0004194.jpg,train,0,leg,0,b5fb736ab6553a42dbeeea075298da9f50650c5476c30f27cb1e0d6f8feae7b7
IMG0004195.jpg,train,0,hand,0,a170dc09e220faff8180149ce3ea30f65a4eb9f62dabe761e21b0b1fd439adb2
IMG0004201.jpg,train,0,hand,0,95fde7c0fa0896d74aeb0fcc2a2b7bc489f59370c492af5b1c5a42e0fd2d7c74
IMG0004214.jpg,train,0,hand,0,8670bf988a74b9dacd978ccc81e0672682cbb5e15b74009c8317e267e93225b8
IMG0004225.jpg,train,0,hand,0,cca4e4cb3212521e2310deb23a20d2ce3fde8957c12571d45ebf3d0421e2d042
IMG0004226.jpg,train,0,hand,0,7a862ca11115d79a2c935fd6a9ad104ad83eea75a551263868836f2972dce9d9
IMG0004227.jpg,train,0,hand,0,9e7b5e4e3566845ca57d513bea1e6c8261e182f963cda21024aa3c0274075940
IMG0004236.jpg,train,0,hand,0,85fac9f25fe8f919af6551f9f86a4ad263bd321fcfd8c34491b21882de78a014
IMG0004241.jpg,train,0,leg,0,d183974fef7c5276c694af3e12d43a38ab67185c024bac169f24cd4090ed7286
IMG0004243.jpg,train,0,hand,0,c812b503715e39e779f2cf1cd3794737b59d00690548a1748293579d31d392e1
IMG0004244.jpg,train,0,hand,0,ec001748e0ff244891e929bb772145b593df9ddfa662eb4a420035fc651064be
IMG0004245.jpg,train,0,hand,0,4b5bc417e2c2767e71a661a16f4ed015c6f1edeccc34acd4dc76028c59df4557
IMG0004251.jpg,train,0,hand,0,fa91c2c2ad0c1e8b8e93eb517a9cefbbf1bf7cf3aeac7d5cddbe00e4a5d2d76e
IMG0004252.jpg,train,0,hand,0,f7df699d0771c88d7478237dcee8e2e57fe9853597380aa8ed5120a028553f0d
IMG0004255.jpg,train,0,hand,0,d7c15a06adffd8d406778feafe4c93a2de00bc1948e184cf480d80007abd7d38
IMG0004259.jpg,train,0,leg,0,045d51393e0dbb12f49c15dc6ea842ddf844507e739a701b4e569c8035cc908d
IMG0004260.jpg,train,0,hand,0,e7dad712f6ba4408e3a7dd9096a8a755b949e53e71b4f75a06523c9249a8847c
IMG0004263.jpg,train,0,hand,0,b57375e90eb27001a875ccd209406e326546f3aed7b5143f6c15983651b19899
IMG0004264.jpg,train,0,hand,0,e56c28454cc9c199330d5ba20c95c2f8ccd687e5b2f661fc5b4721bf026ffdb7
IMG0004265.jpg,train,0,hand,0,e420713035711b5d45ea052f26dd6836055ae7c9a3885fd2d82d2a34216f11f6
IMG0004270.jpg,train,0,hand,0,cf558d76cfaa2c4f7286773f2d660983f135d1424c93ce63d05eb8988f6d1f5a
IMG0004273.jpg,train,0,hand,0,14730e7efc712a189daa273cc7fe6206c8d1245ef55635ba520ebb84fd997a42
IMG0004274.jpg,train,0,hand,0,7b3958e3a4ce2ed9cf553c5bc692515829b131d7af68b9e411ac6a62bd2caf3c
IMG0004275.jpg,train,0,leg,0,ad4b5c6e4f31424592a44980b447d40014ea65f929e8b84374e331f6604f26ec
IMG0004277.jpg,train,0,hand,0,0dfeebfae29bfc6a6ba1f5445b11d29fdeced8fd9457ce08fc9e1da1f16ab2c6
IMG0004280.jpg,train,0,hand,0,d25a9e9d5bacb00dc532307b553bb1436adb6f34fdbde6ac9c7d84878d5f7651
IMG0004284.jpg,train,0,hand,0,52186347b4ee287bb7b24aaefea650feb5b37fdece4edf369b284b0c7edd0164
IMG0004285.jpg,train,0,leg,0,c38a388a7e7a2cdadbbbb5d0f68d6c4e19307acdf77e5e06ac355e9dae5e1bf3
IMG0004286.jpg,train,0,hand+shoulder+mixed,0,7ed009abe1d9b7278d923b674439987d837eeb48649d41cad30d1dd0eac31913
IMG0004287.jpg,train,0,hand,0,5811fc27be8ef091aa90d0a1032c02ded9318f2f08566e1b051cf9bf2ee1afe5
IMG0004288.jpg,train,0,leg,0,f5058cf32f215b1fb02654a1597327425c3792fa489a386d82d2a89fa70edf80
IMG0004290.jpg,train,0,hand,0,15c219571551a46be11f360bf430166bed68d9ebc1421200df31d825e1ef97e2
IMG0004294.jpg,train,0,leg,0,94b163b502ab7098e321d25ea7c77e6e904286a2d9e3f34052368a694bd7d1c3
IMG0004295.jpg,train,0,hand,0,2b742fa45ade228eacefa869fc27b01e8ad090b39a34c801cc687b8ee504f700
IMG0004296.jpg,train,0,hand,0,f23dc31fd54460de7c2129fa849c53ebba6dec4fae0caf39f6f4d308fda94290
IMG0004297.jpg,train,0,hand,0,7961541cc90570a8c553fb29fc7cf99e8242c1b38da551d4c2d5b089aeffbc1c
IMG0004298.jpg,train,0,hand,0,9b56990613f40177a99af1487d3ac6d0806ff9f9094d46d933cb38e7fef6e4b2
IMG0004299.jpg,train,0,hand,0,709aa78ea472e4dbbaf50e1bdca1e57ba64f026d80bde24bd548a4a6849dbf77
IMG0004304.jpg,train,0,leg,0,d1479260b4ddef031d4545aa41ac626aee92e3cc5dae32e44babba07f1357af4
IMG0004308.jpg,train,0,leg,0,bd5323bd67721ecbe7302ffa720a214bca34c35ff71e6e13286873731b205c55
IMG0004314.jpg,train,0,hand,0,9a09eb47c5b0aa331d40a3038bcdeb0536f13abe32526cd9f162d004d4564c48
IMG0004371.jpg,train,0,leg,0,894739cff9731aedfdeaddc4dba5ae76c82a647457d0a21ee101b4889052df0f
IMG0004372.jpg,train,0,leg,0,2ed2c1a8e5c809a3ace8f17e2692e1001f6e07b83a6cf2ca2853c8eb7d225311
IMG0004383.jpg,train,0,leg,0,be88cba7407ce191bad43f3f11a4f988336efc6b0136265fa4e50e5971bdb3db
IMG0004388.jpg,train,0,leg,0,fd1e5a4554225385b152d0af1d1f908f9ea0665f31c9a0722d6647fd049d7d4d
IMG0004389.jpg,train,0,hip,0,6f9f9b58bf84889c58a3d8bca29a53242072b23c8a74d5125c6783017daa5ac5
IMG0000031.jpg,val,0,hand,0,180534059fbb0d1084a548fdab26ed5bf8cf19d668bf1a3181392e0571ce9873
IMG0000039.jpg,val,0,leg,0,bb94328a0261dddaa8436bdaab2c5f2d18f484b5dcb50796a4fb2c333f2d3f9b
IMG0000040.jpg,val,0,shoulder,0,11e1d58465d3e0d54b03c71ba5fb4def213fc182635e27c74ec428c5b46f6471
IMG0000047.jpg,val,0,leg,0,bb04e97ec569521f395d247740d68c3673c85bffacb469b87c9ca503239f3488
IMG0000052.jpg,val,0,leg,0,fb644b5dc397cd2246a521955b5201245aaca017396bea859d2fdb894070ba21
IMG0000063.jpg,val,0,leg,0,18f7f56f9ad40582ec49c5d6298d6d9fbe878b6e75ee5811d5dfaf826e57ec01
IMG0000089.jpg,val,0,shoulder,0,8c55f5faf5be28a67d83a28a742be5da1baba2975a9dd7939f80e8021cdb5f10
IMG0000102.jpg,val,0,hand,0,05c669f6a9a7d356c63cd4566011bba9d9f02382f1d4c11dd8498d37900394b5
IMG0000105.jpg,val,0,leg,0,595f825c29d6dd3e697c220c071ad29eff97bc77bda57bb3ad5e3e97bfbe3d1c
IMG0000106.jpg,val,0,leg,0,9b9eb2722d661e63708f819026fa0e9f108a5d2f624d5f40c34101ca3a2daa38
IMG0000108.jpg,val,0,leg,0,c03c4d69ed9acfb486531e5525a0d5e3ddf4195206d0e3977082c806821460e8
IMG0000110.jpg,val,0,hip,0,6512226c5078f25f492c2b8522f2306457a6a1c2bbff062a8db4e0942f457125
IMG0000113.jpg,val,0,leg,0,9c1e98383429b4fe66f55774ff4b5f871965f0b69e3c956ef5d4a7b53690f51d
IMG0000121.jpg,val,0,leg,0,5da8149ce7256dd13d3d3d802b747de7145b0df3735e1afc5bfd9b005b2a014c
IMG0000125.jpg,val,0,leg+hip+mixed,0,7c1096d5f208aa77c4beaae30c096222b664d69d5aca1f4fa6b351b583245070
IMG0000136.jpg,val,0,leg,0,f2d37bc59022cfb6f8d246ca0cd52466be3fa0625664cae106cb724b3e790d00
IMG0000145.jpg,val,0,hand,0,7e934fdaeb5ed253bad14d121039f96faa32c9c5f90c7ed9b4d59f94e42dcb5e
IMG0000153.jpg,val,0,leg,0,a325e72f772c95bb775b726dcf8f61bf59911aab135289bd3c8523cb6df15223
IMG0000154.jpg,val,0,leg,0,250f442bab606d63a7d189769b12ca2a79c59142129dea99f74375ffa5764895
IMG0000163.jpg,val,0,hand,0,ee417617ca2e5cb81b277f7cfd61e80f37bef1f760b79d4c139d6787c26da2ee
IMG0000173.jpg,val,0,leg,0,6d44ee24a51a24d15779ce886a958aa228236f212d43734c81d4d0d7a0068490
IMG0000204.jpg,val,0,hand,0,7c1cf030b7bd65c72ace255a6eca81c780eeae0b6f03c07f496169c8f6288e28
IMG0000217.jpg,val,0,leg,0,24948eb7f0b5ccd582d6322b003fa22a96da71fb44d7ce113e5c68f40edd6e1e
IMG0000230.jpg,val,0,leg,0,a2652e81c471f3489ca557b399d6d7ab263a40ad440252fb70958affffa95a9a
IMG0000251.jpg,val,0,leg,0,564abc559ae071e5636a9a7802c97d506ff7107954ace213002dceaa12e1f077
IMG0000259.jpg,val,0,leg,0,72bf4d7c94811bcd99fc856551b6389a3b428f607b713f7f31385659632a3c29
IMG0000269.jpg,val,0,leg,0,634fc5101ef2353340e8e4937287e59a32197eee5ddcc7db74e47012a9b45eb4
IMG0000277.jpg,val,0,leg,0,ef23082f254a1a43d8b7a3e0a3a1a2c02fbcb2cf3cecdd8ad43b28e289860e28
IMG0000289.jpg,val,0,hand,0,413e2ea99ac85bb470a87e5ae7d7c0fcbb6b3d3b50b717129cd44da9945dadb2
IMG0000291.jpg,val,0,leg,0,50452f97e2d9c4907d2377652901b0c5d31b71e8eadfa13eca883ab9f85adb07
IMG0000292.jpg,val,0,leg,0,57ef92b1a6223d607f7fb42c6b27500113f6f8ab4ec6ea3ae13268a2b9f949ca
IMG0000294.jpg,val,0,leg,0,2e32e462eeb7daba16bbee0ac98161bdd77e35f3ee159a1ce54d3a6471faaa5d
IMG0000310.jpg,val,0,leg,0,faa58f1d1528832ae2ba567ee1f58861fe563849c84311c6b0c322093cbbfefa
IMG0000325.jpg,val,0,leg,0,d6c5ff1fa9fc931fed7fcb8b5b40585a2c5095e8fe5f7012acec652c38db8764
IMG0000336.jpg,val,0,hand,0,dca2a73f4e4e39ac1d6f5311a3450937e8b3aaf84f4705659d4df5c4419ab27c
IMG0000343.jpg,val,0,leg,0,eb162d5e95222840d95dc2d4de8dd3584d2162445b5969c1d1b812739928fe25
IMG0000345.jpg,val,0,leg,0,e7344f649c3d6d271731d18b42a5d308e7adfe1cfede89e253620da445ec3104
IMG0000359.jpg,val,0,hand,0,b31f1f61fe965717680de1efb84764af2346714c84dcec5232694ac49bd59c82
IMG0000365.jpg,val,0,hip,0,140371db9ced7e232b39e9d425d0f223fead84819885d7b7f49b50fa2a8cafb3
IMG0000366.jpg,val,0,hip,0,d9a7efd9874bfbbcace5630c10f8dc2137d621ae29193e7e0afa48b4498e5be4
IMG0000370.jpg,val,0,hand,0,d3e4225f550d7937f2b27f169cbd443011f45f22f7ff2028635470c8a1145edb
IMG0000371.jpg,val,0,hand,0,dc115b013ae522666d3714308155d7dc7d600bc19e0bd1621eb0593e4dd2a712
IMG0000380.jpg,val,0,hand,0,982af7ff1cd9e32d3f2cc17fb4cd4e3dc4acdf1e7f79de27328f9b9c6ce1f718
IMG0000394.jpg,val,0,leg,0,b8da8a5fb9edaa7b498ac53672efda149346cc0571a9071bcd0cd39cb8ed5cfb
IMG0000401.jpg,val,0,leg,0,7c74725522bfc178e0248d17045634951483d9006666ee69ed79edced22c91af
IMG0000407.jpg,val,0,hand,0,f543b6e898bbeb0cab7b5d8a1b6de1663d7b5bc1eaad958d4afe261ab945a2dd
IMG0000416.jpg,val,0,leg,0,704e041de3d5f875c5d550680109291d2f7716e992a4c1381f810ea7f8cce61a
IMG0000421.jpg,val,0,hand,0,115b6fe9a921880e361c84f1b4c2d7862c263e866dd77a432a3e8e30903698e1
IMG0000436.jpg,val,0,hip,0,c4db8258afd7361aa87f172c881d2742f196e77a2c4f28d92adaa09696611a1d
IMG0000448.jpg,val,0,hand,0,bf7a3585a709115a0b16ef980bebbc23fb28c0b84d3ff1fb2235993e88ba847c
IMG0000458.jpg,val,0,leg,0,4c95bf0968f463dcaefca01675ad43a85c33c8cd18995ba8a5a347815cf9e8c1
IMG0000465.jpg,val,0,leg,0,54f061ce73dcf74ebdd3492b106cf2f14c7a7fccd4976cbd3ae2c25ecba34469
IMG0000509.jpg,val,0,leg,0,20a2bd3c4c524f0665ec0ddc604ac299e4dd3060b8b23d5688f9a24a64b9aac8
IMG0000517.jpg,val,0,leg,0,92ea716c5814ed5b465a049d09334da1de94ec3c39eca505352abe0d2907bf39
IMG0000528.jpg,val,0,leg,0,77bb73d8f1409d035603eadb39254c99732155d503e3c6ae39af3a09f40e254c
IMG0000537.jpg,val,0,hand,0,2af30632ea8d3722168b28c0e5928f7f65c1c4a99ef22022272239cf590e88ef
IMG0000540.jpg,val,0,leg,0,1ed67062f342492a00a739e956e6201b69286d197a7a559c4c4561fd978f1866
IMG0000543.jpg,val,0,hand,0,07ea2af91d34380c590927c04399dcfcbd3c5cafe97f728ce517b74eef1a6652
IMG0000564.jpg,val,0,hand,0,fe46177a6db9ef631a2a046ab921531ed9224b76e6acd1ac04b072b313d9e27c
IMG0000566.jpg,val,0,leg,0,9412ddb35bd6555b4ec4d0f37c5c5109cbfce12fcde820438f4322c10c257543
IMG0000574.jpg,val,0,leg,0,f03dc3f4ee17a0499749028f27e44cde0dc244d69b225219eef36f6d429e36be
IMG0000587.jpg,val,0,leg,0,18737ec1b29a4285facaa5caed5f4823472063ede4287dfdcbde1aca82d54210
IMG0000588.jpg,val,0,leg,0,fba51478a88f7f90eeeb6bab5d5846b9a476155d11e3dcdd12593638a917d9eb
IMG0000613.jpg,val,0,leg,0,7ab1db350c6e3399f804f98422ba1c6a11d93ff175203599af6e5bdd3957d3d9
IMG0000622.jpg,val,0,leg,0,9363196e053033beba70008b61dd5c9c01343839f01a4a14b1ed93ad98aa9a58
IMG0000638.jpg,val,0,leg,0,049544b33ef93730cad0ede605f18c27fa010b9369e7e0b01d0663be03a25ead
IMG0000654.jpg,val,0,leg,0,6d618583bd9b71430b82b042ce3b2a731834bd49082dde9d40bf6ac461a33e9c
IMG0000655.jpg,val,0,leg,0,b25b7af84b6de8d16e6c5f6ff1883a5b11010bfc372670da9a3a96f2d5d30049
IMG0000667.jpg,val,0,leg,0,5a699d5133c8661998698645908864b74900a6fad03d026b28031cb164a0341c
IMG0000670.jpg,val,0,leg,0,ba0948dd368a834c1a93cd1cfae0999c4135a4507e033130ddc8c8a0562e26e0
IMG0000680.jpg,val,0,hip,0,45b6ff08d4c6dae9de58f5f6ff5ccd7156fe1aafa1163f9a1cca6f815accd708
IMG0000694.jpg,val,0,leg,0,b1b9b96e1aefb78c447ae102f66271a01869ecc2b8c2ef35d81ae5d3df8e5f4a
IMG0000716.jpg,val,0,leg,0,192a52e12819b92f3a7594c340c12f245d1052f56518ff581bd269e38d7d90c6
IMG0000718.jpg,val,0,leg+hip+mixed,0,56285545809d98b639ca6b9c5ef58c9f36f2cfbe85030b0b0d721a168c6d5bdb
IMG0000727.jpg,val,0,hip,0,fb3e0c8aef66ada7b054123506a20990b7344a2368e6011d261436bea80fdd05
IMG0000731.jpg,val,0,leg,0,6dc8102c1297be7bc4257496297472608855c8a343214d17c3ec7ae7de12eebf
IMG0000747.jpg,val,0,leg,0,54ab80fa1bcaa306ba306a3b5748bc6651f8fb8b1a5651df9e9193ee8d8191a3
IMG0000749.jpg,val,0,hand,0,0d0da9cfdb45a18d71cb053655b9880419371c4a704e76cde54ca3823295f0dc
IMG0000767.jpg,val,0,leg,0,284d20f4b05daf372e9eb92c818d03ff040c56ba9a41bf97c342614d7b805c87
IMG0000808.jpg,val,0,leg,0,4a2e0bd2f9b66ba5749aaf104e709dbc6f82e3a208ab148d9dd9a842ccd4a65c
IMG0000809.jpg,val,0,leg,0,75e197ef60d04999b0b9baf7bc9470e0ba8dfe66b5e8b4b76198043ecae43716
IMG0000810.jpg,val,0,leg+hip+mixed,0,7441563b1b2e9b032c24b79d161988ab170ea134ee6303604ebc883d0c22a6ad
IMG0000814.jpg,val,0,leg+hip+mixed,0,ac49b14fa3ea73d2fb4110d30f91b4877f121f10652a669700b098f415d79c19
IMG0000820.jpg,val,0,leg,0,082c83130784e808b40a84476df7f6ea22639c2579e9be951cec5a7cf0ef4ab7
IMG0000827.jpg,val,0,hand,0,eeb74abea417d93f1797e4ac4aa5c16747da6d32ec29a5efbd048e1085b9326b
IMG0000832.jpg,val,0,hand,0,6196e935f1d7e140f438b0d651b7a2a1e64872b03b73a664adb9b33a924c2759
IMG0000836.jpg,val,0,hand,0,22542d4b440bc883e90455da334b0dca8cbf071a96ffceea82ec301567caba13
IMG0000847.jpg,val,0,hand,0,8543cb652170dc144d4b76a7493edf009a94617802450210cdac609d0aa1b2ba
IMG0000858.jpg,val,0,leg,0,098069dbed15ffeda178d6ef9635bd847b3720eb34cb21166b0078b861fecda6
IMG0000862.jpg,val,0,hand,0,2efdabe02254d6f7b9b44f5804af8f445e232a62dd6affddcfb54de2386858ef
IMG0000864.jpg,val,0,hand,0,f5e74c55b2b25c1dc815837111a9a82f15bc976a9bd144650e168fa2623a0626
IMG0000870.jpg,val,0,leg,0,79b2820bbf9e21a4b74b2f6509c3c4935f176a7bd1f9d65f7b907966bf8c0363
IMG0000876.jpg,val,0,leg,0,fde1abe33b7dc46a42928e20a9276768fbaa1c3c93d3a19bbc63baa9f5ccce3d
IMG0000878.jpg,val,0,hand,0,5dbca5cb12e9a5be611923404a3d782e4a39d9403e3106b33b030480e39ea9a0
IMG0000882.jpg,val,0,leg,0,35a21634eac184b66404010d61c5245f1ae8bda0c7cab59b649ef828fa17cf1d
IMG0000889.jpg,val,0,hand+shoulder+mixed,0,5800dfd1ada8c72506ca26cc88e6e459315544f7815cf96124cdee62a603af42
IMG0000892.jpg,val,0,hand,0,5661431aef44f4e7b0416da9206d0fd840500e8ec2e40a3b0bade79dd360f0df
IMG0000893.jpg,val,0,leg,0,a7af287836ad2c7f10bdb65dab55f7450902c39f984a86a4b51c0a14122b1ad4
IMG0000955.jpg,val,0,leg+hip+mixed,0,99be6dd8a5b74d422864f93bb672fe50c2eef8ad8b02d7b44b7990043ba9563c
IMG0000960.jpg,val,0,leg+hip+mixed,0,582f44757f4d577c72a0c1c7d7938fdc01a67ef736fcec1a4cfaf585d8fb8e63
IMG0000962.jpg,val,0,hip,0,8ec0783c5ed5649b6f855ceab1bb0004fdc06d5b9e94243dbc84723bac86127e
IMG0000971.jpg,val,0,leg,0,134674156a6357005fbcd800a45d8601e829dd843617e711172c9f4c7425d699
IMG0000987.jpg,val,0,leg,0,db65e9f4eeab54c823ad18c1df6c4a9eaa3888ea964f39edbbc56ac3ae6c6a0f
IMG0000991.jpg,val,0,hand,0,7929e1e956135b0cb151ccbb962a65c06b94271d3b534a6ea6ba58689210fcd8
IMG0001010.jpg,val,0,leg,0,520476b2889bb3188fc6e8fd391f88e443ba751a74f22bf87d9d9a063ba73551
IMG0001023.jpg,val,0,leg,0,41c4ed59ef92cd2857c978577689d3089f1599c06861a0c727a0af171e65ca36
IMG0001029.jpg,val,0,leg,0,438be9b57d3a4da31ee4d7e387bc7f907c58f1c583e92d3d4955c52468c32b4e
IMG0001052.jpg,val,0,hip,0,d6b9c358f5111b124f4678cf73803b89b8b040e472abe09f0a593a2caa453ef1
IMG0001054.jpg,val,0,leg,0,bbccb83af46228dfa5e2f693f1e7a232f22bd0eaed746cc8ad1bf389abf208f1
IMG0001056.jpg,val,0,leg,0,29ee54005c48ea7b238cab2e7107bbe52d3861aba2adb204564f84e892f770f2
IMG0001062.jpg,val,0,hand,0,41ed15aa2e7e591eda1623df9bcddc710e1803273dc27a8f463084692e7cbeed
IMG0001063.jpg,val,0,hand,0,a35ca68eb09f1dfa14fe9c6be41f7274317182f8c50571e5a209c066ebd9e0c5
IMG0001065.jpg,val,0,leg,0,5a3014971dccf934365de3b6d42d66da53d05df89e6d9ca848ab07cad1b4015a
IMG0001069.jpg,val,0,hip,0,0d31cced55ba2887aa4ea4b0cbaf07a256af07f033333b45b6ae0ee1f4f29283
IMG0001071.jpg,val,0,leg,0,cb82bbff3746b643a9e5a61dc316e5c743bfc4d30a03e992ce51ff3edabda35d
IMG0001075.jpg,val,0,leg,0,fee24ecc8b321b9c6bdf23641c56d225452c92d045f634ebc00c7b051282ee1a
IMG0001079.jpg,val,0,leg,0,0a83d6c6085ef69f082a5c65664f1660f1c20d49bc7b3ee72cad0ab8889fc405
IMG0001087.jpg,val,0,hand,0,80e56cc3e124e199b2f01bb7968a90f17cad24dde4e3dfab7cb5f44a068022d6
IMG0001092.jpg,val,0,hip,0,dbd4c02a1b76906908a86460c15d03466bf9580c51512158f12a726f0cce92ae
IMG0001112.jpg,val,0,leg,0,2a3eb99d9e41d84e0c19f395a44d17450f25c70723bb2e9a9d4baf4c8c4b1df6
IMG0001127.jpg,val,0,leg,0,b4a29307c7ce063f448ad9c951cba33f4335a3ae715af636e0941dd41492e997
IMG0001130.jpg,val,0,hand,0,eff2d5610738787c5ac92e400013304b3c324d74076ab58855cb586d564a751d
IMG0001141.jpg,val,0,hand,0,4d2102b5dfe1cc5ecb90e7e828ed6fd59af6264cce678d2a0ae0c730a4fff561
IMG0001149.jpg,val,0,leg,0,4c60e9d8e8a1dad5e51e1c3eee21e80af4ebb694387032b99f85c71502244035
IMG0001169.jpg,val,0,hip,0,1adfb843366f184bafe0c17e300672fdef04928f5f3c509ff2dcfcfcb4f5a819
IMG0001174.jpg,val,0,shoulder,0,b2a80df7f949f5f377b7c63b26806488fdbf195484cd4347e4970179d32a143f
IMG0001185.jpg,val,0,leg,0,bb6ce9dfabfd60a16505be2e34986cbf3108940bc89e90c6fa311c4e97457a96
IMG0001186.jpg,val,0,leg,0,b15c79c1a8654520ba53bb88d570ebb2ba472dd0ec7330edc285e24aa8fbf705
IMG0001187.jpg,val,0,leg,0,257d431b9f7a39701c38600a10afa260734595a01073c851848eb0376017ec07
IMG0001190.jpg,val,0,leg,0,92890bde0db5209354ebc4d2beeb9f73f645eee03ff741eb3f6fc132a407603e
IMG0001193.jpg,val,0,leg,0,526d2d02b3043451bbcb9dae8d477ea1f473e22d7d49bf52f2e693db4b58fb9c
IMG0001194.jpg,val,0,hand+shoulder+mixed,0,3a7218f1f90bed2e8264370fd08570cc10bb018a9b1fca20a27ed52f4199339c
IMG0001205.jpg,val,0,leg,0,d6da258b404831f898f6813136484062e7141aa875c108d4256429a09952e3aa
IMG0001209.jpg,val,0,hand,0,ed18706b2897ec0e7a3bae5e6119ebd4199344198cdf62b2f274bdc4e63f04fa
IMG0001214.jpg,val,0,leg,0,d45ea06068c30eed77c6839bd1201e6104f826cf2d62a5c436dd010514ead5dc
IMG0001217.jpg,val,0,leg,0,26888a48874ec79a3fbf116a8c73da021e31fde4abc4af7b6ffcc1d13a36dc72
IMG0001228.jpg,val,0,leg,0,0e3b0493e0deee0e13744d6e337f473f4239124cff5414e1798f29c04dc64ae3
IMG0001245.jpg,val,0,leg,0,840558f335951e01c68fd3cbb7c183ae1d3297fc26a6a2af26c3b48a42253e3e
IMG0001252.jpg,val,0,hand+shoulder+mixed,0,f430da72a4582da8d1129a06c809f20026a2ac44520fd5d31a14e65fa785380d
IMG0001259.jpg,val,0,hand,0,3cef444fc59f5dd02e49b0a64790784774c49729f7e35a65d2814f63db715a42
IMG0001261.jpg,val,0,leg,0,a9e7c49530ef2d1cf08b4b0c4431787ee730b265ab2e5c019ece59610ddf9bc8
IMG0001265.jpg,val,0,leg,0,7daa37c6f594f551749c6bfd1bfb006aae53197e910c86bd22b95fa1bee85d90
IMG0001274.jpg,val,0,leg,0,355151d3edd1aacbf15d574831be99d857a9ba426845e52ff38633f0737e5514
IMG0001278.jpg,val,0,hand,0,02da06ca5d5149a00b072cb1928494e6844ae91f27c3b43b2d72dc3062c4e8e5
IMG0001285.jpg,val,0,hand+shoulder+mixed,0,43045b5de5def85e0c1add96ee503789c6c59827e1a07bf46ffd9a1269f1d958
IMG0001298.jpg,val,0,leg,0,993922f2e2aa947304a0fd711846e0c57657a5b31a45b9984538da8f2b7ec296
IMG0001311.jpg,val,0,leg,0,26629cb7364b687161ebf46efd979e803aaab34f6390588d1348f6cbf76cccfe
IMG0001318.jpg,val,0,hip,0,fc9ed6cd1613386bf00c935b88b8dd418253363a89f3fde8816f86ba2d4ab8fe
IMG0001320.jpg,val,0,hand,0,eac751721f1aa0457d674716b86ea02de4ce3afee890485c226bc7f1609f242e
IMG0001323.jpg,val,0,hand,0,66e416e69bd96a22efeb96c5b1cfd8ba42010199482263a301a06c764525f647
IMG0001327.jpg,val,0,leg,0,e4eb51a7baf6bc185bd724c438cc329d76f1675a564543675de9bda4120f92ee
IMG0001345.jpg,val,0,leg,0,231d2b3aa8f9734aa27fd21598e3c931603ba12d2dd834fd35fef284c161a910
IMG0001347.jpg,val,0,hand+shoulder+mixed,0,0272ce0215f3b34cbd6772fc2ce5ad863a99a7628334183bf4ddfce2ee3afaad
IMG0001348.jpg,val,0,hand,0,2b5111e843360948c164298cd50171c5f95598e3dc17bcd41686967ce8a0c938
IMG0001354.jpg,val,0,hand,0,a08d4dd903c97113a2af699240df5c517e31d84e0fa43d4abcf39040240ebfde
IMG0001359.jpg,val,0,leg,0,ac858a2f57a02dd2ab2830d9e1491be315293fa552fedfe948c68910ef3e18f3
IMG0001368.jpg,val,0,leg,0,01905cea3d741f36cfb18042d484163786eeae7a405048c523e795347bc8f218
IMG0001369.jpg,val,0,leg,0,1e4d58bda37b7d9de5f298faf47fea17fb33bdd556cfdd8f63005c6c3190fbf6
IMG0001413.jpg,val,0,hand,0,b1a40ae5128fb14766473de86396afcb1857baa815afde1b0cbfa3bda4f85802
IMG0001427.jpg,val,0,hand,0,c49510c45202cc8e138019bebd68a8d65cc8b3ba181c4b9a8cd176e289f6a411
IMG0001436.jpg,val,0,leg,0,229f502d43bfe1cf50f1da9233ed06fcfff0a87888a4090a24f4860d3cedf4f7
IMG0001453.jpg,val,0,leg,0,aaba215ab4ac5eca2cc7238f071c4459b863c3e66cf3fa1478746e784e8140c1
IMG0001456.jpg,val,0,leg,0,74469054d2d62afff2820c7c5a2123b202e5d4a5482d0d818f8e41afb2a66cd6
IMG0001471.jpg,val,0,hip,0,304961b28618f88067a9bbbd64a27e2caf16ca1ce6ecee6f1443f286ae3958b7
IMG0001472.jpg,val,0,leg,0,3670e5c7229f5c2f3b1556d4b9e30bfb8d769184a75781da57e3f58bf40f8e8b
IMG0001500.jpg,val,0,leg,0,d0e411726d638fc4bfaa0eef86ef30eb460611222c0818ea305ae7bf08cf2e55
IMG0001519.jpg,val,0,leg,0,34c3c75545e9927870080a896f7c06e91d467340a54b809dcfe273fe9e9f6e29
IMG0001523.jpg,val,0,hand,0,c5c9685276be33244282830a826b59fc1b98447977eff6983843d3ce740beb4d
IMG0001537.jpg,val,0,leg,0,2b66fc92d43fdd480c76b93865881540d637ced90bf1ea42c754f883f5f12c60
IMG0001542.jpg,val,0,hand+shoulder+mixed,0,ef1dd8c8f258bbebba7faa5fa268bf6f5aee0fdffaf12c60686195001744ff04
IMG0001558.jpg,val,0,hand,0,ef872fb2da823745adedf3ce1ecd385c0d392041916a175eb18f449503aac6bd
IMG0001568.jpg,val,0,leg,0,26a27704ad5fb433a4b3cfecabc6335e866ce628a941f0228c851b8b655922e9
IMG0001592.jpg,val,0,hand,0,99b4bfcc0e025a492a3727f924c779d506c69eff99b76798883249ba30046622
IMG0001598.jpg,val,0,leg,0,ca0fb2a1e6b42c2c49d64a44a154d68aeba3e8c448413e65cf3cb7ea25e7ad94
IMG0001606.jpg,val,0,leg,0,a018dbda7bb11cc809434b06e47a1aff583a1e1e848ad9a057ec49ba8518bcb7
IMG0001616.jpg,val,0,hand+shoulder+mixed,0,187e0955730f3d2835370c72906f0de961863977bad651abf1cc79a3f7377735
IMG0001623.jpg,val,0,hip,0,328af4b17fe8cffe07bd63692ed2026e919aebd801cabfeaab944da8c986c66f
IMG0001625.jpg,val,0,leg,0,6a205bf6ea25464a839d6f4b113737266ed95828732d8ffbb880d5b7ef29a9d9
IMG0001627.jpg,val,0,hand,0,faedc7ba7928cb709c9280512e7933c82fcbf6c4a5345d07cd1eb86b3eacc0bf
IMG0001633.jpg,val,0,leg,0,8d97eaa0b82b226061a1b8b19030465f3b7c1a6b4465e6db453e3ff8660b3648
IMG0001636.jpg,val,0,leg,0,0b6eddc781445e79e3076e8cd2d43266ad18b4c8ca3818704f19b46463bb8fcf
IMG0001646.jpg,val,0,leg,0,a3451bd161a471f3a90aa3318a557feb6216481afa968139f3706f17540cb1fa
IMG0001647.jpg,val,0,leg,0,d5e8f8a11cfb16684376c7f3c351213902be00b4501e8551326bccbd5584dc18
IMG0001650.jpg,val,0,leg,0,099629c19b2f8fea96f0d15be90cce83eb33c94ff464591223344ce9806c8365
IMG0001660.jpg,val,0,leg,0,dc0c01abdfe70bf27f787447ce181a6846e8ae4b44fc51fa68f047be25a6dae2
IMG0001673.jpg,val,0,leg,0,15cba1a021f7d8e59f60110d33d584e7c379515a36e1eeb01150c7789f689b9c
IMG0001681.jpg,val,0,leg,0,736553c8a225253e545086f2ff4805ca781e5b1ed461598a9f60d545eaeb6152
IMG0001682.jpg,val,0,hand,0,d26861eb521513bb9cffcbae32addc3654eb2153e63bbcad14ba89e4a2bbaa89
IMG0001683.jpg,val,0,hand,0,a48c5b682d99ebadb18dd566b71c84a7c4067f3c63b7e40a95280ca9a4311427
IMG0001684.jpg,val,0,hand,0,7b13fb8c400cf3ef8147fe5dbd6e0d7334dc18c6f559fed55b9f56ce4ba9794b
IMG0001708.jpg,val,0,leg,0,599228d78c164c7afcf43dba905e29d1df1afca2387ea540d7266c2f855cc7bf
IMG0001715.jpg,val,0,leg,0,1b118c8454af41ab35d380b0f05682ba40684ca77220dcf28d34cdad6f2187f6
IMG0001722.jpg,val,0,hand,0,5bc6f7e57c7e53d70cb36bc265962fd1cd23ee17009ed4f234804940236a9ce6
IMG0001766.jpg,val,0,hand,0,338711298e29c5fe10f8cde2dd98e2e04af2b36c574f4f0d351cd03fa3c092ca
IMG0001773.jpg,val,0,leg+hip+mixed,0,c068a121e17a220a515cc330a00c7a84c418522ec51143c33f9b2255903c5b24
IMG0001796.jpg,val,0,hand,0,6a416895e653d048217773f42f092a9c9f2cc96655c6f5492754f3620c932d5d
IMG0001802.jpg,val,0,shoulder,0,d27f425f2989f33fc4f6c78cd22e4e5722c333b56396f2da630e236fd1f51e11
IMG0001815.jpg,val,0,leg,0,9e1a73c4886b360da891d5b7555a7a8e1d942b4ce35536c21e840aae9c7e8e18
IMG0001819.jpg,val,0,leg,0,e3d6a78565df2e135668d3b625bb754a85b21ea586ae7cf30fa84f592c7f73f8
IMG0001822.jpg,val,0,shoulder,0,33539681951dba2660581f926056031a7e88dec8def23df84a6996f4cf30b121
IMG0001824.jpg,val,0,leg,0,ec96430148e6ad591fd647ffb51202b16361dee3084643491825373d8799fe29
IMG0001835.jpg,val,0,hand,0,f8f977671374fec71709d487fe1fdf4f8e782544178b5bd960d3d0e555a115e5
IMG0001840.jpg,val,0,leg,0,191248bc8ff32a7f070ee727d7a7d36c714a02bae0f0031cce5ae819e3d4d98c
IMG0001858.jpg,val,0,leg,0,cccfdf1f5851eb27986fb78db18c2a933e290fe5230a555bff6317072d3f89e8
IMG0001863.jpg,val,0,hip,0,7ba582eea85e1112cf673601d1a994af1823ea21d4a091808a32e81e086afdaa
IMG0001882.jpg,val,0,leg,0,474825568d4deb219f6d02d53b68b61d439cb68048391753fcebccfdb05f8c55
IMG0001886.jpg,val,0,leg,0,e7f7dd2c59b803b3150d1059fd5873f9f9bebd378b063e1699137d230b7f2b75
IMG0001905.jpg,val,0,leg,0,954e417820dfda0a215426caeb1533b56778aa5e0aeb21e539e19fe9bece2536
IMG0001911.jpg,val,0,hand,0,dea246753ef4eb486432e75afccf2f607d263f34145c3cd9dac8847588c544cb
IMG0001935.jpg,val,0,hand+shoulder+mixed,0,3d2e860ecf292541c94d376e98a62333d20507243e095b2b3f856548d424ffe0
IMG0001940.jpg,val,0,hip,0,47da31050d52f32317b6807f9496b2a971b3491a1ab93e3ad970ba695255264b
IMG0001944.jpg,val,0,leg,0,ffb60e38269e4ca0ad65ce52a5bd715df87e1d03e453060d4f87f1b7260ecd73
IMG0001972.jpg,val,0,leg,0,37463ca66b5d345f4db2b408568cd60fd3bdd915aca8c7b4633f3ef3d8464672
IMG0001985.jpg,val,0,hand+shoulder+mixed,0,0826393c1d94d4092ed10b6f0337b28730bd566770ab72216564563ac1efcd31
IMG0001986.jpg,val,0,hand+shoulder+mixed,0,900c5a5d426efe8c204fb607e41491f1d4a2c01a377612e58dca27f9c8ca7957
IMG0001991.jpg,val,0,shoulder,0,904bfd2e567f52a287f3d7c0e982810d241f95d0fa1f9b9f08d173ccfd01db25
IMG0002008.jpg,val,0,leg,0,e927231cab5ca8b708c19e07499404ac4b502a0f7fb969219dd8c92150fadcb5
IMG0002013.jpg,val,0,hand,0,2d947433380f857bd463dce857e10c26fef1ff579878923be6af81e5b4db1ea7
IMG0002014.jpg,val,0,hand,0,df768ec69cb87a269e2f46752210887d86a41d7d96e5c1b3bc0495e50d16ea00
IMG0002018.jpg,val,0,leg,0,489268dc963934cf6d699a041dc2c28e5de89b910ce6532664aa78b502519240
IMG0002026.jpg,val,0,hip,0,610ee2561a802f2b48a1ad4f582b64121897fa3315586bab4469d8f752929755
IMG0002028.jpg,val,0,hip,0,248777e0a6f7dac74199c459188bf7feeffe9d4a84755d24d5c46da3e736e1b0
IMG0002040.jpg,val,0,leg,0,078a5269f99645402b9cdbf6c34f3a7ae4226e0d481cfe8489aae06326be9b57
IMG0002050.jpg,val,0,leg,0,acf6389e62e58d711a3ad4106a69a82f057e7f9c67426620648c2a74ba57b67c
IMG0002056.jpg,val,0,leg,0,615a928c4c10e2f34ddbbda0eae9dada58eb62c3049a5abefc1414dba5a88cc3
IMG0002058.jpg,val,0,leg,0,523b06df77f1450f6aa7c7743534ca0c95cc07daf95ac77ad94b9565f942b1d7
IMG0002082.jpg,val,0,leg,0,fdfc9a51df07b53f653dce94546b307f9fee0a75cbe7a6aa281a0fb8b1ab3ce3
IMG0002124.jpg,val,0,leg,0,9128d4c3064e893514c0ff1db0580aac3ff5c47e177921afa7126e20218e56c9
IMG0002139.jpg,val,0,leg,0,ec5c9baa34aa0e1a68d3322ac4c789c4eedeb43b6464e59a680fb77a1742066f
IMG0002141.jpg,val,0,leg,0,83a298e8e30297f1a364f976c8399ffb60cbb1bf1ca5e93005ac466d609f7534
IMG0002142.jpg,val,0,leg,0,38dd0e55a3eb8e9e5dd871693b3fef3c23477b079d2b56c8d1e186d1d3854c71
IMG0002144.jpg,val,0,leg,0,0c4863e15f63e09bccd9794b79d3be01ce41536aa1b3ad33e953cd03c404fbf5
IMG0002145.jpg,val,0,leg,0,b759e6ad18180d7d01f0fc7f5393a66f66fcf17c5b953147426a0821c84ba3f8
IMG0002171.jpg,val,0,leg,0,46a6a59f94af5554efebbd5e189bb4d678d7c1eae2f5070effac60f7344242b7
IMG0002178.jpg,val,0,hip,0,e8e60f417a7fa5b39630848e6e0c7b721af7a7b229ceb4e428efd921abbed2ea
IMG0002191.jpg,val,0,leg,0,7ab58bff55cb971e6c55b90755b141ddcb5c4c2c4bd5c85e4251f8448ddb968e
IMG0002194.jpg,val,0,hand,0,923136549cd4d399cbecf97edcfe3a27cb466abaa017c716b7011a71efcf4fbb
IMG0002201.jpg,val,0,leg,0,a85cc309ee57c86cca081ecaf0b59e41f7d18bd5617c0524eec694f050fd4c21
IMG0002206.jpg,val,0,leg,0,c155d42d73e280dce63ddf2303cb08cd2c216651f7f0a5f3521b8ec74ae0eb6b
IMG0002213.jpg,val,0,leg,0,0921cf63d47021332ff624777e089010bbaaa27e19cdd769be811c4005d41091
IMG0002218.jpg,val,0,hand,0,8952dad8204bf0ee7a84ef83962fd7014fb7fec283d07a32e87d323115ef4f4d
IMG0002237.jpg,val,0,hand+shoulder+mixed,0,359cd66dc0376a6bde2d8fc4da374e2ffb7564dadcfa68b6bfef2793543186fd
IMG0002250.jpg,val,0,leg,0,c31fdd4142f0e34af0a03e79e5591a8da59235d2ae88f25e1dccff7546cc4a0b
IMG0002258.jpg,val,0,leg,0,3e85dbf10c25841bae3c99d95eca28535f0752f0680e347ddca6ef5dd69ac839
IMG0002262.jpg,val,0,leg,0,0d4e79da00b3a86b9dc69d1b82e6e16ecbc003770a5c129b3f7d3a6f9108a542
IMG0002267.jpg,val,0,leg,0,61b2f449323aa463ce949809527ea249a7be7f5ea85b3283f08c07ec8f3df278
IMG0002271.jpg,val,0,leg,0,8c559e55f7972717c91a2a6d424564e1d2b1552d412845a64c5ce3c6950c5cdc
IMG0002275.jpg,val,0,leg,0,5c99cee4264fcfaf23a7765089c1bcae2438a03512d8aed9dc2fc8d0205f570a
IMG0002277.jpg,val,0,hand,0,d158c21376554ff61e59a519eecdfe3127dd63b906baa55ea84e396eec627789
IMG0002279.jpg,val,0,hand,0,416d82b7fa8b0f5fb9f553a03fadcfebf77785e1985f6f89cdd59cf6aafa026e
IMG0002280.jpg,val,0,leg,0,6eadc384a67a893e7d6c3b6bcc36ec89857ade31929c0e99625a41d21175f3f9
IMG0002624.jpg,val,0,leg,0,a5f0b88a89c1c882e5b8c7ba6633dcf9c1cfcfcf083b37fe28977484b672dde0
IMG0002630.jpg,val,0,leg,0,624473674fdf49f2e65d78ea81896971d169c320d8e721802a517ab079a479b0
IMG0002654.jpg,val,0,leg,0,b9f33d293dffb27eb5e2869ee5fdfc001d5b220352ae11624c6334094e807aa1
IMG0002657.jpg,val,0,leg,0,1eeae2782ac1cd5742a41d5a8147b74123af90f31ba0041142c3865f00c36903
IMG0002658.jpg,val,0,hand,0,113d6e9bb998d2f38ecf05d3b10a041be4efc378fa9535851f5db2b6b0b5ef62
IMG0002673.jpg,val,0,leg,0,d2074d55cc4ce0b2300d55448228cd907888c6246a8eef5e0e38c978ac76de46
IMG0002686.jpg,val,0,leg,0,b5d797a6a180d6bb5d7d7b8205476fa5500a1e798413cf9b2157e18057d91256
IMG0002687.jpg,val,0,leg,0,be8e362be2f2510bdba54c127d4d218f6c06effb4493e8f77f4438936fa59e7d
IMG0002715.jpg,val,0,hand+shoulder+mixed,0,701d9c8a01e5c326f11f926538dd2af9b97cbfdba1e0a7f17808472ff9c97d8b
IMG0002716.jpg,val,0,hand+hip+shoulder+mixed,0,77f43bcc8bccd56ca02fa785965cb6247e3a30c9f4841308cca94eec13cc116f
IMG0002718.jpg,val,0,leg,0,c63d34cf06ca8f62af943306abe0c95137d830495091ba12e38b3c3a4629eecb
IMG0002720.jpg,val,0,leg,0,d5adb60b784feb3095ad43be92703a615a5a56e731c32fc3c3e2132a0a4fe79f
IMG0002735.jpg,val,0,hand,0,bd0f7b4e6ffef2b98c9f7a7670d1d992be26c53d496f61da6d1b1a5dfba00281
IMG0002742.jpg,val,0,hand,0,e1b179b7552c5a64d561b85d7188cd3fe7f0935cff604e0a95f5ee8141c1ad23
IMG0002752.jpg,val,0,leg,0,69be982f32c19908dad42d2c6a8ad36f49bbbde230451fdfbb82a45005e0f630
IMG0002761.jpg,val,0,hand,0,03f2a0cd2d6617d1abba1fc4737065420810122e0713cb1906b91c458678f1c0
IMG0002770.jpg,val,0,leg,0,87c4d21d56e039458da24240699099530b60f4ec52d74caeba85366a76217be5
IMG0002783.jpg,val,0,leg,0,75a839a2447c54bfef6610d28a6e256c7881b64d19e55b234805f417f9febdc8
IMG0002803.jpg,val,0,leg,0,268c53a79c99ebdcd83b9e234f9de980b10afb1f150dd15e33da529bcd6ec9b8
IMG0002813.jpg,val,0,leg,0,a0df08efec0485fb9615168b4d9aa58a5d90329ba70c91a822164a416caafe6d
IMG0002826.jpg,val,0,leg,0,fbcea6be233bbd15032aec32874c42c07e796c82315ec656dd5068ef79e722a2
IMG0002839.jpg,val,0,leg,0,bb383c2b2cd4d626a7c2a1262a0a7f8fc3d3aa62cf071e8cb80f4b0041697098
IMG0002844.jpg,val,0,leg,0,14461b2b528471d3d9f1aefeb0ce1abeb224414993ce3966824238801dc52cf6
IMG0002850.jpg,val,0,leg,0,54f44cbabcd901aeb06c5dc30088c78b7c06ef2d39472a7ea389a00061e0df5f
IMG0002872.jpg,val,0,hip,0,46dd923b046431165985007d81203b10bddc4124cecb75aee5ba2cc25ba7e3a5
IMG0002882.jpg,val,0,hand,0,ab5e563d59e536a189c7ba98af956d51f02b1f0f58f339dcbe0a767292ce9b3d
IMG0002907.jpg,val,0,leg,0,cb3beeb493dfd59659828b191ffd2db69f02205e31ab0715f3cee1ee95542759
IMG0002918.jpg,val,0,hand,0,21ce712bfb456f18717fc6f2cb2c4b8a3e2e11770b7707557e6d51d9c09d8310
IMG0002920.jpg,val,0,leg,0,1a6e15c8099d60c01ac457336f10f41ed7d356e77a0c5a0d714f7d0e739472bb
IMG0002927.jpg,val,0,leg,0,5de61ac297bd78abc259664b2deb4c0b8b9c833afd5548797f273b23127c3722
IMG0002952.jpg,val,0,hand,0,27ead93bfdbe6f625cd8520ba1f9fcd510e7d694151e829bf80a2cd8edf6968b
IMG0002953.jpg,val,0,leg,0,3cdb45b9351aaf5756d43ef61f08bfbe2a6115285a5f0738b00b12a8d325a2b1
IMG0002955.jpg,val,0,hand,0,c055b6daca2e1d10c2eece9d8165e081af4c30e233650f2e93e60a85b4bd9999
IMG0002982.jpg,val,0,shoulder,0,409cbdc99ead892edeff4138d4bb4606a5ad4c4eee6795738d11523e45696275
IMG0002986.jpg,val,0,leg,0,d4a40ae5062ef7e56bf8ba55e45bf079a085e092b0aa8abc05c1ae6fbb7d3f14
IMG0002994.jpg,val,0,hand,0,4cd24b64ec105955b10aefc93d26f8f925accada616705b443fe97f1ed1eb759
IMG0002995.jpg,val,0,leg,0,a790b7d4847f72db195df42cd95e015b48345ca239687c7a6937e7f0d1abc81f
IMG0002996.jpg,val,0,leg,0,574e05bfdd66c2b3ba94ff2d09cfdd249bed956e92f236b91754f3d11901e87e
IMG0003011.jpg,val,0,hand,0,c300dd9d4154abf499238995c1061c18e5679ac3c37a0d2aa383e83276e79a00
IMG0003014.jpg,val,0,leg,0,7c045197756b70a3bfc017650f4277d93f666d25360bdbd4ff6e368711bddaae
IMG0003019.jpg,val,0,leg,0,be1448ffaa4e34ff295726a70c7bda81dbad0de7e26633809ce7a82b8c5e7ecb
IMG0003024.jpg,val,0,leg,0,7b2bc3e534d15d7603433f7c180999146b2c7ce65f8cb17ff8f51772c9e76d96
IMG0003031.jpg,val,0,shoulder,0,0df8ccbff20b07bddc7c883c90647c0220a8ddd47804fb86095ed6049c53852f
IMG0003043.jpg,val,0,leg,0,ec7d3855445014c10f0ab8238b26f87a010014b5e2e129a4e84e7c9fa6ac8253
IMG0003057.jpg,val,0,leg,0,893d87ddb4ad8ecf64bae50aed0f9d53d02b941bf1bf62eb7700c3f22d74502e
IMG0003071.jpg,val,0,hand,0,77dcc1b7afbaa3b39e00176c102503f931d519649580d71c7a582debea4fd48b
IMG0003078.jpg,val,0,leg,0,750334b65ff68f13c3dd5e52a8bfe3bb9010c656d2d8cec79824ba785ceeb773
IMG0003081.jpg,val,0,hand,0,562f1d5ecf08c5a75039795a867237eda08c3195a4ed8912811e269cd0a1271b
IMG0003083.jpg,val,0,leg,0,782bb5317748887692177367558c4cba71b19c2c15cb3385d87df9e14c6a7b0d
IMG0003092.jpg,val,0,leg,0,41caeff2c00add6695ce4744247153d592e49cf74c6a9548f8fe62ad49cca21c
IMG0003110.jpg,val,0,hand,0,dc5b6f8aeef26a669872e10b74e2b1bec2ad147ae1a93b3c980ceba936d7c4c6
IMG0003113.jpg,val,0,hand,0,90f5b9f2a844da5ca6c8f564823612cdafe236174696c6e6e9b0dc2266feda9b
IMG0003116.jpg,val,0,hand,0,28d4067643ae8966a466d56c7a21ad9bd34229e79da119ba932db18e8bf05137
IMG0003117.jpg,val,0,hand,0,eac0271783a3c9ef4343db54274711c6f372c92f3c568d16f3325762ab4bd709
IMG0003142.jpg,val,0,leg,0,79cdf79b34c3fe993d44bbaf9abbca675df4237668c931e5cc7beb15f360e0d6
IMG0003153.jpg,val,0,leg,0,a91842bd17a8937265d9222a11e2b9838d32dc692c61714bc72cf4d6304620c3
IMG0003177.jpg,val,0,leg,0,4abd92db19e8727afaa82a03f6e9e3858f3b55295a9f68dcf897f8276c2c8930
IMG0003180.jpg,val,0,leg,0,46299196c93dc2fafa75f1f9ae794de96791a9be7f2c75cd9bb3b16c7fcce9ef
IMG0003192.jpg,val,0,hand,0,0307ff0af0abdcf418425d4652cbd6ab3d235b99b0d68f79816da945945f41aa
IMG0003195.jpg,val,0,hand,0,88410fd6ce8f22a909775e600039d966c6db6cd77415c99fa3bafd9363a606cf
IMG0003202.jpg,val,0,leg,0,87a1e96522b3e3f8d9797f7aaa30bdc591c47059da3223b85fbec9ae33049f7b
IMG0003215.jpg,val,0,hand,0,95d56f513f43c71e0e30656fdb33e86aa4e168fc2fd5613b9ae15c6f02b2006a
IMG0003225.jpg,val,0,hand,0,c348962ed8fc1d37a272707fceb0521063b1bcfdf6f185346e2971d2600fdfe1
IMG0003236.jpg,val,0,shoulder,0,ed05de030bf54171b9a8bee73baf91fc56294866c70b9a8f3ee858e15cdbb915
IMG0003241.jpg,val,0,leg,0,f05cc2e99377219536e3098f83b1da3c968b966212ea6e451d565501a70f765f
IMG0003258.jpg,val,0,hand,0,24b9f1b67b8458a9153cc1d1bc7819a83ab0f2328f11b32a4f1d21cfca7ac522
IMG0003261.jpg,val,0,leg,0,d7336ce27e08e978d3d534e7ee94b17348e1e6c745c1cf53eb2c40c010eaf5a0
IMG0003263.jpg,val,0,leg,0,6144badc2f67e2cc6739261373d151c60c0ffdca4cbe35a4eb8730b05aa9c221
IMG0003268.jpg,val,0,leg,0,c16af7a92f29084d0c7a9a3804273a4735c818a4effb5421e0a35621f5ecae9d
IMG0003275.jpg,val,0,leg,0,6fe49bf3ac1c14099ca7c2df009781b203b5e0a63b4a5b72588b01438b84dcc0
IMG0003276.jpg,val,0,leg,0,c0f0f6d8cb9591e23de44fa32d48b9201da6e5f941e07a131545d929929ff8fa
IMG0003285.jpg,val,0,leg,0,2c4f4243850ad97ac2e96225ac65ef311752f7a2a48583e70b99e3fbb402270a
IMG0003286.jpg,val,0,leg,0,e694f4b44b1265e21357e755ed4004321b13fe390a777385e8e4261522884423
IMG0003289.jpg,val,0,leg,0,446c3b7db4bffa6ac37928f502d9bb0cbd21d9e0859a53be706b26fa11579fa1
IMG0003292.jpg,val,0,hand,0,43914c6e32cbfb1694a8a6a4ac9eaa1d9fd0927b8e183098d334e23bb93bc6bb
IMG0003307.jpg,val,0,hand+shoulder+mixed,0,04b87edab03f20d5d050c8f679a38ce2f9316d1b43d2ef81c888233550769b9a
IMG0003320.jpg,val,0,hand+shoulder+mixed,0,cb47ebf2e34709431e0346aed927b67ba8be5df547d7a0dbfed8a22ab6c1799d
IMG0003324.jpg,val,0,hand+shoulder+mixed,0,b075f1aa850fba8a09ff5d93a91aba161a4fcb93f08ff54525992ae8fa0b9d08
IMG0003361.jpg,val,0,leg,0,b418f89c5d9c1c3098fda9943e87392d997002696772414ad9b21694b55bad61
IMG0003362.jpg,val,0,leg+hip+mixed,0,60a06b998589378c99e300481f5d1775796d4aed214e6b230a74f869ead0c777
IMG0003363.jpg,val,0,leg+hip+mixed,0,e007d39bec47107d5d4f5b9d469f47f724466d6f520f3065419c2120b16f96a2
IMG0003386.jpg,val,0,leg,0,a2d2e5047f279fde14243c91860be4f62076ab65004a357726807b002803065c
IMG0003408.jpg,val,0,leg,0,9a440844ab7bdcc96e6cd834a8f979a8e8a4992cc5aac060d9eb2ce0a36295af
IMG0003413.jpg,val,0,hand,0,bfa53fa1ae9b2e85356491a50bdde7e6cfcbfd810c09f94587933ea4fbcc063a
IMG0003430.jpg,val,0,leg,0,0d9361412e6b3387c2e4dc851fad07e799b5207140978401199b53e141233b59
IMG0003442.jpg,val,0,leg,0,c2ca6b9e9615cba5dd647442831f755d30af6a43bf594314ea89a49550210abc
IMG0003444.jpg,val,0,hand+shoulder+mixed,0,9d0bdda91753c3df9fc97e5f71203ef7a42493126b9bcec5110d7b83c2b5def6
IMG0003446.jpg,val,0,leg+hip+mixed,0,e25d3532e909a4d7c0412983635ee43b090854db86d70b9f66fba0a2a83b2b07
IMG0003454.jpg,val,0,hand+shoulder+mixed,0,8bbcd2f79c5a3b78d5922dae028885fa621353beffeff198e14a7aff0fac4ee1
IMG0003475.jpg,val,0,hand,0,1cc55275ccf4a4d7a0b46b120678f3110b9754347f6fd4513599486876f8e99f
IMG0003491.jpg,val,0,leg,0,189eba8150506176e1ff563a82b5571f76342302bf9265e41a7e0dd18ba5aa01
IMG0003494.jpg,val,0,leg,0,220f93fd406978059cf6ed6054dfdaec205878c1742e8a6591bb80cd85229d71
IMG0003495.jpg,val,0,hand,0,d0c05f6f2a7bc084d602d73998ad351a623b1f594d2a2bd50b720d108198926f
IMG0003497.jpg,val,0,hand+shoulder+mixed,0,e84bfff0976266c3f8a7e1e6e383d8fb0116c1fced99d57a8e02f17e69f0cd4b
IMG0003503.jpg,val,0,hand,0,6ecfac63c7c8270adbb4f362eddd5c1d826a2e030c2e4c578ecc0412381de139
IMG0003513.jpg,val,0,leg,0,c54a828c2b98bebb95397eb33e4cc9b33424f613beed4aa78eadd81cebab25ca
IMG0003547.jpg,val,0,leg+hip+mixed,0,b3e8c8dadbd863bf212e1726b5da3b921f58606414e68256fc5e49b093796726
IMG0003552.jpg,val,0,hand,0,7db7c64c332a639b2b7bed7b42825af0fc93fec277e752342386918cfde42042
IMG0003553.jpg,val,0,hand,0,d0729a0331b4436eb3ce76c560622aa075aa2421584780941e21a5ebd7eeaa8a
IMG0003556.jpg,val,0,hand+shoulder+mixed,0,3454ca099021d96c2d7d3dc3019651ffb38c42c7a618f25a72eb222cf24f9947
IMG0003561.jpg,val,0,hand,0,8744774f352c65a00d9d1b78f3aead172df085bb043397177b36ebd2cd805bf0
IMG0003567.jpg,val,0,leg,0,79ba7d7286bd41cf32e9cb5fd006290085ce3cf0957cbb020a97afefa090bb45
IMG0003570.jpg,val,0,hand+shoulder+mixed,0,abfa89dc3b07db109f6817aa25d8c4965db06d8194693c1fee0330192b9038eb
IMG0003574.jpg,val,0,leg,0,825d2c05a6942d07171cda4d87b5543b3c7e1b811fd702211272c744929a57c1
IMG0003579.jpg,val,0,hand,0,1e4f3d5157942270946b5eeb52599cc0e655d38f81ab7c2a64750bc7c89157b4
IMG0003584.jpg,val,0,leg,0,791587917022ecd35e65fa0fff714dea82378dd97bbfebcb57d5c154adb9af86
IMG0003602.jpg,val,0,leg,0,143e5b6a837291a632095a77e4b4d662eab573af368f291b329059b2e7938bf3
IMG0003611.jpg,val,0,hand,0,cc562af07098152d3d8a8548a4ba3da35c435ed6509721c62d86d7e85af9b760
IMG0003622.jpg,val,0,leg,0,e419ec6b44a7becb2f0bb3f42d470f8fcb1aafe4b75ffa119f76b435d4fee4a7
IMG0003636.jpg,val,0,leg,0,6c3da94b39cda0aeda442515c94d3ea409c7dc167a07690d35e88533582b298f
IMG0003668.jpg,val,0,hand,0,f2f985bacbef070f4d81fca07acf8e4af664a1b0bc5ce42f8aefe950e7509286
IMG0003682.jpg,val,0,leg,0,987a2f0d003c27769bc13fa4bb9cda93cb994e01d3fd7d9d8d6bcbd53f7e7b61
IMG0003695.jpg,val,0,leg,0,031d5f76c3fe762aa50eeb00d81a9c7467d216d93390b9d56392c532ab5b36cd
IMG0003721.jpg,val,0,leg,0,aee4a330c0057d700b112c0420a98b9463422a54e7be45ffeba0fb73b881436a
IMG0003733.jpg,val,1,hand,1,1312e5e5268f2c84db3cbb760251423c23037d9a9837f0c938b85fc6bdc46832
IMG0003734.jpg,val,1,hand,1,8b435b889e2bac8edaa7e88ede2d1bfaa0aa94414ef7cce5a545fe76e7dc0bcd
IMG0003746.jpg,val,0,leg,0,e5d8de989e1c67c2b25c43d956b589b7db3a926ff9d7c040a97ca8f9d58010e5
IMG0003754.jpg,val,0,hand+shoulder+mixed,0,e3d6934e7c70f40180d345c299efef0ff1cf3fede2c7bf01adc7cd0eb493d9d3
IMG0003766.jpg,val,1,leg+hip+mixed,1,73d8963d76b85c73afa9712a2285c6ec35b482bd918fcb0adab6296c3bc05165
IMG0003767.jpg,val,1,leg+hip+mixed,2,9548cff1478831f73c1229acb0e6408ddc791a20ebe0f3b6ff009bb8165339bd
IMG0003770.jpg,val,1,hand,1,37e4013079e6333514ad6422d2b5d964349074e25a91e3d2a67ab74b3b1e304a
IMG0003771.jpg,val,1,hand,1,14cca534ef2c1ab90f5115185aaf856bbad10afffc91b3cbb9c42f78df81fd1b
IMG0003774.jpg,val,1,hand+shoulder+mixed,1,85789338c33bf88ac4a6e9b0c652b3ab6056dc837bba33cdb5f2eba8714b669f
IMG0003776.jpg,val,0,leg,0,cb93ae7250e4b9bf782db3bdbb0d97a6db6bfdaa1ecc7d5b843d111242e0afa3
IMG0003778.jpg,val,0,leg,0,a634b00deb4b8e90a8f3bff2c552a1edf4f8b6e44515a75300edd36e477e4005
IMG0003785.jpg,val,1,hand,2,dcd16524f901f0f2d2fa277d0488eabf08b1bb0d232631be5749e709f3f68edc
IMG0003786.jpg,val,1,hand,1,7f0365f1177931ae36ec503461ce88f9820db469b6be7ca2ef8819f54fb82f0d
IMG0003793.jpg,val,0,hand,0,0adcefde169a4bed8274d0f9f6f597525430cc56dd80bde09775907e4013d681
IMG0003797.jpg,val,1,leg,1,a056c617d85df43f3a1ba1914cd20e52520e1bb26355d63247f653f2475dd5f6
IMG0003798.jpg,val,1,leg,1,df2a93e5de3ac602414665910642a464be1910161fb432931a76be64f4fedae5
IMG0003803.jpg,val,1,leg,1,5b88c66d65e6d4c00d90aa3b138b8a887c50aa405fed978dcb30994b3469e90b
IMG0003810.jpg,val,1,hand,1,467e9270980fe6dcf925dbdfc554bfe27e0506a439be701b343055247d35281b
IMG0003812.jpg,val,1,hand,1,6258de3fe254678ac3ba1600b991ed9ff451fc35ffee33726c43a8a73e8c3e75
IMG0003813.jpg,val,1,hand,1,964990a30c2490bf2a038e1673ca7f817614758f60d9a9413f135798f752aa0a
IMG0003819.jpg,val,1,hand+leg+mixed,1,6e08b825a8470ff3375ea1dd2365d98cd086b31083593eb8b1ed6c54f34feb97
IMG0003820.jpg,val,1,leg+hip+mixed,1,eb2d1b0e7d9e3b6e11a9d03190d7c437e0a5148625defc385936fd09244735dc
IMG0003821.jpg,val,1,leg+hip+mixed,1,730100c472b4f42788c12c1a7447a8d076c18903b851b4ff7684dab96777a8e8
IMG0003823.jpg,val,0,leg,0,541f8af012345cda9d18015cfe34bda4b2462538de6419821741caf1dfe52acd
IMG0003831.jpg,val,0,leg,0,9c6fd48b12b1265ee1f60a201da59e6ec34c08753df0add9874140342fd6b5f5
IMG0003834.jpg,val,0,leg,0,f5fd03e321f97e31ec1b52ab5d9f543509d0cc7c4288f8711e82bcb81e0ed301
IMG0003843.jpg,val,1,leg,1,0c81f30e87a0c40d6731c9955771f91c9877934e7b116e4372a20ed44155e7e8
IMG0003844.jpg,val,1,leg,1,975abab1fc2b6605a2b1005e94504b9ce271f2f93e5e57c0ccbbd2cf506b1db0
IMG0003846.jpg,val,0,hand,0,9ed18c1fee3523c75214aa2f70013a73efa28cdb554fa3dca73264aec04ff0bc
IMG0003847.jpg,val,1,leg,1,d2be00039bde97c731ce5a5ea9191ffd458d1c88acd67ecc6d56ec61bcff3138
IMG0003848.jpg,val,1,leg,1,343f17a9177cfba3451c73979c8f332c7092ec1bce2b890ea93c1bf19b7faa5a
IMG0003851.jpg,val,1,leg,1,f077382810ce40daef6add9662ba63cea264cd1513d0675bb407d621b650caf3
IMG0003852.jpg,val,1,leg,1,3d4eb6d0c99381b8d83b52c7b93c42da7fad0cc44367fa10ca0356525af1f8ca
IMG0003855.jpg,val,0,leg,0,90699cd4e9f1897f46f9d2b2eeddaadfe13dbc7681aa91e9f1cdbe9688b6dad9
IMG0003870.jpg,val,1,hand,1,866fdb1f01a448f410f6a1570d9ef0f8eab528b9d9b529108bcda739db4ccf6b
IMG0003871.jpg,val,1,hand,1,ef90bb1c8853b4544f6d7caf81b00c4ee945d55a8a85811054fcd82570ccf01a
IMG0003881.jpg,val,0,hand,0,a9e5f5c546787a658a7cec79dd5d4a458fd9fce09433fd25274a52064d92a37b
IMG0003892.jpg,val,1,leg+hip+mixed,1,380e27f393da383cb866edeed954abb6bf0f7cde4150f4ebdb1593be8db13325
IMG0003893.jpg,val,1,leg+hip+mixed,1,7a2e907e5bbaa20dc13a6c936ebdfae76033ac71de4aee7c12ddd6367e6491eb
IMG0003900.jpg,val,0,shoulder,0,2947d9fe405e751da37cddc07a78afa7710b9832ae53e65df140a187640179ee
IMG0003905.jpg,val,1,hand,2,8064fc0d4bba32f9e07f53adf9eb02895a3d88a91ad3c9f2f602d61d1eae0dce
IMG0003906.jpg,val,1,hand,2,19ac11520e90bab6b4769737fa6486665fca55a8b31f1b90683dbdefefa12662
IMG0003919.jpg,val,0,hand,0,bf4a225e45fc39fb1ecaaee76d469319a3beeb1c0a0434e77f7179708aa8ed4e
IMG0003924.jpg,val,1,leg,1,e35a81588021cea7a2c8598edf96e44f6ee3a4a3c62d31626be7bfd9ecac1c57
IMG0003925.jpg,val,1,leg,1,92eb2c914aea6cec367dce895d3e0d30f848a9734daf0387e214edf0ee893825
IMG0003926.jpg,val,1,hand,1,e3a52b4217e5e0fa3b50999682fe9b892b05bbf96dc0f18b2c2d1915bde8941f
IMG0003927.jpg,val,1,hand,1,128048bafac8cda3a41cbc8e11b245b7155423c12bd4264c08025d7da0f2285a
IMG0003930.jpg,val,0,hand,0,c8ab0dd4c7c48cf93d7c707b2c90d5d97088ab10eacb31a439515cc7f9e7fe20
IMG0003931.jpg,val,0,hand,0,b3f2eeeb685dd02f4bcb743606bb6c17a0cfc0f9f11c3d2175eb6e183d23e5d4
IMG0003932.jpg,val,1,leg,1,23167181c9225b7320285b2526c9ef5b406362c12f4815ddd277f4cd117b5b69
IMG0003940.jpg,val,0,leg,0,af1a028c2bfa59ccb0bcd6b25fd55edf0d6af317c15058849f9882fa5c716b3e
IMG0003942.jpg,val,1,hand,1,4111f345ae040902831131a7157cb88f0378dcfd0a24f3a5bec000e481dde1c9
IMG0003943.jpg,val,1,hand,1,0e04ab5b62c7f33f00ef39a033eae23c7ec272946395d558c2f7661c823c0516
IMG0003946.jpg,val,0,leg,0,4aa6e2dfb3ba8907bf43e975906b8e781f595c990335c1beca0ee989c0512178
IMG0003947.jpg,val,0,leg,0,539cbf5ae58fb97f34077100335d4ab6feeb71c82ab669d4ae6109c9b45a08cb
IMG0003951.jpg,val,0,hand,0,02047713b9ac310347c2fb2d8f0c06ba0575a8a0ddbaf0a119c36b3cb0205264
IMG0003952.jpg,val,1,hand,1,74aa8aaa76d5cc6b57106d7868ecac3a786090cc1b11a5efb48b89b7d21a8c1a
IMG0003953.jpg,val,1,hand,1,833f906d48a4425b84170685a2ef7dfea7e5c8cb351a3d8baf826fc3a5e33539
IMG0003954.jpg,val,1,leg,1,db2aeed2ba0b795e7f8251c9b45e376782e8b7b542fad41c5e5fdcb47267a09f
IMG0003955.jpg,val,1,leg,1,faea8ce00ac3139d263fe41070510761d3185d09eab4690d681917d542c1fa84
IMG0004004.jpg,val,0,hand,0,659042aa7ef565bb49c60ddb5d17dd0c5d81f7dc60d49d1959f97766792a4462
IMG0004007.jpg,val,1,leg,1,1f163b52a51b2f661703bb89b706410fe32c12d290027ea2b25e6a9ccd023e60
IMG0004008.jpg,val,1,leg,1,391b442f2b81aed8fe60ef179dc524c2f2979dc2eeb49e8ce32d66cff24a93e1
IMG0004009.jpg,val,1,hand,2,868b5f33d9ef6cfbb389b5fcbdf4743ef1c42054d94a2ba1b2666e04c4204d48
IMG0004010.jpg,val,1,hand,2,167c774eb644a0d785717e18d9f1e051d4bce6c018583455a9d534df7d21ab63
IMG0004028.jpg,val,0,leg,0,4c271811178f7794aa69829c5f81002249671b7890304eb44829b6f7f83b8954
IMG0004042.jpg,val,1,hand,1,53c8bc1b8d7b9e13e590a92f14db92050b4c3873edbf49a65bcb48d5a29f4c2e
IMG0004043.jpg,val,1,hand,2,d57e528e30d1a1cb281586dbe528f727a32bcb4547bfc9b93324e330cecb65b9
IMG0004044.jpg,val,1,hand,1,c9b3cf230bec59bb7777fcb0b149d74316709b19670fcc1a377b312c1b63c16c
IMG0004045.jpg,val,1,hand,1,79524f4569c52f65efa6c49f6990ec1813e2cda66815d710f2ee789b564795e9
IMG0004060.jpg,val,0,hand,0,820b8b2b90810a7eef83b395fd0a9d1317db4079201e2388ed7dc5d2218abec1
IMG0004061.jpg,val,1,hand,1,e43e405593fc2308ce50a3fb4fedda4031e78afa77638e7d7078dba249c7ef35
IMG0004062.jpg,val,0,leg,0,11f4a0522c8ac5f6d82bd5f355511c5350e012d46ad4ba7abf3635f000d0eafe
IMG0004067.jpg,val,1,hand,1,cdd8f52e558bc1b16392fa015223506f0808723d0dccf11e424b5ce3dc4e742f
IMG0004068.jpg,val,1,hand,1,2135e2d05622e33b7506c850ea80178270d8cd2b4dc4a9d956db5f952b83a032
IMG0004071.jpg,val,1,hand,1,05c83058544e863fcf5ee0b4ffaa2f25590d0e729c2127daf77d84e9723b78d6
IMG0004072.jpg,val,1,hand,2,e15917d1cfc422cfbb00976565ef448d864a05510b32c3182a6f9a1632254d9a
IMG0004076.jpg,val,0,leg,0,d992356a7344c99a3ed64aa01546f392a0fc8f3450f2d49d3522be305d1feb71
IMG0004081.jpg,val,0,hand,0,5051a5d8e1e66c5bf861fac5cef5f4ea9ddc80dd56b3a77845fc444ea83d2b79
IMG0004112.jpg,val,0,leg,0,02bbdec4118c18ee38c010801e793130a2c254bacf1dc31c1a74158118b47421
IMG0004113.jpg,val,1,leg+hip+mixed,1,6d8d4175e455784e663becf072f4c9249e7f77c6ecc4a72bfe09416496b0e7ee
IMG0004114.jpg,val,1,leg+hip+mixed,1,e9aec2fbb71a4c2e57c07dfd254ef060dd246c85a96b2ec0807444394e3bf51b
IMG0004116.jpg,val,1,hand,1,ff9287a608fc3748343986d7f6f9c8cc903c8bc56681cb4db13ed8298c8daa65
IMG0004117.jpg,val,1,hand,1,c0f77932053c187b514a1a89ab8f4401ebaef233e5945a9313e839485c6cd99c
IMG0004118.jpg,val,0,hand,0,01704fd13b62da28616480f7ce2f77391af6a56b76b8fbb37026b3bdb6ba73e3
IMG0004122.jpg,val,0,hand,0,701bd1db983e992e0894c5c2d785722432aaa2078a7a6a5423c864abdbc18885
IMG0004150.jpg,val,1,leg,1,c6b60033c88b83e1e9bead4b0abf4431f8154bea07f9e6d11a3a5421d61e1720
IMG0004151.jpg,val,1,leg,2,3251fb76e61b426d091658cc8a6f24b76ce18e28b15764733596b62b95b96ef4
IMG0004187.jpg,val,1,hand,1,8b6bcf2960995215bc5ff0302debe562c22040b2fc50b7ce97a90c91478a3bf2
IMG0004206.jpg,val,1,hand,1,45c3124649147de280bf0a99fb69eb792cc5a48cb54f5c6e34ca9ac8305d11ec
IMG0004207.jpg,val,1,hand,1,5e3c43231f3461bd096fae8386e98eded704e1f21f9fd9366d92fb559d4db104
IMG0004208.jpg,val,1,leg,1,e1883830fc0cdb31fdd3c04f7c79688c3214c23df92452a4d8456a5db3b0aefa
IMG0004209.jpg,val,1,leg,1,c7fbefa011c7cc717bfcebf3a5d9da957c6fd200a98d4ee7f4f45d628cc9ed97
IMG0004217.jpg,val,1,hand,1,a1f710578510b4bbe8aa7048b7947811775d8370976bf234755281d523dda037
IMG0004223.jpg,val,0,hand,0,78ccfd5e51960476b95bf4067dcd8aaf70b4227dd8cee7dce7674e685db08856
IMG0004232.jpg,val,1,hand,1,9f014317f284c0163229f5cf9503b0c9d333dbfd182ef3f4c2548da21cac2c1b
IMG0004233.jpg,val,1,hand,1,44c82dea6417f4bdcc9a025e1e734a2d3b0b1b180dbb0582d4830324b858a075
IMG0004256.jpg,val,0,hand,0,443f95a0399cc6013bfa08a95f38deb86c5cb4b0e6733443b6ed817841266ade
IMG0004258.jpg,val,0,leg,0,9ba557574d35fc14e54f56d97aca78d3d4a36b4f23d289215dcc87a8559579ec
IMG0004262.jpg,val,1,hand,1,8394fa3a958fd49ccdd5b26a2ef10ac914558d2f98247254c2d4e38bf8e07bcb
IMG0004266.jpg,val,1,leg,1,566d23ad140eb2796ba92d9674dd57c907c2da7ba51976f5a0c59d2e99549037
IMG0004267.jpg,val,1,leg,1,3fdd6c75a39b4f716ffc195a50f93c23066185a41349e07f0aaf49ddbe7c3cb0
IMG0004291.jpg,val,0,hand,0,967dfd186b633be7b76f2fcfd71f3fd5218da94150174e78c2d56fee3b54b5c7
IMG0004302.jpg,val,0,hand,0,254b35361a16ed6d0a72d224773610410d647abef5a30724fc08a75d21864ce1
IMG0004320.jpg,val,1,leg,1,0459c696625e578cfd99d87166cdff99b76b7b7ca51940e9aefb38d58648024e
IMG0004333.jpg,val,1,leg+hip+mixed,1,9d465fc655d408c14902174417f50f896341ae8f973ff4cb2caf028b6ec97b59
IMG0004334.jpg,val,1,leg+hip+mixed,1,24a7d8a841ef76388c82d18c0492e731eff7e38fe68fb07c52aecb058f428a1a
IMG0004337.jpg,val,1,hand+shoulder+mixed,1,47a05d6498923c7b15cfabf63f132c2b75a3c6bea6f154002e1300e94f952f59
IMG0004349.jpg,val,1,hand+shoulder+mixed,1,1408423fc1a4c65831f9099f5ad4bf60fdd8336e484e0d1204a153f8efc9d5e5
IMG0004356.jpg,val,1,hand,1,2f8bc4c655044b7f9ad442ac9c581b6c710b0536fd969f4d95c06bfd20ca1ff8
IMG0004369.jpg,val,1,hand+shoulder+mixed,1,8976abd0e6879d222fd49fce2f146a196675fc9eb8a32fd8b75819db362a0e9a
IMG0004370.jpg,val,1,hand+shoulder+mixed,1,40289b3bc1c6a9ed89a61d7039d76d0ce9ecd11a2b56244cc783e04ce5265d18
IMG0004374.jpg,val,1,hand,1,dda89b5a7021024021135496d8e8d8172b1f22d67c678ebd429921bc467d8429
IMG0004375.jpg,val,1,hand,1,3c58ef9ee8e423a98d2e03d51e29a05c6b30251cd1775fd10b0d5cf4c0525583
IMG0004376.jpg,val,1,hand,1,8df3cdc5dcc25ae1349b9e18aa404243c7371f6e8ff907bcd6f9166fa0fa17df
